Time,GPA_I,GPA_VDop,GPA_HAcc,GPA_VAcc,GPA_SAcc,GPA_YAcc,GPA_VV,GPA_SMS,GPA_Delta
 119789565, 0, 2, 0.3, 0.3, 0.04, 0, 1, 119767, 200
 119989485, 0, 2, 0.3, 0.3, 0.04, 0, 1, 119967, 200
 120189405, 0, 2, 0.3, 0.3, 0.04, 0, 1, 120167, 200
 120389325, 0, 2, 0.3, 0.3, 0.04, 0, 1, 120367, 200
 120589245, 0, 2, 0.3, 0.3, 0.04, 0, 1, 120567, 200
 120789165, 0, 2, 0.3, 0.3, 0.04, 0, 1, 120767, 200
 120989085, 0, 2, 0.3, 0.3, 0.04, 0, 1, 120967, 200
 121189005, 0, 2, 0.3, 0.3, 0.04, 0, 1, 121167, 200
 121388925, 0, 2, 0.3, 0.3, 0.04, 0, 1, 121367, 200
 121588845, 0, 2, 0.3, 0.3, 0.04, 0, 1, 121567, 200
 121788765, 0, 2, 0.3, 0.3, 0.04, 0, 1, 121767, 200
 121989518, 0, 2, 0.3, 0.3, 0.04, 0, 1, 121967, 200
 122189438, 0, 2, 0.3, 0.3, 0.04, 0, 1, 122167, 200
 122389358, 0, 2, 0.3, 0.3, 0.04, 0, 1, 122367, 200
 122589278, 0, 2, 0.3, 0.3, 0.04, 0, 1, 122567, 200
 122789198, 0, 2, 0.3, 0.3, 0.04, 0, 1, 122767, 200
 122989118, 0, 2, 0.3, 0.3, 0.04, 0, 1, 122967, 200
 123189038, 0, 2, 0.3, 0.3, 0.04, 0, 1, 123167, 200
 123388958, 0, 2, 0.3, 0.3, 0.04, 0, 1, 123367, 200
 123588878, 0, 2, 0.3, 0.3, 0.04, 0, 1, 123567, 200
 123788798, 0, 2, 0.3, 0.3, 0.04, 0, 1, 123767, 200
 123989551, 0, 2, 0.3, 0.3, 0.04, 0, 1, 123967, 200
 124189471, 0, 2, 0.3, 0.3, 0.04, 0, 1, 124167, 200
 124389391, 0, 2, 0.3, 0.3, 0.04, 0, 1, 124367, 200
 124589311, 0, 2, 0.3, 0.3, 0.04, 0, 1, 124567, 200
 124789231, 0, 2, 0.3, 0.3, 0.04, 0, 1, 124767, 200
 124989151, 0, 2, 0.3, 0.3, 0.04, 0, 1, 124967, 200
 125189071, 0, 2, 0.3, 0.3, 0.04, 0, 1, 125167, 200
 125388991, 0, 2, 0.3, 0.3, 0.04, 0, 1, 125367, 200
 125588911, 0, 2, 0.3, 0.3, 0.04, 0, 1, 125567, 200
 125788831, 0, 2, 0.3, 0.3, 0.04, 0, 1, 125767, 200
 125988751, 0, 2, 0.3, 0.3, 0.04, 0, 1, 125967, 200
 126189504, 0, 2, 0.3, 0.3, 0.04, 0, 1, 126167, 200
 126389424, 0, 2, 0.3, 0.3, 0.04, 0, 1, 126367, 200
 126589344, 0, 2, 0.3, 0.3, 0.04, 0, 1, 126567, 200
 126789264, 0, 2, 0.3, 0.3, 0.04, 0, 1, 126767, 200
 126989184, 0, 2, 0.3, 0.3, 0.04, 0, 1, 126967, 200
 127189104, 0, 2, 0.3, 0.3, 0.04, 0, 1, 127167, 200
 127389024, 0, 2, 0.3, 0.3, 0.04, 0, 1, 127367, 200
 127588944, 0, 2, 0.3, 0.3, 0.04, 0, 1, 127567, 200
 127788864, 0, 2, 0.3, 0.3, 0.04, 0, 1, 127767, 200
 127988784, 0, 2, 0.3, 0.3, 0.04, 0, 1, 127967, 200
 128189537, 0, 2, 0.3, 0.3, 0.04, 0, 1, 128167, 200
 128389457, 0, 2, 0.3, 0.3, 0.04, 0, 1, 128367, 200
 128589377, 0, 2, 0.3, 0.3, 0.04, 0, 1, 128567, 200
 128789297, 0, 2, 0.3, 0.3, 0.04, 0, 1, 128767, 200
 128989217, 0, 2, 0.3, 0.3, 0.04, 0, 1, 128967, 200
 129189137, 0, 2, 0.3, 0.3, 0.04, 0, 1, 129167, 200
 129389057, 0, 2, 0.3, 0.3, 0.04, 0, 1, 129367, 200
 129588977, 0, 2, 0.3, 0.3, 0.04, 0, 1, 129567, 200
 129788897, 0, 2, 0.3, 0.3, 0.04, 0, 1, 129767, 200
 129988817, 0, 2, 0.3, 0.3, 0.04, 0, 1, 129967, 200
 130188737, 0, 2, 0.3, 0.3, 0.04, 0, 1, 130167, 200
 130389490, 0, 2, 0.3, 0.3, 0.04, 0, 1, 130367, 200
 130589410, 0, 2, 0.3, 0.3, 0.04, 0, 1, 130567, 200
 130789330, 0, 2, 0.3, 0.3, 0.04, 0, 1, 130767, 200
 130989250, 0, 2, 0.3, 0.3, 0.04, 0, 1, 130967, 200
 131189170, 0, 2, 0.3, 0.3, 0.04, 0, 1, 131167, 200
 131389090, 0, 2, 0.3, 0.3, 0.04, 0, 1, 131367, 200
 131589010, 0, 2, 0.3, 0.3, 0.04, 0, 1, 131567, 200
 131788930, 0, 2, 0.3, 0.3, 0.04, 0, 1, 131767, 200
 131988850, 0, 2, 0.3, 0.3, 0.04, 0, 1, 131967, 200
 132188770, 0, 2, 0.3, 0.3, 0.04, 0, 1, 132167, 200
 132389523, 0, 2, 0.3, 0.3, 0.04, 0, 1, 132367, 200
 132589443, 0, 2, 0.3, 0.3, 0.04, 0, 1, 132567, 200
 132789363, 0, 2, 0.3, 0.3, 0.04, 0, 1, 132767, 200
 132989283, 0, 2, 0.3, 0.3, 0.04, 0, 1, 132967, 200
 133189203, 0, 2, 0.3, 0.3, 0.04, 0, 1, 133167, 200
 133389123, 0, 2, 0.3, 0.3, 0.04, 0, 1, 133367, 200
 133589043, 0, 2, 0.3, 0.3, 0.04, 0, 1, 133567, 200
 133788963, 0, 2, 0.3, 0.3, 0.04, 0, 1, 133767, 200
 133988883, 0, 2, 0.3, 0.3, 0.04, 0, 1, 133967, 200
 134188803, 0, 2, 0.3, 0.3, 0.04, 0, 1, 134167, 200
 134389556, 0, 2, 0.3, 0.3, 0.04, 0, 1, 134367, 200
 134589476, 0, 2, 0.3, 0.3, 0.04, 0, 1, 134567, 200
 134789396, 0, 2, 0.3, 0.3, 0.04, 0, 1, 134767, 200
 134989316, 0, 2, 0.3, 0.3, 0.04, 0, 1, 134967, 200
 135189236, 0, 2, 0.3, 0.3, 0.04, 0, 1, 135167, 200
 135389156, 0, 2, 0.3, 0.3, 0.04, 0, 1, 135367, 200
 135589076, 0, 2, 0.3, 0.3, 0.04, 0, 1, 135567, 200
 135788996, 0, 2, 0.3, 0.3, 0.04, 0, 1, 135767, 200
 135988916, 0, 2, 0.3, 0.3, 0.04, 0, 1, 135967, 200
 136188836, 0, 2, 0.3, 0.3, 0.04, 0, 1, 136167, 200
 136388756, 0, 2, 0.3, 0.3, 0.04, 0, 1, 136367, 200
 136589509, 0, 2, 0.3, 0.3, 0.04, 0, 1, 136567, 200
 136789429, 0, 2, 0.3, 0.3, 0.04, 0, 1, 136767, 200
 136989349, 0, 2, 0.3, 0.3, 0.04, 0, 1, 136967, 200
 137189269, 0, 2, 0.3, 0.3, 0.04, 0, 1, 137167, 200
 137389189, 0, 2, 0.3, 0.3, 0.04, 0, 1, 137367, 200
 137589109, 0, 2, 0.3, 0.3, 0.04, 0, 1, 137567, 200
 137789029, 0, 2, 0.3, 0.3, 0.04, 0, 1, 137767, 200
 137988949, 0, 2, 0.3, 0.3, 0.04, 0, 1, 137967, 200
 138188869, 0, 2, 0.3, 0.3, 0.04, 0, 1, 138167, 200
 138388789, 0, 2, 0.3, 0.3, 0.04, 0, 1, 138367, 200
 138589542, 0, 2, 0.3, 0.3, 0.04, 0, 1, 138567, 200
 138789462, 0, 2, 0.3, 0.3, 0.04, 0, 1, 138767, 200
 138989382, 0, 2, 0.3, 0.3, 0.04, 0, 1, 138967, 200
 139189302, 0, 2, 0.3, 0.3, 0.04, 0, 1, 139167, 200
 139389222, 0, 2, 0.3, 0.3, 0.04, 0, 1, 139367, 200
 139589142, 0, 2, 0.3, 0.3, 0.04, 0, 1, 139567, 200
 139789062, 0, 2, 0.3, 0.3, 0.04, 0, 1, 139767, 200
 139988982, 0, 2, 0.3, 0.3, 0.04, 0, 1, 139967, 200
 140188902, 0, 2, 0.3, 0.3, 0.04, 0, 1, 140167, 200
 140388822, 0, 2, 0.3, 0.3, 0.04, 0, 1, 140367, 200
 140588742, 0, 2, 0.3, 0.3, 0.04, 0, 1, 140567, 200
 140789495, 0, 2, 0.3, 0.3, 0.04, 0, 1, 140767, 200
 140989415, 0, 2, 0.3, 0.3, 0.04, 0, 1, 140967, 200
 141189335, 0, 2, 0.3, 0.3, 0.04, 0, 1, 141167, 200
 141389255, 0, 2, 0.3, 0.3, 0.04, 0, 1, 141367, 200
 141589175, 0, 2, 0.3, 0.3, 0.04, 0, 1, 141567, 200
 141789095, 0, 2, 0.3, 0.3, 0.04, 0, 1, 141767, 200
 141989015, 0, 2, 0.3, 0.3, 0.04, 0, 1, 141967, 200
 142188935, 0, 2, 0.3, 0.3, 0.04, 0, 1, 142167, 200
 142388855, 0, 2, 0.3, 0.3, 0.04, 0, 1, 142367, 200
 142588775, 0, 2, 0.3, 0.3, 0.04, 0, 1, 142567, 200
 142789528, 0, 2, 0.3, 0.3, 0.04, 0, 1, 142767, 200
 142989448, 0, 2, 0.3, 0.3, 0.04, 0, 1, 142967, 200
 143189368, 0, 2, 0.3, 0.3, 0.04, 0, 1, 143167, 200
 143389288, 0, 2, 0.3, 0.3, 0.04, 0, 1, 143367, 200
 143589208, 0, 2, 0.3, 0.3, 0.04, 0, 1, 143567, 200
 143789128, 0, 2, 0.3, 0.3, 0.04, 0, 1, 143767, 200
 143989048, 0, 2, 0.3, 0.3, 0.04, 0, 1, 143967, 200
 144188968, 0, 2, 0.3, 0.3, 0.04, 0, 1, 144167, 200
 144388888, 0, 2, 0.3, 0.3, 0.04, 0, 1, 144367, 200
 144588808, 0, 2, 0.3, 0.3, 0.04, 0, 1, 144567, 200
 144789561, 0, 2, 0.3, 0.3, 0.04, 0, 1, 144767, 200
 144989481, 0, 2, 0.3, 0.3, 0.04, 0, 1, 144967, 200
 145189401, 0, 2, 0.3, 0.3, 0.04, 0, 1, 145167, 200
 145389321, 0, 2, 0.3, 0.3, 0.04, 0, 1, 145367, 200
 145589241, 0, 2, 0.3, 0.3, 0.04, 0, 1, 145567, 200
 145789161, 0, 2, 0.3, 0.3, 0.04, 0, 1, 145767, 200
 145989081, 0, 2, 0.3, 0.3, 0.04, 0, 1, 145967, 200
 146189001, 0, 2, 0.3, 0.3, 0.04, 0, 1, 146167, 200
 146388921, 0, 2, 0.3, 0.3, 0.04, 0, 1, 146367, 200
 146588841, 0, 2, 0.3, 0.3, 0.04, 0, 1, 146567, 200
 146788761, 0, 2, 0.3, 0.3, 0.04, 0, 1, 146767, 200
 146989514, 0, 2, 0.3, 0.3, 0.04, 0, 1, 146967, 200
 147189434, 0, 2, 0.3, 0.3, 0.04, 0, 1, 147167, 200
 147389354, 0, 2, 0.3, 0.3, 0.04, 0, 1, 147367, 200
 147589274, 0, 2, 0.3, 0.3, 0.04, 0, 1, 147567, 200
 147789194, 0, 2, 0.3, 0.3, 0.04, 0, 1, 147767, 200
 147989114, 0, 2, 0.3, 0.3, 0.04, 0, 1, 147967, 200
 148189034, 0, 2, 0.3, 0.3, 0.04, 0, 1, 148167, 200
 148388954, 0, 2, 0.3, 0.3, 0.04, 0, 1, 148367, 200
 148588874, 0, 2, 0.3, 0.3, 0.04, 0, 1, 148567, 200
 148788794, 0, 2, 0.3, 0.3, 0.04, 0, 1, 148767, 200
 148989547, 0, 2, 0.3, 0.3, 0.04, 0, 1, 148967, 200
 149189467, 0, 2, 0.3, 0.3, 0.04, 0, 1, 149167, 200
 149389387, 0, 2, 0.3, 0.3, 0.04, 0, 1, 149367, 200
 149589307, 0, 2, 0.3, 0.3, 0.04, 0, 1, 149567, 200
 149789227, 0, 2, 0.3, 0.3, 0.04, 0, 1, 149767, 200
 149989147, 0, 2, 0.3, 0.3, 0.04, 0, 1, 149967, 200
 150189067, 0, 2, 0.3, 0.3, 0.04, 0, 1, 150167, 200
 150388987, 0, 2, 0.3, 0.3, 0.04, 0, 1, 150367, 200
 150588907, 0, 2, 0.3, 0.3, 0.04, 0, 1, 150567, 200
 150788827, 0, 2, 0.3, 0.3, 0.04, 0, 1, 150767, 200
 150988747, 0, 2, 0.3, 0.3, 0.04, 0, 1, 150967, 200
 151189500, 0, 2, 0.3, 0.3, 0.04, 0, 1, 151167, 200
 151389420, 0, 2, 0.3, 0.3, 0.04, 0, 1, 151367, 200
 151589340, 0, 2, 0.3, 0.3, 0.04, 0, 1, 151567, 200
 151789260, 0, 2, 0.3, 0.3, 0.04, 0, 1, 151767, 200
 151989180, 0, 2, 0.3, 0.3, 0.04, 0, 1, 151967, 200
 152189100, 0, 2, 0.3, 0.3, 0.04, 0, 1, 152167, 200
 152389020, 0, 2, 0.3, 0.3, 0.04, 0, 1, 152367, 200
 152588940, 0, 2, 0.3, 0.3, 0.04, 0, 1, 152567, 200
 152788860, 0, 2, 0.3, 0.3, 0.04, 0, 1, 152767, 200
 152988780, 0, 2, 0.3, 0.3, 0.04, 0, 1, 152967, 200
 153189533, 0, 2, 0.3, 0.3, 0.04, 0, 1, 153167, 200
 153389453, 0, 2, 0.3, 0.3, 0.04, 0, 1, 153367, 200
 153589373, 0, 2, 0.3, 0.3, 0.04, 0, 1, 153567, 200
 153789293, 0, 2, 0.3, 0.3, 0.04, 0, 1, 153767, 200
 153989213, 0, 2, 0.3, 0.3, 0.04, 0, 1, 153967, 200
 154189133, 0, 2, 0.3, 0.3, 0.04, 0, 1, 154167, 200
 154389053, 0, 2, 0.3, 0.3, 0.04, 0, 1, 154367, 200
 154588973, 0, 2, 0.3, 0.3, 0.04, 0, 1, 154567, 200
 154788893, 0, 2, 0.3, 0.3, 0.04, 0, 1, 154767, 200
 154988813, 0, 2, 0.3, 0.3, 0.04, 0, 1, 154967, 200
 155189566, 0, 2, 0.3, 0.3, 0.04, 0, 1, 155167, 200
 155389486, 0, 2, 0.3, 0.3, 0.04, 0, 1, 155367, 200
 155589406, 0, 2, 0.3, 0.3, 0.04, 0, 1, 155567, 200
 155789326, 0, 2, 0.3, 0.3, 0.04, 0, 1, 155767, 200
 155989246, 0, 2, 0.3, 0.3, 0.04, 0, 1, 155967, 200
 156189166, 0, 2, 0.3, 0.3, 0.04, 0, 1, 156167, 200
 156389086, 0, 2, 0.3, 0.3, 0.04, 0, 1, 156367, 200
 156589006, 0, 2, 0.3, 0.3, 0.04, 0, 1, 156567, 200
 156788926, 0, 2, 0.3, 0.3, 0.04, 0, 1, 156767, 200
 156988846, 0, 2, 0.3, 0.3, 0.04, 0, 1, 156967, 200
 157188766, 0, 2, 0.3, 0.3, 0.04, 0, 1, 157167, 200
 157389519, 0, 2, 0.3, 0.3, 0.04, 0, 1, 157367, 200
 157589439, 0, 2, 0.3, 0.3, 0.04, 0, 1, 157567, 200
 157789359, 0, 2, 0.3, 0.3, 0.04, 0, 1, 157767, 200
 157989279, 0, 2, 0.3, 0.3, 0.04, 0, 1, 157967, 200
 158189199, 0, 2, 0.3, 0.3, 0.04, 0, 1, 158167, 200
 158389119, 0, 2, 0.3, 0.3, 0.04, 0, 1, 158367, 200
 158589039, 0, 2, 0.3, 0.3, 0.04, 0, 1, 158567, 200
 158788959, 0, 2, 0.3, 0.3, 0.04, 0, 1, 158767, 200
 158988879, 0, 2, 0.3, 0.3, 0.04, 0, 1, 158967, 200
 159188799, 0, 2, 0.3, 0.3, 0.04, 0, 1, 159167, 200
 159389552, 0, 2, 0.3, 0.3, 0.04, 0, 1, 159367, 200
 159589472, 0, 2, 0.3, 0.3, 0.04, 0, 1, 159567, 200
 159789392, 0, 2, 0.3, 0.3, 0.04, 0, 1, 159767, 200
 159989312, 0, 2, 0.3, 0.3, 0.04, 0, 1, 159967, 200
 160189232, 0, 2, 0.3, 0.3, 0.04, 0, 1, 160167, 200
 160389152, 0, 2, 0.3, 0.3, 0.04, 0, 1, 160367, 200
 160589072, 0, 2, 0.3, 0.3, 0.04, 0, 1, 160567, 200
 160788992, 0, 2, 0.3, 0.3, 0.04, 0, 1, 160767, 200
 160988912, 0, 2, 0.3, 0.3, 0.04, 0, 1, 160967, 200
 161188832, 0, 2, 0.3, 0.3, 0.04, 0, 1, 161167, 200
 161388752, 0, 2, 0.3, 0.3, 0.04, 0, 1, 161367, 200
 161589505, 0, 2, 0.3, 0.3, 0.04, 0, 1, 161567, 200
 161789425, 0, 2, 0.3, 0.3, 0.04, 0, 1, 161767, 200
 161989345, 0, 2, 0.3, 0.3, 0.04, 0, 1, 161967, 200
 162189265, 0, 2, 0.3, 0.3, 0.04, 0, 1, 162167, 200
 162389185, 0, 2, 0.3, 0.3, 0.04, 0, 1, 162367, 200
 162589105, 0, 2, 0.3, 0.3, 0.04, 0, 1, 162567, 200
 162789025, 0, 2, 0.3, 0.3, 0.04, 0, 1, 162767, 200
 162988945, 0, 2, 0.3, 0.3, 0.04, 0, 1, 162967, 200
 163188865, 0, 2, 0.3, 0.3, 0.04, 0, 1, 163167, 200
 163388785, 0, 2, 0.3, 0.3, 0.04, 0, 1, 163367, 200
 163589538, 0, 2, 0.3, 0.3, 0.04, 0, 1, 163567, 200
 163789458, 0, 2, 0.3, 0.3, 0.04, 0, 1, 163767, 200
 163989378, 0, 2, 0.3, 0.3, 0.04, 0, 1, 163967, 200
 164189298, 0, 2, 0.3, 0.3, 0.04, 0, 1, 164167, 200
 164389218, 0, 2, 0.3, 0.3, 0.04, 0, 1, 164367, 200
 164589138, 0, 2, 0.3, 0.3, 0.04, 0, 1, 164567, 200
 164789058, 0, 2, 0.3, 0.3, 0.04, 0, 1, 164767, 200
 164988978, 0, 2, 0.3, 0.3, 0.04, 0, 1, 164967, 200
 165188898, 0, 2, 0.3, 0.3, 0.04, 0, 1, 165167, 200
 165388818, 0, 2, 0.3, 0.3, 0.04, 0, 1, 165367, 200
 165588738, 0, 2, 0.3, 0.3, 0.04, 0, 1, 165567, 200
 165789491, 0, 2, 0.3, 0.3, 0.04, 0, 1, 165767, 200
 165989411, 0, 2, 0.3, 0.3, 0.04, 0, 1, 165967, 200
 166189331, 0, 2, 0.3, 0.3, 0.04, 0, 1, 166167, 200
 166389251, 0, 2, 0.3, 0.3, 0.04, 0, 1, 166367, 200
 166589171, 0, 2, 0.3, 0.3, 0.04, 0, 1, 166567, 200
 166789091, 0, 2, 0.3, 0.3, 0.04, 0, 1, 166767, 200
 166989011, 0, 2, 0.3, 0.3, 0.04, 0, 1, 166967, 200
 167188931, 0, 2, 0.3, 0.3, 0.04, 0, 1, 167167, 200
 167388851, 0, 2, 0.3, 0.3, 0.04, 0, 1, 167367, 200
 167588771, 0, 2, 0.3, 0.3, 0.04, 0, 1, 167567, 200
 167789524, 0, 2, 0.3, 0.3, 0.04, 0, 1, 167767, 200
 167989444, 0, 2, 0.3, 0.3, 0.04, 0, 1, 167967, 200
 168189364, 0, 2, 0.3, 0.3, 0.04, 0, 1, 168167, 200
 168389284, 0, 2, 0.3, 0.3, 0.04, 0, 1, 168367, 200
 168589204, 0, 2, 0.3, 0.3, 0.04, 0, 1, 168567, 200
 168789124, 0, 2, 0.3, 0.3, 0.04, 0, 1, 168767, 200
 168989044, 0, 2, 0.3, 0.3, 0.04, 0, 1, 168967, 200
 169188964, 0, 2, 0.3, 0.3, 0.04, 0, 1, 169167, 200
 169388884, 0, 2, 0.3, 0.3, 0.04, 0, 1, 169367, 200
 169588804, 0, 2, 0.3, 0.3, 0.04, 0, 1, 169567, 200
 169789557, 0, 2, 0.3, 0.3, 0.04, 0, 1, 169767, 200
 169989477, 0, 2, 0.3, 0.3, 0.04, 0, 1, 169967, 200
 170189397, 0, 2, 0.3, 0.3, 0.04, 0, 1, 170167, 200
 170389317, 0, 2, 0.3, 0.3, 0.04, 0, 1, 170367, 200
 170589237, 0, 2, 0.3, 0.3, 0.04, 0, 1, 170567, 200
 170789157, 0, 2, 0.3, 0.3, 0.04, 0, 1, 170767, 200
 170989077, 0, 2, 0.3, 0.3, 0.04, 0, 1, 170967, 200
 171188997, 0, 2, 0.3, 0.3, 0.04, 0, 1, 171167, 200
 171388917, 0, 2, 0.3, 0.3, 0.04, 0, 1, 171367, 200
 171588837, 0, 2, 0.3, 0.3, 0.04, 0, 1, 171567, 200
 171788757, 0, 2, 0.3, 0.3, 0.04, 0, 1, 171767, 200
 171989510, 0, 2, 0.3, 0.3, 0.04, 0, 1, 171967, 200
 172189430, 0, 2, 0.3, 0.3, 0.04, 0, 1, 172167, 200
 172389350, 0, 2, 0.3, 0.3, 0.04, 0, 1, 172367, 200
 172589270, 0, 2, 0.3, 0.3, 0.04, 0, 1, 172567, 200
 172789190, 0, 2, 0.3, 0.3, 0.04, 0, 1, 172767, 200
 172989110, 0, 2, 0.3, 0.3, 0.04, 0, 1, 172967, 200
 173189030, 0, 2, 0.3, 0.3, 0.04, 0, 1, 173167, 200
 173388950, 0, 2, 0.3, 0.3, 0.04, 0, 1, 173367, 200
 173588870, 0, 2, 0.3, 0.3, 0.04, 0, 1, 173567, 200
 173788790, 0, 2, 0.3, 0.3, 0.04, 0, 1, 173767, 200
 173989543, 0, 2, 0.3, 0.3, 0.04, 0, 1, 173967, 200
 174189463, 0, 2, 0.3, 0.3, 0.04, 0, 1, 174167, 200
 174389383, 0, 2, 0.3, 0.3, 0.04, 0, 1, 174367, 200
 174589303, 0, 2, 0.3, 0.3, 0.04, 0, 1, 174567, 200
 174789223, 0, 2, 0.3, 0.3, 0.04, 0, 1, 174767, 200
 174989143, 0, 2, 0.3, 0.3, 0.04, 0, 1, 174967, 200
 175189063, 0, 2, 0.3, 0.3, 0.04, 0, 1, 175167, 200
 175388983, 0, 2, 0.3, 0.3, 0.04, 0, 1, 175367, 200
 175588903, 0, 2, 0.3, 0.3, 0.04, 0, 1, 175567, 200
 175788823, 0, 2, 0.3, 0.3, 0.04, 0, 1, 175767, 200
 175988743, 0, 2, 0.3, 0.3, 0.04, 0, 1, 175967, 200
 176189496, 0, 2, 0.3, 0.3, 0.04, 0, 1, 176167, 200
 176389416, 0, 2, 0.3, 0.3, 0.04, 0, 1, 176367, 200
 176589336, 0, 2, 0.3, 0.3, 0.04, 0, 1, 176567, 200
 176789256, 0, 2, 0.3, 0.3, 0.04, 0, 1, 176767, 200
 176989176, 0, 2, 0.3, 0.3, 0.04, 0, 1, 176967, 200
 177189096, 0, 2, 0.3, 0.3, 0.04, 0, 1, 177167, 200
 177389016, 0, 2, 0.3, 0.3, 0.04, 0, 1, 177367, 200
 177588936, 0, 2, 0.3, 0.3, 0.04, 0, 1, 177567, 200
 177788856, 0, 2, 0.3, 0.3, 0.04, 0, 1, 177767, 200
 177988776, 0, 2, 0.3, 0.3, 0.04, 0, 1, 177967, 200
 178189529, 0, 2, 0.3, 0.3, 0.04, 0, 1, 178167, 200
 178389449, 0, 2, 0.3, 0.3, 0.04, 0, 1, 178367, 200
 178589369, 0, 2, 0.3, 0.3, 0.04, 0, 1, 178567, 200
 178789289, 0, 2, 0.3, 0.3, 0.04, 0, 1, 178767, 200
 178989209, 0, 2, 0.3, 0.3, 0.04, 0, 1, 178967, 200
 179189129, 0, 2, 0.3, 0.3, 0.04, 0, 1, 179167, 200
 179389049, 0, 2, 0.3, 0.3, 0.04, 0, 1, 179367, 200
 179588969, 0, 2, 0.3, 0.3, 0.04, 0, 1, 179567, 200
 179788889, 0, 2, 0.3, 0.3, 0.04, 0, 1, 179767, 200
 179988809, 0, 2, 0.3, 0.3, 0.04, 0, 1, 179967, 200
 180189562, 0, 2, 0.3, 0.3, 0.04, 0, 1, 180167, 200
 180389482, 0, 2, 0.3, 0.3, 0.04, 0, 1, 180367, 200
 180589402, 0, 2, 0.3, 0.3, 0.04, 0, 1, 180567, 200
 180789322, 0, 2, 0.3, 0.3, 0.04, 0, 1, 180767, 200
 180989242, 0, 2, 0.3, 0.3, 0.04, 0, 1, 180967, 200
 181189162, 0, 2, 0.3, 0.3, 0.04, 0, 1, 181167, 200
 181389082, 0, 2, 0.3, 0.3, 0.04, 0, 1, 181367, 200
 181589002, 0, 2, 0.3, 0.3, 0.04, 0, 1, 181567, 200
 181788922, 0, 2, 0.3, 0.3, 0.04, 0, 1, 181767, 200
 181988842, 0, 2, 0.3, 0.3, 0.04, 0, 1, 181967, 200
 182188762, 0, 2, 0.3, 0.3, 0.04, 0, 1, 182167, 200
 182389515, 0, 2, 0.3, 0.3, 0.04, 0, 1, 182367, 200
 182589435, 0, 2, 0.3, 0.3, 0.04, 0, 1, 182567, 200
 182789355, 0, 2, 0.3, 0.3, 0.04, 0, 1, 182767, 200
 182989275, 0, 2, 0.3, 0.3, 0.04, 0, 1, 182967, 200
 183189195, 0, 2, 0.3, 0.3, 0.04, 0, 1, 183167, 200
 183389115, 0, 2, 0.3, 0.3, 0.04, 0, 1, 183367, 200
 183589035, 0, 2, 0.3, 0.3, 0.04, 0, 1, 183567, 200
 183788955, 0, 2, 0.3, 0.3, 0.04, 0, 1, 183767, 200
 183988875, 0, 2, 0.3, 0.3, 0.04, 0, 1, 183967, 200
 184188795, 0, 2, 0.3, 0.3, 0.04, 0, 1, 184167, 200
 184389548, 0, 2, 0.3, 0.3, 0.04, 0, 1, 184367, 200
 184589468, 0, 2, 0.3, 0.3, 0.04, 0, 1, 184567, 200
 184789388, 0, 2, 0.3, 0.3, 0.04, 0, 1, 184767, 200
 184989308, 0, 2, 0.3, 0.3, 0.04, 0, 1, 184967, 200
 185189228, 0, 2, 0.3, 0.3, 0.04, 0, 1, 185167, 200
 185389148, 0, 2, 0.3, 0.3, 0.04, 0, 1, 185367, 200
 185589068, 0, 2, 0.3, 0.3, 0.04, 0, 1, 185567, 200
 185788988, 0, 2, 0.3, 0.3, 0.04, 0, 1, 185767, 200
 185988908, 0, 2, 0.3, 0.3, 0.04, 0, 1, 185967, 200
 186188828, 0, 2, 0.3, 0.3, 0.04, 0, 1, 186167, 200
 186388748, 0, 2, 0.3, 0.3, 0.04, 0, 1, 186367, 200
 186589501, 0, 2, 0.3, 0.3, 0.04, 0, 1, 186567, 200
 186789421, 0, 2, 0.3, 0.3, 0.04, 0, 1, 186767, 200
 186989341, 0, 2, 0.3, 0.3, 0.04, 0, 1, 186967, 200
 187189261, 0, 2, 0.3, 0.3, 0.04, 0, 1, 187167, 200
 187389181, 0, 2, 0.3, 0.3, 0.04, 0, 1, 187367, 200
 187589101, 0, 2, 0.3, 0.3, 0.04, 0, 1, 187567, 200
 187789021, 0, 2, 0.3, 0.3, 0.04, 0, 1, 187767, 200
 187988941, 0, 2, 0.3, 0.3, 0.04, 0, 1, 187967, 200
 188188861, 0, 2, 0.3, 0.3, 0.04, 0, 1, 188167, 200
 188388781, 0, 2, 0.3, 0.3, 0.04, 0, 1, 188367, 200
 188589534, 0, 2, 0.3, 0.3, 0.04, 0, 1, 188567, 200
 188789454, 0, 2, 0.3, 0.3, 0.04, 0, 1, 188767, 200
 188989374, 0, 2, 0.3, 0.3, 0.04, 0, 1, 188967, 200
 189189294, 0, 2, 0.3, 0.3, 0.04, 0, 1, 189167, 200
 189389214, 0, 2, 0.3, 0.3, 0.04, 0, 1, 189367, 200
 189589134, 0, 2, 0.3, 0.3, 0.04, 0, 1, 189567, 200
 189789054, 0, 2, 0.3, 0.3, 0.04, 0, 1, 189767, 200
 189988974, 0, 2, 0.3, 0.3, 0.04, 0, 1, 189967, 200
 190188894, 0, 2, 0.3, 0.3, 0.04, 0, 1, 190167, 200
 190388814, 0, 2, 0.3, 0.3, 0.04, 0, 1, 190367, 200
 190588734, 0, 2, 0.3, 0.3, 0.04, 0, 1, 190567, 200
 190789487, 0, 2, 0.3, 0.3, 0.04, 0, 1, 190767, 200
 190989407, 0, 2, 0.3, 0.3, 0.04, 0, 1, 190967, 200
 191189327, 0, 2, 0.3, 0.3, 0.04, 0, 1, 191167, 200
 191389247, 0, 2, 0.3, 0.3, 0.04, 0, 1, 191367, 200
 191589167, 0, 2, 0.3, 0.3, 0.04, 0, 1, 191567, 200
 191789087, 0, 2, 0.3, 0.3, 0.04, 0, 1, 191767, 200
 191989007, 0, 2, 0.3, 0.3, 0.04, 0, 1, 191967, 200
 192188927, 0, 2, 0.3, 0.3, 0.04, 0, 1, 192167, 200
 192388847, 0, 2, 0.3, 0.3, 0.04, 0, 1, 192367, 200
 192588767, 0, 2, 0.3, 0.3, 0.04, 0, 1, 192567, 200
 192789520, 0, 2, 0.3, 0.3, 0.04, 0, 1, 192767, 200
 192989440, 0, 2, 0.3, 0.3, 0.04, 0, 1, 192967, 200
 193189360, 0, 2, 0.3, 0.3, 0.04, 0, 1, 193167, 200
 193389280, 0, 2, 0.3, 0.3, 0.04, 0, 1, 193367, 200
 193589200, 0, 2, 0.3, 0.3, 0.04, 0, 1, 193567, 200
 193789120, 0, 2, 0.3, 0.3, 0.04, 0, 1, 193767, 200
 193989040, 0, 2, 0.3, 0.3, 0.04, 0, 1, 193967, 200
 194188960, 0, 2, 0.3, 0.3, 0.04, 0, 1, 194167, 200
 194388880, 0, 2, 0.3, 0.3, 0.04, 0, 1, 194367, 200
 194588800, 0, 2, 0.3, 0.3, 0.04, 0, 1, 194567, 200
 194789553, 0, 2, 0.3, 0.3, 0.04, 0, 1, 194767, 200
 194989473, 0, 2, 0.3, 0.3, 0.04, 0, 1, 194967, 200
 195189393, 0, 2, 0.3, 0.3, 0.04, 0, 1, 195167, 200
 195389313, 0, 2, 0.3, 0.3, 0.04, 0, 1, 195367, 200
 195589233, 0, 2, 0.3, 0.3, 0.04, 0, 1, 195567, 200
 195789153, 0, 2, 0.3, 0.3, 0.04, 0, 1, 195767, 200
 195989073, 0, 2, 0.3, 0.3, 0.04, 0, 1, 195967, 200
 196188993, 0, 2, 0.3, 0.3, 0.04, 0, 1, 196167, 200
 196388913, 0, 2, 0.3, 0.3, 0.04, 0, 1, 196367, 200
 196588833, 0, 2, 0.3, 0.3, 0.04, 0, 1, 196567, 200
 196788753, 0, 2, 0.3, 0.3, 0.04, 0, 1, 196767, 200
 196989506, 0, 2, 0.3, 0.3, 0.04, 0, 1, 196967, 200
 197189426, 0, 2, 0.3, 0.3, 0.04, 0, 1, 197167, 200
 197389346, 0, 2, 0.3, 0.3, 0.04, 0, 1, 197367, 200
 197589266, 0, 2, 0.3, 0.3, 0.04, 0, 1, 197567, 200
 197789186, 0, 2, 0.3, 0.3, 0.04, 0, 1, 197767, 200
 197989106, 0, 2, 0.3, 0.3, 0.04, 0, 1, 197967, 200
 198189026, 0, 2, 0.3, 0.3, 0.04, 0, 1, 198167, 200
 198388946, 0, 2, 0.3, 0.3, 0.04, 0, 1, 198367, 200
 198588866, 0, 2, 0.3, 0.3, 0.04, 0, 1, 198567, 200
 198788786, 0, 2, 0.3, 0.3, 0.04, 0, 1, 198767, 200
 198989539, 0, 2, 0.3, 0.3, 0.04, 0, 1, 198967, 200
 199189459, 0, 2, 0.3, 0.3, 0.04, 0, 1, 199167, 200
 199389379, 0, 2, 0.3, 0.3, 0.04, 0, 1, 199367, 200
 199589299, 0, 2, 0.3, 0.3, 0.04, 0, 1, 199567, 200
 199789219, 0, 2, 0.3, 0.3, 0.04, 0, 1, 199767, 200
 199989139, 0, 2, 0.3, 0.3, 0.04, 0, 1, 199967, 200
 200189059, 0, 2, 0.3, 0.3, 0.04, 0, 1, 200167, 200
 200388979, 0, 2, 0.3, 0.3, 0.04, 0, 1, 200367, 200
 200588899, 0, 2, 0.3, 0.3, 0.04, 0, 1, 200567, 200
 200788819, 0, 2, 0.3, 0.3, 0.04, 0, 1, 200767, 200
 200988739, 0, 2, 0.3, 0.3, 0.04, 0, 1, 200967, 200
 201189492, 0, 2, 0.3, 0.3, 0.04, 0, 1, 201167, 200
 201389412, 0, 2, 0.3, 0.3, 0.04, 0, 1, 201367, 200
 201589332, 0, 2, 0.3, 0.3, 0.04, 0, 1, 201567, 200
 201789252, 0, 2, 0.3, 0.3, 0.04, 0, 1, 201767, 200
 201989172, 0, 2, 0.3, 0.3, 0.04, 0, 1, 201967, 200
 202189092, 0, 2, 0.3, 0.3, 0.04, 0, 1, 202167, 200
 202389012, 0, 2, 0.3, 0.3, 0.04, 0, 1, 202367, 200
 202588932, 0, 2, 0.3, 0.3, 0.04, 0, 1, 202567, 200
 202788852, 0, 2, 0.3, 0.3, 0.04, 0, 1, 202767, 200
 202988772, 0, 2, 0.3, 0.3, 0.04, 0, 1, 202967, 200
 203189525, 0, 2, 0.3, 0.3, 0.04, 0, 1, 203167, 200
 203389445, 0, 2, 0.3, 0.3, 0.04, 0, 1, 203367, 200
 203589365, 0, 2, 0.3, 0.3, 0.04, 0, 1, 203567, 200
 203789285, 0, 2, 0.3, 0.3, 0.04, 0, 1, 203767, 200
 203989205, 0, 2, 0.3, 0.3, 0.04, 0, 1, 203967, 200
 204189125, 0, 2, 0.3, 0.3, 0.04, 0, 1, 204167, 200
 204389045, 0, 2, 0.3, 0.3, 0.04, 0, 1, 204367, 200
 204588965, 0, 2, 0.3, 0.3, 0.04, 0, 1, 204567, 200
 204788885, 0, 2, 0.3, 0.3, 0.04, 0, 1, 204767, 200
 204988805, 0, 2, 0.3, 0.3, 0.04, 0, 1, 204967, 200
 205189558, 0, 2, 0.3, 0.3, 0.04, 0, 1, 205167, 200
 205389478, 0, 2, 0.3, 0.3, 0.04, 0, 1, 205367, 200
 205589398, 0, 2, 0.3, 0.3, 0.04, 0, 1, 205567, 200
 205795149, 0, 2, 0.3, 0.3, 0.04, 0, 1, 205767, 200
 205995069, 0, 2, 0.3, 0.3, 0.04, 0, 1, 205967, 200
 206194989, 0, 2, 0.3, 0.3, 0.04, 0, 1, 206167, 200
 206394909, 0, 2, 0.3, 0.3, 0.04, 0, 1, 206367, 200
 206594829, 0, 2, 0.3, 0.3, 0.04, 0, 1, 206567, 200
 206794749, 0, 2, 0.3, 0.3, 0.04, 0, 1, 206767, 200
 206994669, 0, 2, 0.3, 0.3, 0.04, 0, 1, 206967, 200
 207194589, 0, 2, 0.3, 0.3, 0.04, 0, 1, 207167, 200
 207394509, 0, 2, 0.3, 0.3, 0.04, 0, 1, 207367, 200
 207594429, 0, 2, 0.3, 0.3, 0.04, 0, 1, 207567, 200
 207795182, 0, 2, 0.3, 0.3, 0.04, 0, 1, 207767, 200
 207995102, 0, 2, 0.3, 0.3, 0.04, 0, 1, 207967, 200
 208195022, 0, 2, 0.3, 0.3, 0.04, 0, 1, 208167, 200
 208394942, 0, 2, 0.3, 0.3, 0.04, 0, 1, 208367, 200
 208594862, 0, 2, 0.3, 0.3, 0.04, 0, 1, 208567, 200
 208794782, 0, 2, 0.3, 0.3, 0.04, 0, 1, 208767, 200
 208994702, 0, 2, 0.3, 0.3, 0.04, 0, 1, 208967, 200
 209194622, 0, 2, 0.3, 0.3, 0.04, 0, 1, 209167, 200
 209394542, 0, 2, 0.3, 0.3, 0.04, 0, 1, 209367, 200
 209594462, 0, 2, 0.3, 0.3, 0.04, 0, 1, 209567, 200
 209794382, 0, 2, 0.3, 0.3, 0.04, 0, 1, 209767, 200
 209995135, 0, 2, 0.3, 0.3, 0.04, 0, 1, 209967, 200
 210195055, 0, 2, 0.3, 0.3, 0.04, 0, 1, 210167, 200
 210394975, 0, 2, 0.3, 0.3, 0.04, 0, 1, 210367, 200
 210594895, 0, 2, 0.3, 0.3, 0.04, 0, 1, 210567, 200
 210794815, 0, 2, 0.3, 0.3, 0.04, 0, 1, 210767, 200
 210994735, 0, 2, 0.3, 0.3, 0.04, 0, 1, 210967, 200
 211194655, 0, 2, 0.3, 0.3, 0.04, 0, 1, 211167, 200
 211394575, 0, 2, 0.3, 0.3, 0.04, 0, 1, 211367, 200
 211594495, 0, 2, 0.3, 0.3, 0.04, 0, 1, 211567, 200
 211794415, 0, 2, 0.3, 0.3, 0.04, 0, 1, 211767, 200
 211995168, 0, 2, 0.3, 0.3, 0.04, 0, 1, 211967, 200
 212195088, 0, 2, 0.3, 0.3, 0.04, 0, 1, 212167, 200
 212395008, 0, 2, 0.3, 0.3, 0.04, 0, 1, 212367, 200
 212594928, 0, 2, 0.3, 0.3, 0.04, 0, 1, 212567, 200
 212794848, 0, 2, 0.3, 0.3, 0.04, 0, 1, 212767, 200
 212994768, 0, 2, 0.3, 0.3, 0.04, 0, 1, 212967, 200
 213194688, 0, 2, 0.3, 0.3, 0.04, 0, 1, 213167, 200
 213394608, 0, 2, 0.3, 0.3, 0.04, 0, 1, 213367, 200
 213594528, 0, 2, 0.3, 0.3, 0.04, 0, 1, 213567, 200
 213794448, 0, 2, 0.3, 0.3, 0.04, 0, 1, 213767, 200
 213994368, 0, 2, 0.3, 0.3, 0.04, 0, 1, 213967, 200
 214195121, 0, 2, 0.3, 0.3, 0.04, 0, 1, 214167, 200
 214395041, 0, 2, 0.3, 0.3, 0.04, 0, 1, 214367, 200
 214594961, 0, 2, 0.3, 0.3, 0.04, 0, 1, 214567, 200
 214794881, 0, 2, 0.3, 0.3, 0.04, 0, 1, 214767, 200
 214994801, 0, 2, 0.3, 0.3, 0.04, 0, 1, 214967, 200
 215194721, 0, 2, 0.3, 0.3, 0.04, 0, 1, 215167, 200
 215394641, 0, 2, 0.3, 0.3, 0.04, 0, 1, 215367, 200
 215594561, 0, 2, 0.3, 0.3, 0.04, 0, 1, 215567, 200
 215794481, 0, 2, 0.3, 0.3, 0.04, 0, 1, 215767, 200
 215994401, 0, 2, 0.3, 0.3, 0.04, 0, 1, 215967, 200
 216195154, 0, 2, 0.3, 0.3, 0.04, 0, 1, 216167, 200
 216395074, 0, 2, 0.3, 0.3, 0.04, 0, 1, 216367, 200
 216594994, 0, 2, 0.3, 0.3, 0.04, 0, 1, 216567, 200
 216794914, 0, 2, 0.3, 0.3, 0.04, 0, 1, 216767, 200
 216994834, 0, 2, 0.3, 0.3, 0.04, 0, 1, 216967, 200
 217194754, 0, 2, 0.3, 0.3, 0.04, 0, 1, 217167, 200
 217394674, 0, 2, 0.3, 0.3, 0.04, 0, 1, 217367, 200
 217594594, 0, 2, 0.3, 0.3, 0.04, 0, 1, 217567, 200
 217794514, 0, 2, 0.3, 0.3, 0.04, 0, 1, 217767, 200
 217994434, 0, 2, 0.3, 0.3, 0.04, 0, 1, 217967, 200
 218194354, 0, 2, 0.3, 0.3, 0.04, 0, 1, 218167, 200
 218395107, 0, 2, 0.3, 0.3, 0.04, 0, 1, 218367, 200
 218595027, 0, 2, 0.3, 0.3, 0.04, 0, 1, 218567, 200
 218794947, 0, 2, 0.3, 0.3, 0.04, 0, 1, 218767, 200
 218994867, 0, 2, 0.3, 0.3, 0.04, 0, 1, 218967, 200
 219194787, 0, 2, 0.3, 0.3, 0.04, 0, 1, 219167, 200
 219394707, 0, 2, 0.3, 0.3, 0.04, 0, 1, 219367, 200
 219594627, 0, 2, 0.3, 0.3, 0.04, 0, 1, 219567, 200
 219794547, 0, 2, 0.3, 0.3, 0.04, 0, 1, 219767, 200
 219994467, 0, 2, 0.3, 0.3, 0.04, 0, 1, 219967, 200
 220194387, 0, 2, 0.3, 0.3, 0.04, 0, 1, 220167, 200
 220395140, 0, 2, 0.3, 0.3, 0.04, 0, 1, 220367, 200
 220600891, 0, 2, 0.3, 0.3, 0.04, 0, 1, 220567, 200
 220800811, 0, 2, 0.3, 0.3, 0.04, 0, 1, 220767, 200
 221000731, 0, 2, 0.3, 0.3, 0.04, 0, 1, 220967, 200
 221200651, 0, 2, 0.3, 0.3, 0.04, 0, 1, 221167, 200
 221400571, 0, 2, 0.3, 0.3, 0.04, 0, 1, 221367, 200
 221600491, 0, 2, 0.3, 0.3, 0.04, 0, 1, 221567, 200
 221800411, 0, 2, 0.3, 0.3, 0.04, 0, 1, 221767, 200
 222000331, 0, 2, 0.3, 0.3, 0.04, 0, 1, 221967, 200
 222200251, 0, 2, 0.3, 0.3, 0.04, 0, 1, 222167, 200
 222400171, 0, 2, 0.3, 0.3, 0.04, 0, 1, 222367, 200
 222600924, 0, 2, 0.3, 0.3, 0.04, 0, 1, 222567, 200
 222800844, 0, 2, 0.3, 0.3, 0.04, 0, 1, 222767, 200
 223000764, 0, 2, 0.3, 0.3, 0.04, 0, 1, 222967, 200
 223200684, 0, 2, 0.3, 0.3, 0.04, 0, 1, 223167, 200
 223400604, 0, 2, 0.3, 0.3, 0.04, 0, 1, 223367, 200
 223600524, 0, 2, 0.3, 0.3, 0.04, 0, 1, 223567, 200
 223800444, 0, 2, 0.3, 0.3, 0.04, 0, 1, 223767, 200
 224000364, 0, 2, 0.3, 0.3, 0.04, 0, 1, 223967, 200
 224200284, 0, 2, 0.3, 0.3, 0.04, 0, 1, 224167, 200
 224400204, 0, 2, 0.3, 0.3, 0.04, 0, 1, 224367, 200
 224600124, 0, 2, 0.3, 0.3, 0.04, 0, 1, 224567, 200
 224800877, 0, 2, 0.3, 0.3, 0.04, 0, 1, 224767, 200
 225000797, 0, 2, 0.3, 0.3, 0.04, 0, 1, 224967, 200
 225200717, 0, 2, 0.3, 0.3, 0.04, 0, 1, 225167, 200
 225400637, 0, 2, 0.3, 0.3, 0.04, 0, 1, 225367, 200
 225600557, 0, 2, 0.3, 0.3, 0.04, 0, 1, 225567, 200
 225800477, 0, 2, 0.3, 0.3, 0.04, 0, 1, 225767, 200
 226000397, 0, 2, 0.3, 0.3, 0.04, 0, 1, 225967, 200
 226200317, 0, 2, 0.3, 0.3, 0.04, 0, 1, 226167, 200
 226400237, 0, 2, 0.3, 0.3, 0.04, 0, 1, 226367, 200
 226600157, 0, 2, 0.3, 0.3, 0.04, 0, 1, 226567, 200
 226800910, 0, 2, 0.3, 0.3, 0.04, 0, 1, 226767, 200
 227000830, 0, 2, 0.3, 0.3, 0.04, 0, 1, 226967, 200
 227200750, 0, 2, 0.3, 0.3, 0.04, 0, 1, 227167, 200
 227400670, 0, 2, 0.3, 0.3, 0.04, 0, 1, 227367, 200
 227600590, 0, 2, 0.3, 0.3, 0.04, 0, 1, 227567, 200
 227800510, 0, 2, 0.3, 0.3, 0.04, 0, 1, 227767, 200
 228000430, 0, 2, 0.3, 0.3, 0.04, 0, 1, 227967, 200
 228200350, 0, 2, 0.3, 0.3, 0.04, 0, 1, 228167, 200
 228400270, 0, 2, 0.3, 0.3, 0.04, 0, 1, 228367, 200
 228600190, 0, 2, 0.3, 0.3, 0.04, 0, 1, 228567, 200
 228800110, 0, 2, 0.3, 0.3, 0.04, 0, 1, 228767, 200
 229000863, 0, 2, 0.3, 0.3, 0.04, 0, 1, 228967, 200
 229200783, 0, 2, 0.3, 0.3, 0.04, 0, 1, 229167, 200
 229400703, 0, 2, 0.3, 0.3, 0.04, 0, 1, 229367, 200
 229600623, 0, 2, 0.3, 0.3, 0.04, 0, 1, 229567, 200
 229800543, 0, 2, 0.3, 0.3, 0.04, 0, 1, 229767, 200
 230000463, 0, 2, 0.3, 0.3, 0.04, 0, 1, 229967, 200
 230200383, 0, 2, 0.3, 0.3, 0.04, 0, 1, 230167, 200
 230400303, 0, 2, 0.3, 0.3, 0.04, 0, 1, 230367, 200
 230600223, 0, 2, 0.3, 0.3, 0.04, 0, 1, 230567, 200
 230800143, 0, 2, 0.3, 0.3, 0.04, 0, 1, 230767, 200
 231000896, 0, 2, 0.3, 0.3, 0.04, 0, 1, 230967, 200
 231200816, 0, 2, 0.3, 0.3, 0.04, 0, 1, 231167, 200
 231400736, 0, 2, 0.3, 0.3, 0.04, 0, 1, 231367, 200
 231600656, 0, 2, 0.3, 0.3, 0.04, 0, 1, 231567, 200
 231800576, 0, 2, 0.3, 0.3, 0.04, 0, 1, 231767, 200
 232000496, 0, 2, 0.3, 0.3, 0.04, 0, 1, 231967, 200
 232200416, 0, 2, 0.3, 0.3, 0.04, 0, 1, 232167, 200
 232400336, 0, 2, 0.3, 0.3, 0.04, 0, 1, 232367, 200
 232600256, 0, 2, 0.3, 0.3, 0.04, 0, 1, 232567, 200
 232800176, 0, 2, 0.3, 0.3, 0.04, 0, 1, 232767, 200
 233000929, 0, 2, 0.3, 0.3, 0.04, 0, 1, 232967, 200
 233200849, 0, 2, 0.3, 0.3, 0.04, 0, 1, 233167, 200
 233400769, 0, 2, 0.3, 0.3, 0.04, 0, 1, 233367, 200
 233600689, 0, 2, 0.3, 0.3, 0.04, 0, 1, 233567, 200
 233800609, 0, 2, 0.3, 0.3, 0.04, 0, 1, 233767, 200
 234000529, 0, 2, 0.3, 0.3, 0.04, 0, 1, 233967, 200
 234200449, 0, 2, 0.3, 0.3, 0.04, 0, 1, 234167, 200
 234400369, 0, 2, 0.3, 0.3, 0.04, 0, 1, 234367, 200
 234600289, 0, 2, 0.3, 0.3, 0.04, 0, 1, 234567, 200
 234800209, 0, 2, 0.3, 0.3, 0.04, 0, 1, 234767, 200
 235000129, 0, 2, 0.3, 0.3, 0.04, 0, 1, 234967, 200
 235200882, 0, 2, 0.3, 0.3, 0.04, 0, 1, 235167, 200
 235400802, 0, 2, 0.3, 0.3, 0.04, 0, 1, 235367, 200
 235600722, 0, 2, 0.3, 0.3, 0.04, 0, 1, 235567, 200
 235800642, 0, 2, 0.3, 0.3, 0.04, 0, 1, 235767, 200
 236000562, 0, 2, 0.3, 0.3, 0.04, 0, 1, 235967, 200
 236200482, 0, 2, 0.3, 0.3, 0.04, 0, 1, 236167, 200
 236400402, 0, 2, 0.3, 0.3, 0.04, 0, 1, 236367, 200
 236600322, 0, 2, 0.3, 0.3, 0.04, 0, 1, 236567, 200
 236800242, 0, 2, 0.3, 0.3, 0.04, 0, 1, 236767, 200
 237000162, 0, 2, 0.3, 0.3, 0.04, 0, 1, 236967, 200
 237200915, 0, 2, 0.3, 0.3, 0.04, 0, 1, 237167, 200
 237400835, 0, 2, 0.3, 0.3, 0.04, 0, 1, 237367, 200
 237600755, 0, 2, 0.3, 0.3, 0.04, 0, 1, 237567, 200
 237800675, 0, 2, 0.3, 0.3, 0.04, 0, 1, 237767, 200
 238000595, 0, 2, 0.3, 0.3, 0.04, 0, 1, 237967, 200
 238200515, 0, 2, 0.3, 0.3, 0.04, 0, 1, 238167, 200
 238400435, 0, 2, 0.3, 0.3, 0.04, 0, 1, 238367, 200
 238600355, 0, 2, 0.3, 0.3, 0.04, 0, 1, 238567, 200
 238800275, 0, 2, 0.3, 0.3, 0.04, 0, 1, 238767, 200
 239000195, 0, 2, 0.3, 0.3, 0.04, 0, 1, 238967, 200
 239200115, 0, 2, 0.3, 0.3, 0.04, 0, 1, 239167, 200
 239400868, 0, 2, 0.3, 0.3, 0.04, 0, 1, 239367, 200
 239600788, 0, 2, 0.3, 0.3, 0.04, 0, 1, 239567, 200
 239800708, 0, 2, 0.3, 0.3, 0.04, 0, 1, 239767, 200
 240000628, 0, 2, 0.3, 0.3, 0.04, 0, 1, 239967, 200
 240200548, 0, 2, 0.3, 0.3, 0.04, 0, 1, 240167, 200
 240400468, 0, 2, 0.3, 0.3, 0.04, 0, 1, 240367, 200
 240600388, 0, 2, 0.3, 0.3, 0.04, 0, 1, 240567, 200
 240800308, 0, 2, 0.3, 0.3, 0.04, 0, 1, 240767, 200
 241000228, 0, 2, 0.3, 0.3, 0.04, 0, 1, 240967, 200
 241200148, 0, 2, 0.3, 0.3, 0.04, 0, 1, 241167, 200
 241400901, 0, 2, 0.3, 0.3, 0.04, 0, 1, 241367, 200
 241600821, 0, 2, 0.3, 0.3, 0.04, 0, 1, 241567, 200
 241800741, 0, 2, 0.3, 0.3, 0.04, 0, 1, 241767, 200
 242000661, 0, 2, 0.3, 0.3, 0.04, 0, 1, 241967, 200
 242200581, 0, 2, 0.3, 0.3, 0.04, 0, 1, 242167, 200
 242400501, 0, 2, 0.3, 0.3, 0.04, 0, 1, 242367, 200
 242600421, 0, 2, 0.3, 0.3, 0.04, 0, 1, 242567, 200
 242800341, 0, 2, 0.3, 0.3, 0.04, 0, 1, 242767, 200
 243000261, 0, 2, 0.3, 0.3, 0.04, 0, 1, 242967, 200
 243200181, 0, 2, 0.3, 0.3, 0.04, 0, 1, 243167, 200
 243400101, 0, 2, 0.3, 0.3, 0.04, 0, 1, 243367, 200
 243600854, 0, 2, 0.3, 0.3, 0.04, 0, 1, 243567, 200
 243800774, 0, 2, 0.3, 0.3, 0.04, 0, 1, 243767, 200
 244000694, 0, 2, 0.3, 0.3, 0.04, 0, 1, 243967, 200
 244200614, 0, 2, 0.3, 0.3, 0.04, 0, 1, 244167, 200
 244400534, 0, 2, 0.3, 0.3, 0.04, 0, 1, 244367, 200
 244600454, 0, 2, 0.3, 0.3, 0.04, 0, 1, 244567, 200
 244800374, 0, 2, 0.3, 0.3, 0.04, 0, 1, 244767, 200
 245000294, 0, 2, 0.3, 0.3, 0.04, 0, 1, 244967, 200
 245200214, 0, 2, 0.3, 0.3, 0.04, 0, 1, 245167, 200
 245400134, 0, 2, 0.3, 0.3, 0.04, 0, 1, 245367, 200
 245600887, 0, 2, 0.3, 0.3, 0.04, 0, 1, 245567, 200
 245800807, 0, 2, 0.3, 0.3, 0.04, 0, 1, 245767, 200
 246000727, 0, 2, 0.3, 0.3, 0.04, 0, 1, 245967, 200
 246200647, 0, 2, 0.3, 0.3, 0.04, 0, 1, 246167, 200
 246400567, 0, 2, 0.3, 0.3, 0.04, 0, 1, 246367, 200
 246600487, 0, 2, 0.3, 0.3, 0.04, 0, 1, 246567, 200
 246800407, 0, 2, 0.3, 0.3, 0.04, 0, 1, 246767, 200
 247000327, 0, 2, 0.3, 0.3, 0.04, 0, 1, 246967, 200
 247200247, 0, 2, 0.3, 0.3, 0.04, 0, 1, 247167, 200
 247400167, 0, 2, 0.3, 0.3, 0.04, 0, 1, 247367, 200
 247600920, 0, 2, 0.3, 0.3, 0.04, 0, 1, 247567, 200
 247800840, 0, 2, 0.3, 0.3, 0.04, 0, 1, 247767, 200
 248000760, 0, 2, 0.3, 0.3, 0.04, 0, 1, 247967, 200
 248200680, 0, 2, 0.3, 0.3, 0.04, 0, 1, 248167, 200
 248400600, 0, 2, 0.3, 0.3, 0.04, 0, 1, 248367, 200
 248600520, 0, 2, 0.3, 0.3, 0.04, 0, 1, 248567, 200
 248800440, 0, 2, 0.3, 0.3, 0.04, 0, 1, 248767, 200
 249000360, 0, 2, 0.3, 0.3, 0.04, 0, 1, 248967, 200
 249200280, 0, 2, 0.3, 0.3, 0.04, 0, 1, 249167, 200
 249400200, 0, 2, 0.3, 0.3, 0.04, 0, 1, 249367, 200
 249600120, 0, 2, 0.3, 0.3, 0.04, 0, 1, 249567, 200
 249800873, 0, 2, 0.3, 0.3, 0.04, 0, 1, 249767, 200
 250000793, 0, 2, 0.3, 0.3, 0.04, 0, 1, 249967, 200
 250200713, 0, 2, 0.3, 0.3, 0.04, 0, 1, 250167, 200
 250400633, 0, 2, 0.3, 0.3, 0.04, 0, 1, 250367, 200
 250600553, 0, 2, 0.3, 0.3, 0.04, 0, 1, 250567, 200
 250800473, 0, 2, 0.3, 0.3, 0.04, 0, 1, 250767, 200
 251000393, 0, 2, 0.3, 0.3, 0.04, 0, 1, 250967, 200
 251200313, 0, 2, 0.3, 0.3, 0.04, 0, 1, 251167, 200
 251400233, 0, 2, 0.3, 0.3, 0.04, 0, 1, 251367, 200
 251600153, 0, 2, 0.3, 0.3, 0.04, 0, 1, 251567, 200
 251800906, 0, 2, 0.3, 0.3, 0.04, 0, 1, 251767, 200
 252000826, 0, 2, 0.3, 0.3, 0.04, 0, 1, 251967, 200
 252200746, 0, 2, 0.3, 0.3, 0.04, 0, 1, 252167, 200
 252400666, 0, 2, 0.3, 0.3, 0.04, 0, 1, 252367, 200
 252600586, 0, 2, 0.3, 0.3, 0.04, 0, 1, 252567, 200
 252800506, 0, 2, 0.3, 0.3, 0.04, 0, 1, 252767, 200
 253000426, 0, 2, 0.3, 0.3, 0.04, 0, 1, 252967, 200
 253200346, 0, 2, 0.3, 0.3, 0.04, 0, 1, 253167, 200
 253400266, 0, 2, 0.3, 0.3, 0.04, 0, 1, 253367, 200
 253600186, 0, 2, 0.3, 0.3, 0.04, 0, 1, 253567, 200
 253800106, 0, 2, 0.3, 0.3, 0.04, 0, 1, 253767, 200
 254000859, 0, 2, 0.3, 0.3, 0.04, 0, 1, 253967, 200
 254200779, 0, 2, 0.3, 0.3, 0.04, 0, 1, 254167, 200
 254400699, 0, 2, 0.3, 0.3, 0.04, 0, 1, 254367, 200
 254600619, 0, 2, 0.3, 0.3, 0.04, 0, 1, 254567, 200
 254800539, 0, 2, 0.3, 0.3, 0.04, 0, 1, 254767, 200
 255000459, 0, 2, 0.3, 0.3, 0.04, 0, 1, 254967, 200
 255200379, 0, 2, 0.3, 0.3, 0.04, 0, 1, 255167, 200
 255400299, 0, 2, 0.3, 0.3, 0.04, 0, 1, 255367, 200
 255600219, 0, 2, 0.3, 0.3, 0.04, 0, 1, 255567, 200
 255800139, 0, 2, 0.3, 0.3, 0.04, 0, 1, 255767, 200
 256000892, 0, 2, 0.3, 0.3, 0.04, 0, 1, 255967, 200
 256200812, 0, 2, 0.3, 0.3, 0.04, 0, 1, 256167, 200
 256400732, 0, 2, 0.3, 0.3, 0.04, 0, 1, 256367, 200
 256600652, 0, 2, 0.3, 0.3, 0.04, 0, 1, 256567, 200
 256800572, 0, 2, 0.3, 0.3, 0.04, 0, 1, 256767, 200
 257000492, 0, 2, 0.3, 0.3, 0.04, 0, 1, 256967, 200
 257200412, 0, 2, 0.3, 0.3, 0.04, 0, 1, 257167, 200
 257400332, 0, 2, 0.3, 0.3, 0.04, 0, 1, 257367, 200
 257600252, 0, 2, 0.3, 0.3, 0.04, 0, 1, 257567, 200
 257800172, 0, 2, 0.3, 0.3, 0.04, 0, 1, 257767, 200
 258000925, 0, 2, 0.3, 0.3, 0.04, 0, 1, 257967, 200
 258200845, 0, 2, 0.3, 0.3, 0.04, 0, 1, 258167, 200
 258400765, 0, 2, 0.3, 0.3, 0.04, 0, 1, 258367, 200
 258600685, 0, 2, 0.3, 0.3, 0.04, 0, 1, 258567, 200
 258800605, 0, 2, 0.3, 0.3, 0.04, 0, 1, 258767, 200
 259000525, 0, 2, 0.3, 0.3, 0.04, 0, 1, 258967, 200
 259200445, 0, 2, 0.3, 0.3, 0.04, 0, 1, 259167, 200
 259400365, 0, 2, 0.3, 0.3, 0.04, 0, 1, 259367, 200
 259600285, 0, 2, 0.3, 0.3, 0.04, 0, 1, 259567, 200
 259800205, 0, 2, 0.3, 0.3, 0.04, 0, 1, 259767, 200
 260000125, 0, 2, 0.3, 0.3, 0.04, 0, 1, 259967, 200
 260200878, 0, 2, 0.3, 0.3, 0.04, 0, 1, 260167, 200
 260400798, 0, 2, 0.3, 0.3, 0.04, 0, 1, 260367, 200
 260600718, 0, 2, 0.3, 0.3, 0.04, 0, 1, 260567, 200
 260800638, 0, 2, 0.3, 0.3, 0.04, 0, 1, 260767, 200
 261000558, 0, 2, 0.3, 0.3, 0.04, 0, 1, 260967, 200
 261200478, 0, 2, 0.3, 0.3, 0.04, 0, 1, 261167, 200
 261400398, 0, 2, 0.3, 0.3, 0.04, 0, 1, 261367, 200
 261600318, 0, 2, 0.3, 0.3, 0.04, 0, 1, 261567, 200
 261800238, 0, 2, 0.3, 0.3, 0.04, 0, 1, 261767, 200
 262000158, 0, 2, 0.3, 0.3, 0.04, 0, 1, 261967, 200
 262200911, 0, 2, 0.3, 0.3, 0.04, 0, 1, 262167, 200
 262400831, 0, 2, 0.3, 0.3, 0.04, 0, 1, 262367, 200
 262600751, 0, 2, 0.3, 0.3, 0.04, 0, 1, 262567, 200
 262800671, 0, 2, 0.3, 0.3, 0.04, 0, 1, 262767, 200
 263000591, 0, 2, 0.3, 0.3, 0.04, 0, 1, 262967, 200
 263200511, 0, 2, 0.3, 0.3, 0.04, 0, 1, 263167, 200
 263400431, 0, 2, 0.3, 0.3, 0.04, 0, 1, 263367, 200
 263600351, 0, 2, 0.3, 0.3, 0.04, 0, 1, 263567, 200
 263800271, 0, 2, 0.3, 0.3, 0.04, 0, 1, 263767, 200
 264000191, 0, 2, 0.3, 0.3, 0.04, 0, 1, 263967, 200
 264200111, 0, 2, 0.3, 0.3, 0.04, 0, 1, 264167, 200
 264400864, 0, 2, 0.3, 0.3, 0.04, 0, 1, 264367, 200
 264600784, 0, 2, 0.3, 0.3, 0.04, 0, 1, 264567, 200
 264800704, 0, 2, 0.3, 0.3, 0.04, 0, 1, 264767, 200
 265000624, 0, 2, 0.3, 0.3, 0.04, 0, 1, 264967, 200
 265200544, 0, 2, 0.3, 0.3, 0.04, 0, 1, 265167, 200
 265400464, 0, 2, 0.3, 0.3, 0.04, 0, 1, 265367, 200
 265600384, 0, 2, 0.3, 0.3, 0.04, 0, 1, 265567, 200
 265800304, 0, 2, 0.3, 0.3, 0.04, 0, 1, 265767, 200
 266000224, 0, 2, 0.3, 0.3, 0.04, 0, 1, 265967, 200
 266200144, 0, 2, 0.3, 0.3, 0.04, 0, 1, 266167, 200
 266400897, 0, 2, 0.3, 0.3, 0.04, 0, 1, 266367, 200
 266600817, 0, 2, 0.3, 0.3, 0.04, 0, 1, 266567, 200
 266800737, 0, 2, 0.3, 0.3, 0.04, 0, 1, 266767, 200
 267000657, 0, 2, 0.3, 0.3, 0.04, 0, 1, 266967, 200
 267200577, 0, 2, 0.3, 0.3, 0.04, 0, 1, 267167, 200
 267400497, 0, 2, 0.3, 0.3, 0.04, 0, 1, 267367, 200
 267600417, 0, 2, 0.3, 0.3, 0.04, 0, 1, 267567, 200
 267800337, 0, 2, 0.3, 0.3, 0.04, 0, 1, 267767, 200
 268000257, 0, 2, 0.3, 0.3, 0.04, 0, 1, 267967, 200
 268200177, 0, 2, 0.3, 0.3, 0.04, 0, 1, 268167, 200
 268400930, 0, 2, 0.3, 0.3, 0.04, 0, 1, 268367, 200
 268600850, 0, 2, 0.3, 0.3, 0.04, 0, 1, 268567, 200
 268800770, 0, 2, 0.3, 0.3, 0.04, 0, 1, 268767, 200
 269000690, 0, 2, 0.3, 0.3, 0.04, 0, 1, 268967, 200
 269200610, 0, 2, 0.3, 0.3, 0.04, 0, 1, 269167, 200
 269400530, 0, 2, 0.3, 0.3, 0.04, 0, 1, 269367, 200
 269600450, 0, 2, 0.3, 0.3, 0.04, 0, 1, 269567, 200
 269800370, 0, 2, 0.3, 0.3, 0.04, 0, 1, 269767, 200
 270000290, 0, 2, 0.3, 0.3, 0.04, 0, 1, 269967, 200
 270200210, 0, 2, 0.3, 0.3, 0.04, 0, 1, 270167, 200
 270400130, 0, 2, 0.3, 0.3, 0.04, 0, 1, 270367, 200
 270600883, 0, 2, 0.3, 0.3, 0.04, 0, 1, 270567, 200
 270800803, 0, 2, 0.3, 0.3, 0.04, 0, 1, 270767, 200
 271000723, 0, 2, 0.3, 0.3, 0.04, 0, 1, 270967, 200
 271200643, 0, 2, 0.3, 0.3, 0.04, 0, 1, 271167, 200
 271400563, 0, 2, 0.3, 0.3, 0.04, 0, 1, 271367, 200
 271600483, 0, 2, 0.3, 0.3, 0.04, 0, 1, 271567, 200
 271800403, 0, 2, 0.3, 0.3, 0.04, 0, 1, 271767, 200
 272000323, 0, 2, 0.3, 0.3, 0.04, 0, 1, 271967, 200
 272200243, 0, 2, 0.3, 0.3, 0.04, 0, 1, 272167, 200
 272400163, 0, 2, 0.3, 0.3, 0.04, 0, 1, 272367, 200
 272600916, 0, 2, 0.3, 0.3, 0.04, 0, 1, 272567, 200
 272800836, 0, 2, 0.3, 0.3, 0.04, 0, 1, 272767, 200
 273000756, 0, 2, 0.3, 0.3, 0.04, 0, 1, 272967, 200
 273200676, 0, 2, 0.3, 0.3, 0.04, 0, 1, 273167, 200
 273400596, 0, 2, 0.3, 0.3, 0.04, 0, 1, 273367, 200
 273600516, 0, 2, 0.3, 0.3, 0.04, 0, 1, 273567, 200
 273800436, 0, 2, 0.3, 0.3, 0.04, 0, 1, 273767, 200
 274000356, 0, 2, 0.3, 0.3, 0.04, 0, 1, 273967, 200
 274200276, 0, 2, 0.3, 0.3, 0.04, 0, 1, 274167, 200
 274400196, 0, 2, 0.3, 0.3, 0.04, 0, 1, 274367, 200
 274600116, 0, 2, 0.3, 0.3, 0.04, 0, 1, 274567, 200
 274800869, 0, 2, 0.3, 0.3, 0.04, 0, 1, 274767, 200
 275000789, 0, 2, 0.3, 0.3, 0.04, 0, 1, 274967, 200
 275200709, 0, 2, 0.3, 0.3, 0.04, 0, 1, 275167, 200
 275400629, 0, 2, 0.3, 0.3, 0.04, 0, 1, 275367, 200
 275600549, 0, 2, 0.3, 0.3, 0.04, 0, 1, 275567, 200
 275800469, 0, 2, 0.3, 0.3, 0.04, 0, 1, 275767, 200
 276000389, 0, 2, 0.3, 0.3, 0.04, 0, 1, 275967, 200
 276200309, 0, 2, 0.3, 0.3, 0.04, 0, 1, 276167, 200
 276400229, 0, 2, 0.3, 0.3, 0.04, 0, 1, 276367, 200
 276600149, 0, 2, 0.3, 0.3, 0.04, 0, 1, 276567, 200
 276800902, 0, 2, 0.3, 0.3, 0.04, 0, 1, 276767, 200
 277000822, 0, 2, 0.3, 0.3, 0.04, 0, 1, 276967, 200
 277200742, 0, 2, 0.3, 0.3, 0.04, 0, 1, 277167, 200
 277400662, 0, 2, 0.3, 0.3, 0.04, 0, 1, 277367, 200
 277600582, 0, 2, 0.3, 0.3, 0.04, 0, 1, 277567, 200
 277800502, 0, 2, 0.3, 0.3, 0.04, 0, 1, 277767, 200
 278000422, 0, 2, 0.3, 0.3, 0.04, 0, 1, 277967, 200
 278200342, 0, 2, 0.3, 0.3, 0.04, 0, 1, 278167, 200
 278400262, 0, 2, 0.3, 0.3, 0.04, 0, 1, 278367, 200
 278600182, 0, 2, 0.3, 0.3, 0.04, 0, 1, 278567, 200
 278800102, 0, 2, 0.3, 0.3, 0.04, 0, 1, 278767, 200
 279000855, 0, 2, 0.3, 0.3, 0.04, 0, 1, 278967, 200
 279200775, 0, 2, 0.3, 0.3, 0.04, 0, 1, 279167, 200
 279400695, 0, 2, 0.3, 0.3, 0.04, 0, 1, 279367, 200
 279600615, 0, 2, 0.3, 0.3, 0.04, 0, 1, 279567, 200
 279800535, 0, 2, 0.3, 0.3, 0.04, 0, 1, 279767, 200
 280000455, 0, 2, 0.3, 0.3, 0.04, 0, 1, 279967, 200
 280200375, 0, 2, 0.3, 0.3, 0.04, 0, 1, 280167, 200
 280400295, 0, 2, 0.3, 0.3, 0.04, 0, 1, 280367, 200
 280600215, 0, 2, 0.3, 0.3, 0.04, 0, 1, 280567, 200
 280800135, 0, 2, 0.3, 0.3, 0.04, 0, 1, 280767, 200
 281000888, 0, 2, 0.3, 0.3, 0.04, 0, 1, 280967, 200
 281200808, 0, 2, 0.3, 0.3, 0.04, 0, 1, 281167, 200
 281400728, 0, 2, 0.3, 0.3, 0.04, 0, 1, 281367, 200
 281600648, 0, 2, 0.3, 0.3, 0.04, 0, 1, 281567, 200
 281800568, 0, 2, 0.3, 0.3, 0.04, 0, 1, 281767, 200
 282000488, 0, 2, 0.3, 0.3, 0.04, 0, 1, 281967, 200
 282200408, 0, 2, 0.3, 0.3, 0.04, 0, 1, 282167, 200
 282400328, 0, 2, 0.3, 0.3, 0.04, 0, 1, 282367, 200
 282600248, 0, 2, 0.3, 0.3, 0.04, 0, 1, 282567, 200
 282800168, 0, 2, 0.3, 0.3, 0.04, 0, 1, 282767, 200
 283000921, 0, 2, 0.3, 0.3, 0.04, 0, 1, 282967, 200
 283200841, 0, 2, 0.3, 0.3, 0.04, 0, 1, 283167, 200
 283400761, 0, 2, 0.3, 0.3, 0.04, 0, 1, 283367, 200
 283600681, 0, 2, 0.3, 0.3, 0.04, 0, 1, 283567, 200
 283800601, 0, 2, 0.3, 0.3, 0.04, 0, 1, 283767, 200
 284000521, 0, 2, 0.3, 0.3, 0.04, 0, 1, 283967, 200
 284200441, 0, 2, 0.3, 0.3, 0.04, 0, 1, 284167, 200
 284400361, 0, 2, 0.3, 0.3, 0.04, 0, 1, 284367, 200
 284600281, 0, 2, 0.3, 0.3, 0.04, 0, 1, 284567, 200
 284800201, 0, 2, 0.3, 0.3, 0.04, 0, 1, 284767, 200
 285000121, 0, 2, 0.3, 0.3, 0.04, 0, 1, 284967, 200
 285200874, 0, 2, 0.3, 0.3, 0.04, 0, 1, 285167, 200
 285400794, 0, 2, 0.3, 0.3, 0.04, 0, 1, 285367, 200
 285600714, 0, 2, 0.3, 0.3, 0.04, 0, 1, 285567, 200
 285800634, 0, 2, 0.3, 0.3, 0.04, 0, 1, 285767, 200
 286000554, 0, 2, 0.3, 0.3, 0.04, 0, 1, 285967, 200
 286200474, 0, 2, 0.3, 0.3, 0.04, 0, 1, 286167, 200
 286400394, 0, 2, 0.3, 0.3, 0.04, 0, 1, 286367, 200
 286600314, 0, 2, 0.3, 0.3, 0.04, 0, 1, 286567, 200
 286800234, 0, 2, 0.3, 0.3, 0.04, 0, 1, 286767, 200
 287000154, 0, 2, 0.3, 0.3, 0.04, 0, 1, 286967, 200
 287200907, 0, 2, 0.3, 0.3, 0.04, 0, 1, 287167, 200
 287400827, 0, 2, 0.3, 0.3, 0.04, 0, 1, 287367, 200
 287600747, 0, 2, 0.3, 0.3, 0.04, 0, 1, 287567, 200
 287800667, 0, 2, 0.3, 0.3, 0.04, 0, 1, 287767, 200
 288000587, 0, 2, 0.3, 0.3, 0.04, 0, 1, 287967, 200
 288200507, 0, 2, 0.3, 0.3, 0.04, 0, 1, 288167, 200
 288400427, 0, 2, 0.3, 0.3, 0.04, 0, 1, 288367, 200
 288600347, 0, 2, 0.3, 0.3, 0.04, 0, 1, 288567, 200
 288800267, 0, 2, 0.3, 0.3, 0.04, 0, 1, 288767, 200
 289000187, 0, 2, 0.3, 0.3, 0.04, 0, 1, 288967, 200
 289200107, 0, 2, 0.3, 0.3, 0.04, 0, 1, 289167, 200
 289400860, 0, 2, 0.3, 0.3, 0.04, 0, 1, 289367, 200
 289600780, 0, 2, 0.3, 0.3, 0.04, 0, 1, 289567, 200
 289800700, 0, 2, 0.3, 0.3, 0.04, 0, 1, 289767, 200
 290000620, 0, 2, 0.3, 0.3, 0.04, 0, 1, 289967, 200
 290200540, 0, 2, 0.3, 0.3, 0.04, 0, 1, 290167, 200
 290400460, 0, 2, 0.3, 0.3, 0.04, 0, 1, 290367, 200
 290600380, 0, 2, 0.3, 0.3, 0.04, 0, 1, 290567, 200
 290800300, 0, 2, 0.3, 0.3, 0.04, 0, 1, 290767, 200
 291000220, 0, 2, 0.3, 0.3, 0.04, 0, 1, 290967, 200
 291200140, 0, 2, 0.3, 0.3, 0.04, 0, 1, 291167, 200
 291400893, 0, 2, 0.3, 0.3, 0.04, 0, 1, 291367, 200
 291600813, 0, 2, 0.3, 0.3, 0.04, 0, 1, 291567, 200
 291800733, 0, 2, 0.3, 0.3, 0.04, 0, 1, 291767, 200
 292000653, 0, 2, 0.3, 0.3, 0.04, 0, 1, 291967, 200
 292200573, 0, 2, 0.3, 0.3, 0.04, 0, 1, 292167, 200
 292400493, 0, 2, 0.3, 0.3, 0.04, 0, 1, 292367, 200
 292600413, 0, 2, 0.3, 0.3, 0.04, 0, 1, 292567, 200
 292800333, 0, 2, 0.3, 0.3, 0.04, 0, 1, 292767, 200
 293000253, 0, 2, 0.3, 0.3, 0.04, 0, 1, 292967, 200
 293200173, 0, 2, 0.3, 0.3, 0.04, 0, 1, 293167, 200
 293400926, 0, 2, 0.3, 0.3, 0.04, 0, 1, 293367, 200
 293600846, 0, 2, 0.3, 0.3, 0.04, 0, 1, 293567, 200
 293800766, 0, 2, 0.3, 0.3, 0.04, 0, 1, 293767, 200
 294000686, 0, 2, 0.3, 0.3, 0.04, 0, 1, 293967, 200
 294200606, 0, 2, 0.3, 0.3, 0.04, 0, 1, 294167, 200
 294400526, 0, 2, 0.3, 0.3, 0.04, 0, 1, 294367, 200
 294600446, 0, 2, 0.3, 0.3, 0.04, 0, 1, 294567, 200
 294800366, 0, 2, 0.3, 0.3, 0.04, 0, 1, 294767, 200
 295000286, 0, 2, 0.3, 0.3, 0.04, 0, 1, 294967, 200
 295200206, 0, 2, 0.3, 0.3, 0.04, 0, 1, 295167, 200
 295400126, 0, 2, 0.3, 0.3, 0.04, 0, 1, 295367, 200
 295600879, 0, 2, 0.3, 0.3, 0.04, 0, 1, 295567, 200
 295800799, 0, 2, 0.3, 0.3, 0.04, 0, 1, 295767, 200
 296000719, 0, 2, 0.3, 0.3, 0.04, 0, 1, 295967, 200
 296200639, 0, 2, 0.3, 0.3, 0.04, 0, 1, 296167, 200
 296400559, 0, 2, 0.3, 0.3, 0.04, 0, 1, 296367, 200
 296600479, 0, 2, 0.3, 0.3, 0.04, 0, 1, 296567, 200
 296800399, 0, 2, 0.3, 0.3, 0.04, 0, 1, 296767, 200
 297000319, 0, 2, 0.3, 0.3, 0.04, 0, 1, 296967, 200
 297200239, 0, 2, 0.3, 0.3, 0.04, 0, 1, 297167, 200
 297400159, 0, 2, 0.3, 0.3, 0.04, 0, 1, 297367, 200
 297600912, 0, 2, 0.3, 0.3, 0.04, 0, 1, 297567, 200
 297800832, 0, 2, 0.3, 0.3, 0.04, 0, 1, 297767, 200
 298000752, 0, 2, 0.3, 0.3, 0.04, 0, 1, 297967, 200
 298200672, 0, 2, 0.3, 0.3, 0.04, 0, 1, 298167, 200
 298400592, 0, 2, 0.3, 0.3, 0.04, 0, 1, 298367, 200
 298600512, 0, 2, 0.3, 0.3, 0.04, 0, 1, 298567, 200
 298800432, 0, 2, 0.3, 0.3, 0.04, 0, 1, 298767, 200
 299000352, 0, 2, 0.3, 0.3, 0.04, 0, 1, 298967, 200
 299200272, 0, 2, 0.3, 0.3, 0.04, 0, 1, 299167, 200
 299400192, 0, 2, 0.3, 0.3, 0.04, 0, 1, 299367, 200
 299600112, 0, 2, 0.3, 0.3, 0.04, 0, 1, 299567, 200
 299800865, 0, 2, 0.3, 0.3, 0.04, 0, 1, 299767, 200
 300000785, 0, 2, 0.3, 0.3, 0.04, 0, 1, 299967, 200
 300200705, 0, 2, 0.3, 0.3, 0.04, 0, 1, 300167, 200
 300400625, 0, 2, 0.3, 0.3, 0.04, 0, 1, 300367, 200
 300600545, 0, 2, 0.3, 0.3, 0.04, 0, 1, 300567, 200
 300800465, 0, 2, 0.3, 0.3, 0.04, 0, 1, 300767, 200
 301000385, 0, 2, 0.3, 0.3, 0.04, 0, 1, 300967, 200
 301200305, 0, 2, 0.3, 0.3, 0.04, 0, 1, 301167, 200
 301400225, 0, 2, 0.3, 0.3, 0.04, 0, 1, 301367, 200
 301600145, 0, 2, 0.3, 0.3, 0.04, 0, 1, 301567, 200
 301800898, 0, 2, 0.3, 0.3, 0.04, 0, 1, 301767, 200
 302000818, 0, 2, 0.3, 0.3, 0.04, 0, 1, 301967, 200
 302200738, 0, 2, 0.3, 0.3, 0.04, 0, 1, 302167, 200
 302400658, 0, 2, 0.3, 0.3, 0.04, 0, 1, 302367, 200
 302600578, 0, 2, 0.3, 0.3, 0.04, 0, 1, 302567, 200
 302800498, 0, 2, 0.3, 0.3, 0.04, 0, 1, 302767, 200
 303000418, 0, 2, 0.3, 0.3, 0.04, 0, 1, 302967, 200
 303200338, 0, 2, 0.3, 0.3, 0.04, 0, 1, 303167, 200
 303400258, 0, 2, 0.3, 0.3, 0.04, 0, 1, 303367, 200
 303600178, 0, 2, 0.3, 0.3, 0.04, 0, 1, 303567, 200
 303800931, 0, 2, 0.3, 0.3, 0.04, 0, 1, 303767, 200
 304000851, 0, 2, 0.3, 0.3, 0.04, 0, 1, 303967, 200
 304200771, 0, 2, 0.3, 0.3, 0.04, 0, 1, 304167, 200
 304400691, 0, 2, 0.3, 0.3, 0.04, 0, 1, 304367, 200
 304600611, 0, 2, 0.3, 0.3, 0.04, 0, 1, 304567, 200
 304800531, 0, 2, 0.3, 0.3, 0.04, 0, 1, 304767, 200
 305000451, 0, 2, 0.3, 0.3, 0.04, 0, 1, 304967, 200
 305200371, 0, 2, 0.3, 0.3, 0.04, 0, 1, 305167, 200
 305400291, 0, 2, 0.3, 0.3, 0.04, 0, 1, 305367, 200
 305600211, 0, 2, 0.3, 0.3, 0.04, 0, 1, 305567, 200
 305800131, 0, 2, 0.3, 0.3, 0.04, 0, 1, 305767, 200
 306000884, 0, 2, 0.3, 0.3, 0.04, 0, 1, 305967, 200
 306200804, 0, 2, 0.3, 0.3, 0.04, 0, 1, 306167, 200
 306400724, 0, 2, 0.3, 0.3, 0.04, 0, 1, 306367, 200
 306600644, 0, 2, 0.3, 0.3, 0.04, 0, 1, 306567, 200
 306800564, 0, 2, 0.3, 0.3, 0.04, 0, 1, 306767, 200
 307000484, 0, 2, 0.3, 0.3, 0.04, 0, 1, 306967, 200
 307200404, 0, 2, 0.3, 0.3, 0.04, 0, 1, 307167, 200
 307400324, 0, 2, 0.3, 0.3, 0.04, 0, 1, 307367, 200
 307600244, 0, 2, 0.3, 0.3, 0.04, 0, 1, 307567, 200
 307800164, 0, 2, 0.3, 0.3, 0.04, 0, 1, 307767, 200
 308000917, 0, 2, 0.3, 0.3, 0.04, 0, 1, 307967, 200
 308200837, 0, 2, 0.3, 0.3, 0.04, 0, 1, 308167, 200
 308400757, 0, 2, 0.3, 0.3, 0.04, 0, 1, 308367, 200
 308600677, 0, 2, 0.3, 0.3, 0.04, 0, 1, 308567, 200
 308800597, 0, 2, 0.3, 0.3, 0.04, 0, 1, 308767, 200
 309000517, 0, 2, 0.3, 0.3, 0.04, 0, 1, 308967, 200
 309200437, 0, 2, 0.3, 0.3, 0.04, 0, 1, 309167, 200
 309400357, 0, 2, 0.3, 0.3, 0.04, 0, 1, 309367, 200
 309600277, 0, 2, 0.3, 0.3, 0.04, 0, 1, 309567, 200
 309800197, 0, 2, 0.3, 0.3, 0.04, 0, 1, 309767, 200
 310000117, 0, 2, 0.3, 0.3, 0.04, 0, 1, 309967, 200
 310200870, 0, 2, 0.3, 0.3, 0.04, 0, 1, 310167, 200
 310400790, 0, 2, 0.3, 0.3, 0.04, 0, 1, 310367, 200
 310600710, 0, 2, 0.3, 0.3, 0.04, 0, 1, 310567, 200
 310800630, 0, 2, 0.3, 0.3, 0.04, 0, 1, 310767, 200
 311000550, 0, 2, 0.3, 0.3, 0.04, 0, 1, 310967, 200
 311200470, 0, 2, 0.3, 0.3, 0.04, 0, 1, 311167, 200
 311400390, 0, 2, 0.3, 0.3, 0.04, 0, 1, 311367, 200
 311600310, 0, 2, 0.3, 0.3, 0.04, 0, 1, 311567, 200
 311800230, 0, 2, 0.3, 0.3, 0.04, 0, 1, 311767, 200
 312000150, 0, 2, 0.3, 0.3, 0.04, 0, 1, 311967, 200
 312200903, 0, 2, 0.3, 0.3, 0.04, 0, 1, 312167, 200
 312400823, 0, 2, 0.3, 0.3, 0.04, 0, 1, 312367, 200
 312600743, 0, 2, 0.3, 0.3, 0.04, 0, 1, 312567, 200
 312800663, 0, 2, 0.3, 0.3, 0.04, 0, 1, 312767, 200
 313000583, 0, 2, 0.3, 0.3, 0.04, 0, 1, 312967, 200
 313200503, 0, 2, 0.3, 0.3, 0.04, 0, 1, 313167, 200
 313400423, 0, 2, 0.3, 0.3, 0.04, 0, 1, 313367, 200
 313600343, 0, 2, 0.3, 0.3, 0.04, 0, 1, 313567, 200
 313800263, 0, 2, 0.3, 0.3, 0.04, 0, 1, 313767, 200
 314000183, 0, 2, 0.3, 0.3, 0.04, 0, 1, 313967, 200
 314200103, 0, 2, 0.3, 0.3, 0.04, 0, 1, 314167, 200
 314400856, 0, 2, 0.3, 0.3, 0.04, 0, 1, 314367, 200
 314600776, 0, 2, 0.3, 0.3, 0.04, 0, 1, 314567, 200
 314800696, 0, 2, 0.3, 0.3, 0.04, 0, 1, 314767, 200
 315000616, 0, 2, 0.3, 0.3, 0.04, 0, 1, 314967, 200
 315200536, 0, 2, 0.3, 0.3, 0.04, 0, 1, 315167, 200
 315400456, 0, 2, 0.3, 0.3, 0.04, 0, 1, 315367, 200
 315600376, 0, 2, 0.3, 0.3, 0.04, 0, 1, 315567, 200
 315800296, 0, 2, 0.3, 0.3, 0.04, 0, 1, 315767, 200
 316000216, 0, 2, 0.3, 0.3, 0.04, 0, 1, 315967, 200
 316200136, 0, 2, 0.3, 0.3, 0.04, 0, 1, 316167, 200
 316400889, 0, 2, 0.3, 0.3, 0.04, 0, 1, 316367, 200
 316600809, 0, 2, 0.3, 0.3, 0.04, 0, 1, 316567, 200
 316800729, 0, 2, 0.3, 0.3, 0.04, 0, 1, 316767, 200
 317000649, 0, 2, 0.3, 0.3, 0.04, 0, 1, 316967, 200
 317200569, 0, 2, 0.3, 0.3, 0.04, 0, 1, 317167, 200
 317400489, 0, 2, 0.3, 0.3, 0.04, 0, 1, 317367, 200
 317600409, 0, 2, 0.3, 0.3, 0.04, 0, 1, 317567, 200
 317800329, 0, 2, 0.3, 0.3, 0.04, 0, 1, 317767, 200
 318000249, 0, 2, 0.3, 0.3, 0.04, 0, 1, 317967, 200
 318200169, 0, 2, 0.3, 0.3, 0.04, 0, 1, 318167, 200
 318400922, 0, 2, 0.3, 0.3, 0.04, 0, 1, 318367, 200
 318600842, 0, 2, 0.3, 0.3, 0.04, 0, 1, 318567, 200
 318800762, 0, 2, 0.3, 0.3, 0.04, 0, 1, 318767, 200
 319000682, 0, 2, 0.3, 0.3, 0.04, 0, 1, 318967, 200
 319200602, 0, 2, 0.3, 0.3, 0.04, 0, 1, 319167, 200
 319400522, 0, 2, 0.3, 0.3, 0.04, 0, 1, 319367, 200
 319600442, 0, 2, 0.3, 0.3, 0.04, 0, 1, 319567, 200
 319800362, 0, 2, 0.3, 0.3, 0.04, 0, 1, 319767, 200
 320000282, 0, 2, 0.3, 0.3, 0.04, 0, 1, 319967, 200
 320200202, 0, 2, 0.3, 0.3, 0.04, 0, 1, 320167, 200
 320400122, 0, 2, 0.3, 0.3, 0.04, 0, 1, 320367, 200
 320600875, 0, 2, 0.3, 0.3, 0.04, 0, 1, 320567, 200
 320800795, 0, 2, 0.3, 0.3, 0.04, 0, 1, 320767, 200
 321000715, 0, 2, 0.3, 0.3, 0.04, 0, 1, 320967, 200
 321200635, 0, 2, 0.3, 0.3, 0.04, 0, 1, 321167, 200
 321400555, 0, 2, 0.3, 0.3, 0.04, 0, 1, 321367, 200
 321600475, 0, 2, 0.3, 0.3, 0.04, 0, 1, 321567, 200
 321800395, 0, 2, 0.3, 0.3, 0.04, 0, 1, 321767, 200
 322000315, 0, 2, 0.3, 0.3, 0.04, 0, 1, 321967, 200
 322200235, 0, 2, 0.3, 0.3, 0.04, 0, 1, 322167, 200
 322400155, 0, 2, 0.3, 0.3, 0.04, 0, 1, 322367, 200
 322600908, 0, 2, 0.3, 0.3, 0.04, 0, 1, 322567, 200
 322800828, 0, 2, 0.3, 0.3, 0.04, 0, 1, 322767, 200
 323000748, 0, 2, 0.3, 0.3, 0.04, 0, 1, 322967, 200
 323200668, 0, 2, 0.3, 0.3, 0.04, 0, 1, 323167, 200
 323400588, 0, 2, 0.3, 0.3, 0.04, 0, 1, 323367, 200
 323600508, 0, 2, 0.3, 0.3, 0.04, 0, 1, 323567, 200
 323800428, 0, 2, 0.3, 0.3, 0.04, 0, 1, 323767, 200
 324000348, 0, 2, 0.3, 0.3, 0.04, 0, 1, 323967, 200
 324200268, 0, 2, 0.3, 0.3, 0.04, 0, 1, 324167, 200
 324400188, 0, 2, 0.3, 0.3, 0.04, 0, 1, 324367, 200
 324600108, 0, 2, 0.3, 0.3, 0.04, 0, 1, 324567, 200
 324800861, 0, 2, 0.3, 0.3, 0.04, 0, 1, 324767, 200
 325000781, 0, 2, 0.3, 0.3, 0.04, 0, 1, 324967, 200
 325200701, 0, 2, 0.3, 0.3, 0.04, 0, 1, 325167, 200
 325400621, 0, 2, 0.3, 0.3, 0.04, 0, 1, 325367, 200
 325600541, 0, 2, 0.3, 0.3, 0.04, 0, 1, 325567, 200
 325800461, 0, 2, 0.3, 0.3, 0.04, 0, 1, 325767, 200
 326000381, 0, 2, 0.3, 0.3, 0.04, 0, 1, 325967, 200
 326200301, 0, 2, 0.3, 0.3, 0.04, 0, 1, 326167, 200
 326400221, 0, 2, 0.3, 0.3, 0.04, 0, 1, 326367, 200
 326600141, 0, 2, 0.3, 0.3, 0.04, 0, 1, 326567, 200
 326800894, 0, 2, 0.3, 0.3, 0.04, 0, 1, 326767, 200
 327000814, 0, 2, 0.3, 0.3, 0.04, 0, 1, 326967, 200
 327200734, 0, 2, 0.3, 0.3, 0.04, 0, 1, 327167, 200
 327400654, 0, 2, 0.3, 0.3, 0.04, 0, 1, 327367, 200
 327600574, 0, 2, 0.3, 0.3, 0.04, 0, 1, 327567, 200
 327800494, 0, 2, 0.3, 0.3, 0.04, 0, 1, 327767, 200
 328000414, 0, 2, 0.3, 0.3, 0.04, 0, 1, 327967, 200
 328200334, 0, 2, 0.3, 0.3, 0.04, 0, 1, 328167, 200
 328400254, 0, 2, 0.3, 0.3, 0.04, 0, 1, 328367, 200
 328600174, 0, 2, 0.3, 0.3, 0.04, 0, 1, 328567, 200
 328800927, 0, 2, 0.3, 0.3, 0.04, 0, 1, 328767, 200
 329000847, 0, 2, 0.3, 0.3, 0.04, 0, 1, 328967, 200
 329200767, 0, 2, 0.3, 0.3, 0.04, 0, 1, 329167, 200
 329400687, 0, 2, 0.3, 0.3, 0.04, 0, 1, 329367, 200
 329600607, 0, 2, 0.3, 0.3, 0.04, 0, 1, 329567, 200
 329800527, 0, 2, 0.3, 0.3, 0.04, 0, 1, 329767, 200
 330000447, 0, 2, 0.3, 0.3, 0.04, 0, 1, 329967, 200
 330200367, 0, 2, 0.3, 0.3, 0.04, 0, 1, 330167, 200
 330400287, 0, 2, 0.3, 0.3, 0.04, 0, 1, 330367, 200
 330600207, 0, 2, 0.3, 0.3, 0.04, 0, 1, 330567, 200
 330800127, 0, 2, 0.3, 0.3, 0.04, 0, 1, 330767, 200
 331000880, 0, 2, 0.3, 0.3, 0.04, 0, 1, 330967, 200
 331200800, 0, 2, 0.3, 0.3, 0.04, 0, 1, 331167, 200
 331400720, 0, 2, 0.3, 0.3, 0.04, 0, 1, 331367, 200
 331600640, 0, 2, 0.3, 0.3, 0.04, 0, 1, 331567, 200
 331800560, 0, 2, 0.3, 0.3, 0.04, 0, 1, 331767, 200
 332000480, 0, 2, 0.3, 0.3, 0.04, 0, 1, 331967, 200
 332200400, 0, 2, 0.3, 0.3, 0.04, 0, 1, 332167, 200
 332400320, 0, 2, 0.3, 0.3, 0.04, 0, 1, 332367, 200
 332600240, 0, 2, 0.3, 0.3, 0.04, 0, 1, 332567, 200
 332800160, 0, 2, 0.3, 0.3, 0.04, 0, 1, 332767, 200
 333000913, 0, 2, 0.3, 0.3, 0.04, 0, 1, 332967, 200
 333200833, 0, 2, 0.3, 0.3, 0.04, 0, 1, 333167, 200
 333400753, 0, 2, 0.3, 0.3, 0.04, 0, 1, 333367, 200
 333600673, 0, 2, 0.3, 0.3, 0.04, 0, 1, 333567, 200
 333800593, 0, 2, 0.3, 0.3, 0.04, 0, 1, 333767, 200
 334000513, 0, 2, 0.3, 0.3, 0.04, 0, 1, 333967, 200
 334200433, 0, 2, 0.3, 0.3, 0.04, 0, 1, 334167, 200
 334400353, 0, 2, 0.3, 0.3, 0.04, 0, 1, 334367, 200
 334600273, 0, 2, 0.3, 0.3, 0.04, 0, 1, 334567, 200
 334800193, 0, 2, 0.3, 0.3, 0.04, 0, 1, 334767, 200
 335000113, 0, 2, 0.3, 0.3, 0.04, 0, 1, 334967, 200
 335200866, 0, 2, 0.3, 0.3, 0.04, 0, 1, 335167, 200
 335400786, 0, 2, 0.3, 0.3, 0.04, 0, 1, 335367, 200
 335600706, 0, 2, 0.3, 0.3, 0.04, 0, 1, 335567, 200
 335800626, 0, 2, 0.3, 0.3, 0.04, 0, 1, 335767, 200
 336000546, 0, 2, 0.3, 0.3, 0.04, 0, 1, 335967, 200
 336200466, 0, 2, 0.3, 0.3, 0.04, 0, 1, 336167, 200
 336400386, 0, 2, 0.3, 0.3, 0.04, 0, 1, 336367, 200
 336600306, 0, 2, 0.3, 0.3, 0.04, 0, 1, 336567, 200
 336800226, 0, 2, 0.3, 0.3, 0.04, 0, 1, 336767, 200
 337000146, 0, 2, 0.3, 0.3, 0.04, 0, 1, 336967, 200
 337200899, 0, 2, 0.3, 0.3, 0.04, 0, 1, 337167, 200
 337400819, 0, 2, 0.3, 0.3, 0.04, 0, 1, 337367, 200
 337600739, 0, 2, 0.3, 0.3, 0.04, 0, 1, 337567, 200
 337800659, 0, 2, 0.3, 0.3, 0.04, 0, 1, 337767, 200
 338000579, 0, 2, 0.3, 0.3, 0.04, 0, 1, 337967, 200
 338200499, 0, 2, 0.3, 0.3, 0.04, 0, 1, 338167, 200
 338400419, 0, 2, 0.3, 0.3, 0.04, 0, 1, 338367, 200
 338600339, 0, 2, 0.3, 0.3, 0.04, 0, 1, 338567, 200
 338800259, 0, 2, 0.3, 0.3, 0.04, 0, 1, 338767, 200
 339000179, 0, 2, 0.3, 0.3, 0.04, 0, 1, 338967, 200
 339200099, 0, 2, 0.3, 0.3, 0.04, 0, 1, 339167, 200
 339400852, 0, 2, 0.3, 0.3, 0.04, 0, 1, 339367, 200
 339600772, 0, 2, 0.3, 0.3, 0.04, 0, 1, 339567, 200
 339800692, 0, 2, 0.3, 0.3, 0.04, 0, 1, 339767, 200
 340000612, 0, 2, 0.3, 0.3, 0.04, 0, 1, 339967, 200
 340200532, 0, 2, 0.3, 0.3, 0.04, 0, 1, 340167, 200
 340400452, 0, 2, 0.3, 0.3, 0.04, 0, 1, 340367, 200
 340600372, 0, 2, 0.3, 0.3, 0.04, 0, 1, 340567, 200
 340800292, 0, 2, 0.3, 0.3, 0.04, 0, 1, 340767, 200
 341000212, 0, 2, 0.3, 0.3, 0.04, 0, 1, 340967, 200
 341200132, 0, 2, 0.3, 0.3, 0.04, 0, 1, 341167, 200
 341400885, 0, 2, 0.3, 0.3, 0.04, 0, 1, 341367, 200
 341600805, 0, 2, 0.3, 0.3, 0.04, 0, 1, 341567, 200
 341800725, 0, 2, 0.3, 0.3, 0.04, 0, 1, 341767, 200
 342000645, 0, 2, 0.3, 0.3, 0.04, 0, 1, 341967, 200
 342200565, 0, 2, 0.3, 0.3, 0.04, 0, 1, 342167, 200
 342400485, 0, 2, 0.3, 0.3, 0.04, 0, 1, 342367, 200
 342600405, 0, 2, 0.3, 0.3, 0.04, 0, 1, 342567, 200
 342800325, 0, 2, 0.3, 0.3, 0.04, 0, 1, 342767, 200
 343000245, 0, 2, 0.3, 0.3, 0.04, 0, 1, 342967, 200
 343200165, 0, 2, 0.3, 0.3, 0.04, 0, 1, 343167, 200
 343400918, 0, 2, 0.3, 0.3, 0.04, 0, 1, 343367, 200
 343600838, 0, 2, 0.3, 0.3, 0.04, 0, 1, 343567, 200
 343800758, 0, 2, 0.3, 0.3, 0.04, 0, 1, 343767, 200
 344000678, 0, 2, 0.3, 0.3, 0.04, 0, 1, 343967, 200
 344200598, 0, 2, 0.3, 0.3, 0.04, 0, 1, 344167, 200
 344400518, 0, 2, 0.3, 0.3, 0.04, 0, 1, 344367, 200
 344600438, 0, 2, 0.3, 0.3, 0.04, 0, 1, 344567, 200
 344800358, 0, 2, 0.3, 0.3, 0.04, 0, 1, 344767, 200
 345000278, 0, 2, 0.3, 0.3, 0.04, 0, 1, 344967, 200
 345200198, 0, 2, 0.3, 0.3, 0.04, 0, 1, 345167, 200
 345400118, 0, 2, 0.3, 0.3, 0.04, 0, 1, 345367, 200
 345600871, 0, 2, 0.3, 0.3, 0.04, 0, 1, 345567, 200
 345800791, 0, 2, 0.3, 0.3, 0.04, 0, 1, 345767, 200
 346000711, 0, 2, 0.3, 0.3, 0.04, 0, 1, 345967, 200
 346200631, 0, 2, 0.3, 0.3, 0.04, 0, 1, 346167, 200
 346400551, 0, 2, 0.3, 0.3, 0.04, 0, 1, 346367, 200
 346600471, 0, 2, 0.3, 0.3, 0.04, 0, 1, 346567, 200
 346800391, 0, 2, 0.3, 0.3, 0.04, 0, 1, 346767, 200
 347000311, 0, 2, 0.3, 0.3, 0.04, 0, 1, 346967, 200
 347200231, 0, 2, 0.3, 0.3, 0.04, 0, 1, 347167, 200
 347400151, 0, 2, 0.3, 0.3, 0.04, 0, 1, 347367, 200
 347600904, 0, 2, 0.3, 0.3, 0.04, 0, 1, 347567, 200
 347800824, 0, 2, 0.3, 0.3, 0.04, 0, 1, 347767, 200
 348000744, 0, 2, 0.3, 0.3, 0.04, 0, 1, 347967, 200
 348200664, 0, 2, 0.3, 0.3, 0.04, 0, 1, 348167, 200
 348400584, 0, 2, 0.3, 0.3, 0.04, 0, 1, 348367, 200
 348600504, 0, 2, 0.3, 0.3, 0.04, 0, 1, 348567, 200
 348800424, 0, 2, 0.3, 0.3, 0.04, 0, 1, 348767, 200
 349000344, 0, 2, 0.3, 0.3, 0.04, 0, 1, 348967, 200
 349200264, 0, 2, 0.3, 0.3, 0.04, 0, 1, 349167, 200
 349400184, 0, 2, 0.3, 0.3, 0.04, 0, 1, 349367, 200
 349600104, 0, 2, 0.3, 0.3, 0.04, 0, 1, 349567, 200
 349800857, 0, 2, 0.3, 0.3, 0.04, 0, 1, 349767, 200
 350000777, 0, 2, 0.3, 0.3, 0.04, 0, 1, 349967, 200
 350200697, 0, 2, 0.3, 0.3, 0.04, 0, 1, 350167, 200
 350400617, 0, 2, 0.3, 0.3, 0.04, 0, 1, 350367, 200
 350600537, 0, 2, 0.3, 0.3, 0.04, 0, 1, 350567, 200
 350800457, 0, 2, 0.3, 0.3, 0.04, 0, 1, 350767, 200
 351000377, 0, 2, 0.3, 0.3, 0.04, 0, 1, 350967, 200
 351200297, 0, 2, 0.3, 0.3, 0.04, 0, 1, 351167, 200
 351400217, 0, 2, 0.3, 0.3, 0.04, 0, 1, 351367, 200
 351600137, 0, 2, 0.3, 0.3, 0.04, 0, 1, 351567, 200
 351800890, 0, 2, 0.3, 0.3, 0.04, 0, 1, 351767, 200
 352000810, 0, 2, 0.3, 0.3, 0.04, 0, 1, 351967, 200
 352200730, 0, 2, 0.3, 0.3, 0.04, 0, 1, 352167, 200
 352400650, 0, 2, 0.3, 0.3, 0.04, 0, 1, 352367, 200
 352600570, 0, 2, 0.3, 0.3, 0.04, 0, 1, 352567, 200
 352800490, 0, 2, 0.3, 0.3, 0.04, 0, 1, 352767, 200
 353000410, 0, 2, 0.3, 0.3, 0.04, 0, 1, 352967, 200
 353200330, 0, 2, 0.3, 0.3, 0.04, 0, 1, 353167, 200
 353400250, 0, 2, 0.3, 0.3, 0.04, 0, 1, 353367, 200
 353600170, 0, 2, 0.3, 0.3, 0.04, 0, 1, 353567, 200
 353800923, 0, 2, 0.3, 0.3, 0.04, 0, 1, 353767, 200
 354000843, 0, 2, 0.3, 0.3, 0.04, 0, 1, 353967, 200
 354200763, 0, 2, 0.3, 0.3, 0.04, 0, 1, 354167, 200
 354400683, 0, 2, 0.3, 0.3, 0.04, 0, 1, 354367, 200
 354600603, 0, 2, 0.3, 0.3, 0.04, 0, 1, 354567, 200
 354800523, 0, 2, 0.3, 0.3, 0.04, 0, 1, 354767, 200
 355000443, 0, 2, 0.3, 0.3, 0.04, 0, 1, 354967, 200
 355200363, 0, 2, 0.3, 0.3, 0.04, 0, 1, 355167, 200
 355400283, 0, 2, 0.3, 0.3, 0.04, 0, 1, 355367, 200
 355600203, 0, 2, 0.3, 0.3, 0.04, 0, 1, 355567, 200
 355800123, 0, 2, 0.3, 0.3, 0.04, 0, 1, 355767, 200
 356000876, 0, 2, 0.3, 0.3, 0.04, 0, 1, 355967, 200
 356200796, 0, 2, 0.3, 0.3, 0.04, 0, 1, 356167, 200
 356400716, 0, 2, 0.3, 0.3, 0.04, 0, 1, 356367, 200
 356600636, 0, 2, 0.3, 0.3, 0.04, 0, 1, 356567, 200
 356800556, 0, 2, 0.3, 0.3, 0.04, 0, 1, 356767, 200
 357000476, 0, 2, 0.3, 0.3, 0.04, 0, 1, 356967, 200
 357200396, 0, 2, 0.3, 0.3, 0.04, 0, 1, 357167, 200
 357400316, 0, 2, 0.3, 0.3, 0.04, 0, 1, 357367, 200
 357600236, 0, 2, 0.3, 0.3, 0.04, 0, 1, 357567, 200
 357800156, 0, 2, 0.3, 0.3, 0.04, 0, 1, 357767, 200
 358000909, 0, 2, 0.3, 0.3, 0.04, 0, 1, 357967, 200
 358200829, 0, 2, 0.3, 0.3, 0.04, 0, 1, 358167, 200
 358400749, 0, 2, 0.3, 0.3, 0.04, 0, 1, 358367, 200
 358600669, 0, 2, 0.3, 0.3, 0.04, 0, 1, 358567, 200
 358800589, 0, 2, 0.3, 0.3, 0.04, 0, 1, 358767, 200
 359000509, 0, 2, 0.3, 0.3, 0.04, 0, 1, 358967, 200
 359200429, 0, 2, 0.3, 0.3, 0.04, 0, 1, 359167, 200
 359400349, 0, 2, 0.3, 0.3, 0.04, 0, 1, 359367, 200
 359600269, 0, 2, 0.3, 0.3, 0.04, 0, 1, 359567, 200
 359800189, 0, 2, 0.3, 0.3, 0.04, 0, 1, 359767, 200
 360000109, 0, 2, 0.3, 0.3, 0.04, 0, 1, 359967, 200
 360200862, 0, 2, 0.3, 0.3, 0.04, 0, 1, 360167, 200
 360400782, 0, 2, 0.3, 0.3, 0.04, 0, 1, 360367, 200
 360600702, 0, 2, 0.3, 0.3, 0.04, 0, 1, 360567, 200
 360800622, 0, 2, 0.3, 0.3, 0.04, 0, 1, 360767, 200
 361000542, 0, 2, 0.3, 0.3, 0.04, 0, 1, 360967, 200
 361200462, 0, 2, 0.3, 0.3, 0.04, 0, 1, 361167, 200
 361400382, 0, 2, 0.3, 0.3, 0.04, 0, 1, 361367, 200
 361600302, 0, 2, 0.3, 0.3, 0.04, 0, 1, 361567, 200
 361800222, 0, 2, 0.3, 0.3, 0.04, 0, 1, 361767, 200
 362000142, 0, 2, 0.3, 0.3, 0.04, 0, 1, 361967, 200
 362200895, 0, 2, 0.3, 0.3, 0.04, 0, 1, 362167, 200
 362400815, 0, 2, 0.3, 0.3, 0.04, 0, 1, 362367, 200
 362600735, 0, 2, 0.3, 0.3, 0.04, 0, 1, 362567, 200
 362800655, 0, 2, 0.3, 0.3, 0.04, 0, 1, 362767, 200
 363000575, 0, 2, 0.3, 0.3, 0.04, 0, 1, 362967, 200
 363200495, 0, 2, 0.3, 0.3, 0.04, 0, 1, 363167, 200
 363400415, 0, 2, 0.3, 0.3, 0.04, 0, 1, 363367, 200
 363600335, 0, 2, 0.3, 0.3, 0.04, 0, 1, 363567, 200
 363800255, 0, 2, 0.3, 0.3, 0.04, 0, 1, 363767, 200
 364000175, 0, 2, 0.3, 0.3, 0.04, 0, 1, 363967, 200
 364200928, 0, 2, 0.3, 0.3, 0.04, 0, 1, 364167, 200
 364400848, 0, 2, 0.3, 0.3, 0.04, 0, 1, 364367, 200
 364600768, 0, 2, 0.3, 0.3, 0.04, 0, 1, 364567, 200
 364800688, 0, 2, 0.3, 0.3, 0.04, 0, 1, 364767, 200
 365000608, 0, 2, 0.3, 0.3, 0.04, 0, 1, 364967, 200
 365200528, 0, 2, 0.3, 0.3, 0.04, 0, 1, 365167, 200
 365400448, 0, 2, 0.3, 0.3, 0.04, 0, 1, 365367, 200
 365600368, 0, 2, 0.3, 0.3, 0.04, 0, 1, 365567, 200
 365800288, 0, 2, 0.3, 0.3, 0.04, 0, 1, 365767, 200
 366000208, 0, 2, 0.3, 0.3, 0.04, 0, 1, 365967, 200
 366200128, 0, 2, 0.3, 0.3, 0.04, 0, 1, 366167, 200
 366400881, 0, 2, 0.3, 0.3, 0.04, 0, 1, 366367, 200
 366600801, 0, 2, 0.3, 0.3, 0.04, 0, 1, 366567, 200
 366800721, 0, 2, 0.3, 0.3, 0.04, 0, 1, 366767, 200
 367000641, 0, 2, 0.3, 0.3, 0.04, 0, 1, 366967, 200
 367200561, 0, 2, 0.3, 0.3, 0.04, 0, 1, 367167, 200
 367400481, 0, 2, 0.3, 0.3, 0.04, 0, 1, 367367, 200
 367600401, 0, 2, 0.3, 0.3, 0.04, 0, 1, 367567, 200
 367800321, 0, 2, 0.3, 0.3, 0.04, 0, 1, 367767, 200
 368000241, 0, 2, 0.3, 0.3, 0.04, 0, 1, 367967, 200
 368200161, 0, 2, 0.3, 0.3, 0.04, 0, 1, 368167, 200
 368400914, 0, 2, 0.3, 0.3, 0.04, 0, 1, 368367, 200
 368600834, 0, 2, 0.3, 0.3, 0.04, 0, 1, 368567, 200
 368800754, 0, 2, 0.3, 0.3, 0.04, 0, 1, 368767, 200
 369000674, 0, 2, 0.3, 0.3, 0.04, 0, 1, 368967, 200
 369200594, 0, 2, 0.3, 0.3, 0.04, 0, 1, 369167, 200
 369400514, 0, 2, 0.3, 0.3, 0.04, 0, 1, 369367, 200
 369600434, 0, 2, 0.3, 0.3, 0.04, 0, 1, 369567, 200
 369800354, 0, 2, 0.3, 0.3, 0.04, 0, 1, 369767, 200
 370000274, 0, 2, 0.3, 0.3, 0.04, 0, 1, 369967, 200
 370200194, 0, 2, 0.3, 0.3, 0.04, 0, 1, 370167, 200
 370400114, 0, 2, 0.3, 0.3, 0.04, 0, 1, 370367, 200
 370600867, 0, 2, 0.3, 0.3, 0.04, 0, 1, 370567, 200
 370800787, 0, 2, 0.3, 0.3, 0.04, 0, 1, 370767, 200
 371000707, 0, 2, 0.3, 0.3, 0.04, 0, 1, 370967, 200
 371200627, 0, 2, 0.3, 0.3, 0.04, 0, 1, 371167, 200
 371400547, 0, 2, 0.3, 0.3, 0.04, 0, 1, 371367, 200
 371600467, 0, 2, 0.3, 0.3, 0.04, 0, 1, 371567, 200
 371800387, 0, 2, 0.3, 0.3, 0.04, 0, 1, 371767, 200
 372000307, 0, 2, 0.3, 0.3, 0.04, 0, 1, 371967, 200
 372200227, 0, 2, 0.3, 0.3, 0.04, 0, 1, 372167, 200
 372400147, 0, 2, 0.3, 0.3, 0.04, 0, 1, 372367, 200
 372600900, 0, 2, 0.3, 0.3, 0.04, 0, 1, 372567, 200
 372800820, 0, 2, 0.3, 0.3, 0.04, 0, 1, 372767, 200
 373000740, 0, 2, 0.3, 0.3, 0.04, 0, 1, 372967, 200
 373200660, 0, 2, 0.3, 0.3, 0.04, 0, 1, 373167, 200
 373400580, 0, 2, 0.3, 0.3, 0.04, 0, 1, 373367, 200
 373600500, 0, 2, 0.3, 0.3, 0.04, 0, 1, 373567, 200
 373800420, 0, 2, 0.3, 0.3, 0.04, 0, 1, 373767, 200
 374000340, 0, 2, 0.3, 0.3, 0.04, 0, 1, 373967, 200
 374200260, 0, 2, 0.3, 0.3, 0.04, 0, 1, 374167, 200
 374400180, 0, 2, 0.3, 0.3, 0.04, 0, 1, 374367, 200
 374600100, 0, 2, 0.3, 0.3, 0.04, 0, 1, 374567, 200
 374800853, 0, 2, 0.3, 0.3, 0.04, 0, 1, 374767, 200
 375000773, 0, 2, 0.3, 0.3, 0.04, 0, 1, 374967, 200
 375200693, 0, 2, 0.3, 0.3, 0.04, 0, 1, 375167, 200
 375400613, 0, 2, 0.3, 0.3, 0.04, 0, 1, 375367, 200
 375600533, 0, 2, 0.3, 0.3, 0.04, 0, 1, 375567, 200
 375800453, 0, 2, 0.3, 0.3, 0.04, 0, 1, 375767, 200
 376000373, 0, 2, 0.3, 0.3, 0.04, 0, 1, 375967, 200
 376200293, 0, 2, 0.3, 0.3, 0.04, 0, 1, 376167, 200
 376400213, 0, 2, 0.3, 0.3, 0.04, 0, 1, 376367, 200
 376600133, 0, 2, 0.3, 0.3, 0.04, 0, 1, 376567, 200
 376800886, 0, 2, 0.3, 0.3, 0.04, 0, 1, 376767, 200
 377000806, 0, 2, 0.3, 0.3, 0.04, 0, 1, 376967, 200
 377200726, 0, 2, 0.3, 0.3, 0.04, 0, 1, 377167, 200
 377400646, 0, 2, 0.3, 0.3, 0.04, 0, 1, 377367, 200
 377600566, 0, 2, 0.3, 0.3, 0.04, 0, 1, 377567, 200
 377800486, 0, 2, 0.3, 0.3, 0.04, 0, 1, 377767, 200
 378000406, 0, 2, 0.3, 0.3, 0.04, 0, 1, 377967, 200
 378200326, 0, 2, 0.3, 0.3, 0.04, 0, 1, 378167, 200
 378400246, 0, 2, 0.3, 0.3, 0.04, 0, 1, 378367, 200
 378600166, 0, 2, 0.3, 0.3, 0.04, 0, 1, 378567, 200
 378800919, 0, 2, 0.3, 0.3, 0.04, 0, 1, 378767, 200
 379000839, 0, 2, 0.3, 0.3, 0.04, 0, 1, 378967, 200
 379200759, 0, 2, 0.3, 0.3, 0.04, 0, 1, 379167, 200
 379400679, 0, 2, 0.3, 0.3, 0.04, 0, 1, 379367, 200
 379600599, 0, 2, 0.3, 0.3, 0.04, 0, 1, 379567, 200
 379800519, 0, 2, 0.3, 0.3, 0.04, 0, 1, 379767, 200
 380000439, 0, 2, 0.3, 0.3, 0.04, 0, 1, 379967, 200
 380200359, 0, 2, 0.3, 0.3, 0.04, 0, 1, 380167, 200
 380400279, 0, 2, 0.3, 0.3, 0.04, 0, 1, 380367, 200
 380600199, 0, 2, 0.3, 0.3, 0.04, 0, 1, 380567, 200
 380800119, 0, 2, 0.3, 0.3, 0.04, 0, 1, 380767, 200
 381000872, 0, 2, 0.3, 0.3, 0.04, 0, 1, 380967, 200
 381200792, 0, 2, 0.3, 0.3, 0.04, 0, 1, 381167, 200
 381400712, 0, 2, 0.3, 0.3, 0.04, 0, 1, 381367, 200
 381600632, 0, 2, 0.3, 0.3, 0.04, 0, 1, 381567, 200
 381800552, 0, 2, 0.3, 0.3, 0.04, 0, 1, 381767, 200
 382000472, 0, 2, 0.3, 0.3, 0.04, 0, 1, 381967, 200
 382200392, 0, 2, 0.3, 0.3, 0.04, 0, 1, 382167, 200
 382400312, 0, 2, 0.3, 0.3, 0.04, 0, 1, 382367, 200
 382600232, 0, 2, 0.3, 0.3, 0.04, 0, 1, 382567, 200
 382800152, 0, 2, 0.3, 0.3, 0.04, 0, 1, 382767, 200
 383000905, 0, 2, 0.3, 0.3, 0.04, 0, 1, 382967, 200
 383200825, 0, 2, 0.3, 0.3, 0.04, 0, 1, 383167, 200
 383400745, 0, 2, 0.3, 0.3, 0.04, 0, 1, 383367, 200
 383600665, 0, 2, 0.3, 0.3, 0.04, 0, 1, 383567, 200
 383800585, 0, 2, 0.3, 0.3, 0.04, 0, 1, 383767, 200
 384000505, 0, 2, 0.3, 0.3, 0.04, 0, 1, 383967, 200
 384200425, 0, 2, 0.3, 0.3, 0.04, 0, 1, 384167, 200
 384400345, 0, 2, 0.3, 0.3, 0.04, 0, 1, 384367, 200
 384600265, 0, 2, 0.3, 0.3, 0.04, 0, 1, 384567, 200
 384800185, 0, 2, 0.3, 0.3, 0.04, 0, 1, 384767, 200
 385000105, 0, 2, 0.3, 0.3, 0.04, 0, 1, 384967, 200
 385200858, 0, 2, 0.3, 0.3, 0.04, 0, 1, 385167, 200
 385400778, 0, 2, 0.3, 0.3, 0.04, 0, 1, 385367, 200
 385600698, 0, 2, 0.3, 0.3, 0.04, 0, 1, 385567, 200
 385800618, 0, 2, 0.3, 0.3, 0.04, 0, 1, 385767, 200
 386000538, 0, 2, 0.3, 0.3, 0.04, 0, 1, 385967, 200
 386200458, 0, 2, 0.3, 0.3, 0.04, 0, 1, 386167, 200
 386400378, 0, 2, 0.3, 0.3, 0.04, 0, 1, 386367, 200
 386600298, 0, 2, 0.3, 0.3, 0.04, 0, 1, 386567, 200
 386800218, 0, 2, 0.3, 0.3, 0.04, 0, 1, 386767, 200
 387000138, 0, 2, 0.3, 0.3, 0.04, 0, 1, 386967, 200
 387200891, 0, 2, 0.3, 0.3, 0.04, 0, 1, 387167, 200
 387400811, 0, 2, 0.3, 0.3, 0.04, 0, 1, 387367, 200
 387600731, 0, 2, 0.3, 0.3, 0.04, 0, 1, 387567, 200
 387800651, 0, 2, 0.3, 0.3, 0.04, 0, 1, 387767, 200
 388000571, 0, 2, 0.3, 0.3, 0.04, 0, 1, 387967, 200
 388200491, 0, 2, 0.3, 0.3, 0.04, 0, 1, 388167, 200
 388400411, 0, 2, 0.3, 0.3, 0.04, 0, 1, 388367, 200
 388600331, 0, 2, 0.3, 0.3, 0.04, 0, 1, 388567, 200
 388800251, 0, 2, 0.3, 0.3, 0.04, 0, 1, 388767, 200
 389000171, 0, 2, 0.3, 0.3, 0.04, 0, 1, 388967, 200
 389200924, 0, 2, 0.3, 0.3, 0.04, 0, 1, 389167, 200
 389400844, 0, 2, 0.3, 0.3, 0.04, 0, 1, 389367, 200
 389600764, 0, 2, 0.3, 0.3, 0.04, 0, 1, 389567, 200
 389800684, 0, 2, 0.3, 0.3, 0.04, 0, 1, 389767, 200
 390000604, 0, 2, 0.3, 0.3, 0.04, 0, 1, 389967, 200
 390200524, 0, 2, 0.3, 0.3, 0.04, 0, 1, 390167, 200
 390400444, 0, 2, 0.3, 0.3, 0.04, 0, 1, 390367, 200
 390600364, 0, 2, 0.3, 0.3, 0.04, 0, 1, 390567, 200
 390800284, 0, 2, 0.3, 0.3, 0.04, 0, 1, 390767, 200
 391000204, 0, 2, 0.3, 0.3, 0.04, 0, 1, 390967, 200
 391200124, 0, 2, 0.3, 0.3, 0.04, 0, 1, 391167, 200
 391400877, 0, 2, 0.3, 0.3, 0.04, 0, 1, 391367, 200
 391600797, 0, 2, 0.3, 0.3, 0.04, 0, 1, 391567, 200
 391800717, 0, 2, 0.3, 0.3, 0.04, 0, 1, 391767, 200
 392000637, 0, 2, 0.3, 0.3, 0.04, 0, 1, 391967, 200
 392200557, 0, 2, 0.3, 0.3, 0.04, 0, 1, 392167, 200
 392400477, 0, 2, 0.3, 0.3, 0.04, 0, 1, 392367, 200
 392600397, 0, 2, 0.3, 0.3, 0.04, 0, 1, 392567, 200
 392800317, 0, 2, 0.3, 0.3, 0.04, 0, 1, 392767, 200
 393000237, 0, 2, 0.3, 0.3, 0.04, 0, 1, 392967, 200
 393200157, 0, 2, 0.3, 0.3, 0.04, 0, 1, 393167, 200
 393400910, 0, 2, 0.3, 0.3, 0.04, 0, 1, 393367, 200
 393600830, 0, 2, 0.3, 0.3, 0.04, 0, 1, 393567, 200
 393800750, 0, 2, 0.3, 0.3, 0.04, 0, 1, 393767, 200
 394000670, 0, 2, 0.3, 0.3, 0.04, 0, 1, 393967, 200
 394200590, 0, 2, 0.3, 0.3, 0.04, 0, 1, 394167, 200
 394400510, 0, 2, 0.3, 0.3, 0.04, 0, 1, 394367, 200
 394600430, 0, 2, 0.3, 0.3, 0.04, 0, 1, 394567, 200
 394800350, 0, 2, 0.3, 0.3, 0.04, 0, 1, 394767, 200
 395000270, 0, 2, 0.3, 0.3, 0.04, 0, 1, 394967, 200
 395200190, 0, 2, 0.3, 0.3, 0.04, 0, 1, 395167, 200
 395400110, 0, 2, 0.3, 0.3, 0.04, 0, 1, 395367, 200
 395600863, 0, 2, 0.3, 0.3, 0.04, 0, 1, 395567, 200
 395800783, 0, 2, 0.3, 0.3, 0.04, 0, 1, 395767, 200
 396000703, 0, 2, 0.3, 0.3, 0.04, 0, 1, 395967, 200
 396200623, 0, 2, 0.3, 0.3, 0.04, 0, 1, 396167, 200
 396400543, 0, 2, 0.3, 0.3, 0.04, 0, 1, 396367, 200
 396600463, 0, 2, 0.3, 0.3, 0.04, 0, 1, 396567, 200
 396800383, 0, 2, 0.3, 0.3, 0.04, 0, 1, 396767, 200
 397000303, 0, 2, 0.3, 0.3, 0.04, 0, 1, 396967, 200
 397200223, 0, 2, 0.3, 0.3, 0.04, 0, 1, 397167, 200
 397400143, 0, 2, 0.3, 0.3, 0.04, 0, 1, 397367, 200
 397600896, 0, 2, 0.3, 0.3, 0.04, 0, 1, 397567, 200
 397800816, 0, 2, 0.3, 0.3, 0.04, 0, 1, 397767, 200
 398000736, 0, 2, 0.3, 0.3, 0.04, 0, 1, 397967, 200
 398200656, 0, 2, 0.3, 0.3, 0.04, 0, 1, 398167, 200
 398400576, 0, 2, 0.3, 0.3, 0.04, 0, 1, 398367, 200
 398600496, 0, 2, 0.3, 0.3, 0.04, 0, 1, 398567, 200
 398800416, 0, 2, 0.3, 0.3, 0.04, 0, 1, 398767, 200
 399000336, 0, 2, 0.3, 0.3, 0.04, 0, 1, 398967, 200
 399200256, 0, 2, 0.3, 0.3, 0.04, 0, 1, 399167, 200
 399400176, 0, 2, 0.3, 0.3, 0.04, 0, 1, 399367, 200
 399600929, 0, 2, 0.3, 0.3, 0.04, 0, 1, 399567, 200
 399800849, 0, 2, 0.3, 0.3, 0.04, 0, 1, 399767, 200
 400000769, 0, 2, 0.3, 0.3, 0.04, 0, 1, 399967, 200
 400200689, 0, 2, 0.3, 0.3, 0.04, 0, 1, 400167, 200
 400400609, 0, 2, 0.3, 0.3, 0.04, 0, 1, 400367, 200
 400600529, 0, 2, 0.3, 0.3, 0.04, 0, 1, 400567, 200
 400800449, 0, 2, 0.3, 0.3, 0.04, 0, 1, 400767, 200
 401000369, 0, 2, 0.3, 0.3, 0.04, 0, 1, 400967, 200
 401200289, 0, 2, 0.3, 0.3, 0.04, 0, 1, 401167, 200
 401400209, 0, 2, 0.3, 0.3, 0.04, 0, 1, 401367, 200
 401600129, 0, 2, 0.3, 0.3, 0.04, 0, 1, 401567, 200
 401800882, 0, 2, 0.3, 0.3, 0.04, 0, 1, 401767, 200
 402000802, 0, 2, 0.3, 0.3, 0.04, 0, 1, 401967, 200
 402200722, 0, 2, 0.3, 0.3, 0.04, 0, 1, 402167, 200
 402400642, 0, 2, 0.3, 0.3, 0.04, 0, 1, 402367, 200
 402600562, 0, 2, 0.3, 0.3, 0.04, 0, 1, 402567, 200
 402800482, 0, 2, 0.3, 0.3, 0.04, 0, 1, 402767, 200
 403000402, 0, 2, 0.3, 0.3, 0.04, 0, 1, 402967, 200
 403200322, 0, 2, 0.3, 0.3, 0.04, 0, 1, 403167, 200
 403400242, 0, 2, 0.3, 0.3, 0.04, 0, 1, 403367, 200
 403600162, 0, 2, 0.3, 0.3, 0.04, 0, 1, 403567, 200
 403800915, 0, 2, 0.3, 0.3, 0.04, 0, 1, 403767, 200
 404000835, 0, 2, 0.3, 0.3, 0.04, 0, 1, 403967, 200
 404200755, 0, 2, 0.3, 0.3, 0.04, 0, 1, 404167, 200
 404400675, 0, 2, 0.3, 0.3, 0.04, 0, 1, 404367, 200
 404600595, 0, 2, 0.3, 0.3, 0.04, 0, 1, 404567, 200
 404800515, 0, 2, 0.3, 0.3, 0.04, 0, 1, 404767, 200
 405000435, 0, 2, 0.3, 0.3, 0.04, 0, 1, 404967, 200
 405200355, 0, 2, 0.3, 0.3, 0.04, 0, 1, 405167, 200
 405400275, 0, 2, 0.3, 0.3, 0.04, 0, 1, 405367, 200
 405600195, 0, 2, 0.3, 0.3, 0.04, 0, 1, 405567, 200
 405800115, 0, 2, 0.3, 0.3, 0.04, 0, 1, 405767, 200
 406000868, 0, 2, 0.3, 0.3, 0.04, 0, 1, 405967, 200
 406200788, 0, 2, 0.3, 0.3, 0.04, 0, 1, 406167, 200
 406400708, 0, 2, 0.3, 0.3, 0.04, 0, 1, 406367, 200
 406600628, 0, 2, 0.3, 0.3, 0.04, 0, 1, 406567, 200
 406800548, 0, 2, 0.3, 0.3, 0.04, 0, 1, 406767, 200
 407000468, 0, 2, 0.3, 0.3, 0.04, 0, 1, 406967, 200
 407200388, 0, 2, 0.3, 0.3, 0.04, 0, 1, 407167, 200
 407400308, 0, 2, 0.3, 0.3, 0.04, 0, 1, 407367, 200
 407600228, 0, 2, 0.3, 0.3, 0.04, 0, 1, 407567, 200
 407800148, 0, 2, 0.3, 0.3, 0.04, 0, 1, 407767, 200
 408000901, 0, 2, 0.3, 0.3, 0.04, 0, 1, 407967, 200
 408200821, 0, 2, 0.3, 0.3, 0.04, 0, 1, 408167, 200
 408400741, 0, 2, 0.3, 0.3, 0.04, 0, 1, 408367, 200
 408600661, 0, 2, 0.3, 0.3, 0.04, 0, 1, 408567, 200
 408800581, 0, 2, 0.3, 0.3, 0.04, 0, 1, 408767, 200
 409000501, 0, 2, 0.3, 0.3, 0.04, 0, 1, 408967, 200
 409200421, 0, 2, 0.3, 0.3, 0.04, 0, 1, 409167, 200
 409400341, 0, 2, 0.3, 0.3, 0.04, 0, 1, 409367, 200
 409600261, 0, 2, 0.3, 0.3, 0.04, 0, 1, 409567, 200
 409800181, 0, 2, 0.3, 0.3, 0.04, 0, 1, 409767, 200
 410000101, 0, 2, 0.3, 0.3, 0.04, 0, 1, 409967, 200
 410200854, 0, 2, 0.3, 0.3, 0.04, 0, 1, 410167, 200
 410400774, 0, 2, 0.3, 0.3, 0.04, 0, 1, 410367, 200
 410600694, 0, 2, 0.3, 0.3, 0.04, 0, 1, 410567, 200
 410800614, 0, 2, 0.3, 0.3, 0.04, 0, 1, 410767, 200
 411000534, 0, 2, 0.3, 0.3, 0.04, 0, 1, 410967, 200
 411200454, 0, 2, 0.3, 0.3, 0.04, 0, 1, 411167, 200
 411400374, 0, 2, 0.3, 0.3, 0.04, 0, 1, 411367, 200
 411600294, 0, 2, 0.3, 0.3, 0.04, 0, 1, 411567, 200
 411800214, 0, 2, 0.3, 0.3, 0.04, 0, 1, 411767, 200
 412000134, 0, 2, 0.3, 0.3, 0.04, 0, 1, 411967, 200
 412200887, 0, 2, 0.3, 0.3, 0.04, 0, 1, 412167, 200
 412400807, 0, 2, 0.3, 0.3, 0.04, 0, 1, 412367, 200
 412600727, 0, 2, 0.3, 0.3, 0.04, 0, 1, 412567, 200
 412800647, 0, 2, 0.3, 0.3, 0.04, 0, 1, 412767, 200
 413000567, 0, 2, 0.3, 0.3, 0.04, 0, 1, 412967, 200
 413200487, 0, 2, 0.3, 0.3, 0.04, 0, 1, 413167, 200
 413400407, 0, 2, 0.3, 0.3, 0.04, 0, 1, 413367, 200
 413600327, 0, 2, 0.3, 0.3, 0.04, 0, 1, 413567, 200
 413800247, 0, 2, 0.3, 0.3, 0.04, 0, 1, 413767, 200
 414000167, 0, 2, 0.3, 0.3, 0.04, 0, 1, 413967, 200
 414200920, 0, 2, 0.3, 0.3, 0.04, 0, 1, 414167, 200
 414400840, 0, 2, 0.3, 0.3, 0.04, 0, 1, 414367, 200
 414600760, 0, 2, 0.3, 0.3, 0.04, 0, 1, 414567, 200
 414800680, 0, 2, 0.3, 0.3, 0.04, 0, 1, 414767, 200
 415000600, 0, 2, 0.3, 0.3, 0.04, 0, 1, 414967, 200
 415200520, 0, 2, 0.3, 0.3, 0.04, 0, 1, 415167, 200
 415400440, 0, 2, 0.3, 0.3, 0.04, 0, 1, 415367, 200
 415600360, 0, 2, 0.3, 0.3, 0.04, 0, 1, 415567, 200
 415800280, 0, 2, 0.3, 0.3, 0.04, 0, 1, 415767, 200
 416000200, 0, 2, 0.3, 0.3, 0.04, 0, 1, 415967, 200
 416200120, 0, 2, 0.3, 0.3, 0.04, 0, 1, 416167, 200
 416400873, 0, 2, 0.3, 0.3, 0.04, 0, 1, 416367, 200
 416600793, 0, 2, 0.3, 0.3, 0.04, 0, 1, 416567, 200
 416800713, 0, 2, 0.3, 0.3, 0.04, 0, 1, 416767, 200
 417000633, 0, 2, 0.3, 0.3, 0.04, 0, 1, 416967, 200
 417200553, 0, 2, 0.3, 0.3, 0.04, 0, 1, 417167, 200
 417400473, 0, 2, 0.3, 0.3, 0.04, 0, 1, 417367, 200
 417600393, 0, 2, 0.3, 0.3, 0.04, 0, 1, 417567, 200
 417800313, 0, 2, 0.3, 0.3, 0.04, 0, 1, 417767, 200
 418000233, 0, 2, 0.3, 0.3, 0.04, 0, 1, 417967, 200
 418200153, 0, 2, 0.3, 0.3, 0.04, 0, 1, 418167, 200
 418400906, 0, 2, 0.3, 0.3, 0.04, 0, 1, 418367, 200
 418600826, 0, 2, 0.3, 0.3, 0.04, 0, 1, 418567, 200
 418800746, 0, 2, 0.3, 0.3, 0.04, 0, 1, 418767, 200
 419000666, 0, 2, 0.3, 0.3, 0.04, 0, 1, 418967, 200
 419200586, 0, 2, 0.3, 0.3, 0.04, 0, 1, 419167, 200
 419400506, 0, 2, 0.3, 0.3, 0.04, 0, 1, 419367, 200
 419600426, 0, 2, 0.3, 0.3, 0.04, 0, 1, 419567, 200
 419800346, 0, 2, 0.3, 0.3, 0.04, 0, 1, 419767, 200
 420000266, 0, 2, 0.3, 0.3, 0.04, 0, 1, 419967, 200
 420200186, 0, 2, 0.3, 0.3, 0.04, 0, 1, 420167, 200
 420400106, 0, 2, 0.3, 0.3, 0.04, 0, 1, 420367, 200
 420600859, 0, 2, 0.3, 0.3, 0.04, 0, 1, 420567, 200
 420800779, 0, 2, 0.3, 0.3, 0.04, 0, 1, 420767, 200
 421000699, 0, 2, 0.3, 0.3, 0.04, 0, 1, 420967, 200
 421200619, 0, 2, 0.3, 0.3, 0.04, 0, 1, 421167, 200
 421400539, 0, 2, 0.3, 0.3, 0.04, 0, 1, 421367, 200
 421600459, 0, 2, 0.3, 0.3, 0.04, 0, 1, 421567, 200
 421800379, 0, 2, 0.3, 0.3, 0.04, 0, 1, 421767, 200
 422000299, 0, 2, 0.3, 0.3, 0.04, 0, 1, 421967, 200
 422200219, 0, 2, 0.3, 0.3, 0.04, 0, 1, 422167, 200
 422400139, 0, 2, 0.3, 0.3, 0.04, 0, 1, 422367, 200
 422600892, 0, 2, 0.3, 0.3, 0.04, 0, 1, 422567, 200
 422800812, 0, 2, 0.3, 0.3, 0.04, 0, 1, 422767, 200
 423000732, 0, 2, 0.3, 0.3, 0.04, 0, 1, 422967, 200
 423200652, 0, 2, 0.3, 0.3, 0.04, 0, 1, 423167, 200
 423400572, 0, 2, 0.3, 0.3, 0.04, 0, 1, 423367, 200
 423600492, 0, 2, 0.3, 0.3, 0.04, 0, 1, 423567, 200
 423800412, 0, 2, 0.3, 0.3, 0.04, 0, 1, 423767, 200
 424000332, 0, 2, 0.3, 0.3, 0.04, 0, 1, 423967, 200
 424200252, 0, 2, 0.3, 0.3, 0.04, 0, 1, 424167, 200
 424400172, 0, 2, 0.3, 0.3, 0.04, 0, 1, 424367, 200
 424600925, 0, 2, 0.3, 0.3, 0.04, 0, 1, 424567, 200
 424800845, 0, 2, 0.3, 0.3, 0.04, 0, 1, 424767, 200
 425000765, 0, 2, 0.3, 0.3, 0.04, 0, 1, 424967, 200
 425200685, 0, 2, 0.3, 0.3, 0.04, 0, 1, 425167, 200
 425400605, 0, 2, 0.3, 0.3, 0.04, 0, 1, 425367, 200
 425600525, 0, 2, 0.3, 0.3, 0.04, 0, 1, 425567, 200
 425800445, 0, 2, 0.3, 0.3, 0.04, 0, 1, 425767, 200
 426000365, 0, 2, 0.3, 0.3, 0.04, 0, 1, 425967, 200
 426200285, 0, 2, 0.3, 0.3, 0.04, 0, 1, 426167, 200
 426400205, 0, 2, 0.3, 0.3, 0.04, 0, 1, 426367, 200
 426600125, 0, 2, 0.3, 0.3, 0.04, 0, 1, 426567, 200
 426800878, 0, 2, 0.3, 0.3, 0.04, 0, 1, 426767, 200
 427000798, 0, 2, 0.3, 0.3, 0.04, 0, 1, 426967, 200
 427200718, 0, 2, 0.3, 0.3, 0.04, 0, 1, 427167, 200
 427400638, 0, 2, 0.3, 0.3, 0.04, 0, 1, 427367, 200
 427600558, 0, 2, 0.3, 0.3, 0.04, 0, 1, 427567, 200
 427800478, 0, 2, 0.3, 0.3, 0.04, 0, 1, 427767, 200
 428000398, 0, 2, 0.3, 0.3, 0.04, 0, 1, 427967, 200
 428200318, 0, 2, 0.3, 0.3, 0.04, 0, 1, 428167, 200
 428400238, 0, 2, 0.3, 0.3, 0.04, 0, 1, 428367, 200
 428600158, 0, 2, 0.3, 0.3, 0.04, 0, 1, 428567, 200
 428800911, 0, 2, 0.3, 0.3, 0.04, 0, 1, 428767, 200
 429000831, 0, 2, 0.3, 0.3, 0.04, 0, 1, 428967, 200
 429200751, 0, 2, 0.3, 0.3, 0.04, 0, 1, 429167, 200
 429400671, 0, 2, 0.3, 0.3, 0.04, 0, 1, 429367, 200
 429600591, 0, 2, 0.3, 0.3, 0.04, 0, 1, 429567, 200
 429800511, 0, 2, 0.3, 0.3, 0.04, 0, 1, 429767, 200
 430000431, 0, 2, 0.3, 0.3, 0.04, 0, 1, 429967, 200
 430200351, 0, 2, 0.3, 0.3, 0.04, 0, 1, 430167, 200
 430400271, 0, 2, 0.3, 0.3, 0.04, 0, 1, 430367, 200
 430600191, 0, 2, 0.3, 0.3, 0.04, 0, 1, 430567, 200
 430800111, 0, 2, 0.3, 0.3, 0.04, 0, 1, 430767, 200
 431000864, 0, 2, 0.3, 0.3, 0.04, 0, 1, 430967, 200
 431200784, 0, 2, 0.3, 0.3, 0.04, 0, 1, 431167, 200
 431400704, 0, 2, 0.3, 0.3, 0.04, 0, 1, 431367, 200
 431600624, 0, 2, 0.3, 0.3, 0.04, 0, 1, 431567, 200
 431800544, 0, 2, 0.3, 0.3, 0.04, 0, 1, 431767, 200
 432000464, 0, 2, 0.3, 0.3, 0.04, 0, 1, 431967, 200
 432200384, 0, 2, 0.3, 0.3, 0.04, 0, 1, 432167, 200
 432400304, 0, 2, 0.3, 0.3, 0.04, 0, 1, 432367, 200
 432600224, 0, 2, 0.3, 0.3, 0.04, 0, 1, 432567, 200
 432800144, 0, 2, 0.3, 0.3, 0.04, 0, 1, 432767, 200
 433000897, 0, 2, 0.3, 0.3, 0.04, 0, 1, 432967, 200
 433200817, 0, 2, 0.3, 0.3, 0.04, 0, 1, 433167, 200
 433400737, 0, 2, 0.3, 0.3, 0.04, 0, 1, 433367, 200
 433600657, 0, 2, 0.3, 0.3, 0.04, 0, 1, 433567, 200
 433800577, 0, 2, 0.3, 0.3, 0.04, 0, 1, 433767, 200
 434000497, 0, 2, 0.3, 0.3, 0.04, 0, 1, 433967, 200
 434200417, 0, 2, 0.3, 0.3, 0.04, 0, 1, 434167, 200
 434400337, 0, 2, 0.3, 0.3, 0.04, 0, 1, 434367, 200
 434600257, 0, 2, 0.3, 0.3, 0.04, 0, 1, 434567, 200
 434800177, 0, 2, 0.3, 0.3, 0.04, 0, 1, 434767, 200
 435000930, 0, 2, 0.3, 0.3, 0.04, 0, 1, 434967, 200
 435200850, 0, 2, 0.3, 0.3, 0.04, 0, 1, 435167, 200
 435400770, 0, 2, 0.3, 0.3, 0.04, 0, 1, 435367, 200
 435600690, 0, 2, 0.3, 0.3, 0.04, 0, 1, 435567, 200
 435800610, 0, 2, 0.3, 0.3, 0.04, 0, 1, 435767, 200
 436000530, 0, 2, 0.3, 0.3, 0.04, 0, 1, 435967, 200
 436200450, 0, 2, 0.3, 0.3, 0.04, 0, 1, 436167, 200
 436400370, 0, 2, 0.3, 0.3, 0.04, 0, 1, 436367, 200
 436600290, 0, 2, 0.3, 0.3, 0.04, 0, 1, 436567, 200
 436800210, 0, 2, 0.3, 0.3, 0.04, 0, 1, 436767, 200
 437000130, 0, 2, 0.3, 0.3, 0.04, 0, 1, 436967, 200
 437200883, 0, 2, 0.3, 0.3, 0.04, 0, 1, 437167, 200
 437400803, 0, 2, 0.3, 0.3, 0.04, 0, 1, 437367, 200
 437600723, 0, 2, 0.3, 0.3, 0.04, 0, 1, 437567, 200
 437800643, 0, 2, 0.3, 0.3, 0.04, 0, 1, 437767, 200
 438000563, 0, 2, 0.3, 0.3, 0.04, 0, 1, 437967, 200
 438200483, 0, 2, 0.3, 0.3, 0.04, 0, 1, 438167, 200
 438400403, 0, 2, 0.3, 0.3, 0.04, 0, 1, 438367, 200
 438600323, 0, 2, 0.3, 0.3, 0.04, 0, 1, 438567, 200
 438800243, 0, 2, 0.3, 0.3, 0.04, 0, 1, 438767, 200
 439000163, 0, 2, 0.3, 0.3, 0.04, 0, 1, 438967, 200
 439200916, 0, 2, 0.3, 0.3, 0.04, 0, 1, 439167, 200
 439400836, 0, 2, 0.3, 0.3, 0.04, 0, 1, 439367, 200
 439600756, 0, 2, 0.3, 0.3, 0.04, 0, 1, 439567, 200
 439800676, 0, 2, 0.3, 0.3, 0.04, 0, 1, 439767, 200
 440000596, 0, 2, 0.3, 0.3, 0.04, 0, 1, 439967, 200
 440200516, 0, 2, 0.3, 0.3, 0.04, 0, 1, 440167, 200
 440400436, 0, 2, 0.3, 0.3, 0.04, 0, 1, 440367, 200
 440600356, 0, 2, 0.3, 0.3, 0.04, 0, 1, 440567, 200
 440800276, 0, 2, 0.3, 0.3, 0.04, 0, 1, 440767, 200
 441000196, 0, 2, 0.3, 0.3, 0.04, 0, 1, 440967, 200
 441200116, 0, 2, 0.3, 0.3, 0.04, 0, 1, 441167, 200
 441400869, 0, 2, 0.3, 0.3, 0.04, 0, 1, 441367, 200
 441600789, 0, 2, 0.3, 0.3, 0.04, 0, 1, 441567, 200
 441800709, 0, 2, 0.3, 0.3, 0.04, 0, 1, 441767, 200
 442000629, 0, 2, 0.3, 0.3, 0.04, 0, 1, 441967, 200
 442200549, 0, 2, 0.3, 0.3, 0.04, 0, 1, 442167, 200
 442400469, 0, 2, 0.3, 0.3, 0.04, 0, 1, 442367, 200
 442600389, 0, 2, 0.3, 0.3, 0.04, 0, 1, 442567, 200
 442800309, 0, 2, 0.3, 0.3, 0.04, 0, 1, 442767, 200
 443000229, 0, 2, 0.3, 0.3, 0.04, 0, 1, 442967, 200
 443200149, 0, 2, 0.3, 0.3, 0.04, 0, 1, 443167, 200
 443400902, 0, 2, 0.3, 0.3, 0.04, 0, 1, 443367, 200
 443600822, 0, 2, 0.3, 0.3, 0.04, 0, 1, 443567, 200
 443800742, 0, 2, 0.3, 0.3, 0.04, 0, 1, 443767, 200
 444000662, 0, 2, 0.3, 0.3, 0.04, 0, 1, 443967, 200
 444200582, 0, 2, 0.3, 0.3, 0.04, 0, 1, 444167, 200
 444400502, 0, 2, 0.3, 0.3, 0.04, 0, 1, 444367, 200
 444600422, 0, 2, 0.3, 0.3, 0.04, 0, 1, 444567, 200
 444800342, 0, 2, 0.3, 0.3, 0.04, 0, 1, 444767, 200
 445000262, 0, 2, 0.3, 0.3, 0.04, 0, 1, 444967, 200
 445200182, 0, 2, 0.3, 0.3, 0.04, 0, 1, 445167, 200
 445400102, 0, 2, 0.3, 0.3, 0.04, 0, 1, 445367, 200
 445600855, 0, 2, 0.3, 0.3, 0.04, 0, 1, 445567, 200
 445800775, 0, 2, 0.3, 0.3, 0.04, 0, 1, 445767, 200
 446000695, 0, 2, 0.3, 0.3, 0.04, 0, 1, 445967, 200
 446200615, 0, 2, 0.3, 0.3, 0.04, 0, 1, 446167, 200
 446400535, 0, 2, 0.3, 0.3, 0.04, 0, 1, 446367, 200
 446600455, 0, 2, 0.3, 0.3, 0.04, 0, 1, 446567, 200
 446800375, 0, 2, 0.3, 0.3, 0.04, 0, 1, 446767, 200
 447000295, 0, 2, 0.3, 0.3, 0.04, 0, 1, 446967, 200
 447200215, 0, 2, 0.3, 0.3, 0.04, 0, 1, 447167, 200
 447400135, 0, 2, 0.3, 0.3, 0.04, 0, 1, 447367, 200
 447600888, 0, 2, 0.3, 0.3, 0.04, 0, 1, 447567, 200
 447800808, 0, 2, 0.3, 0.3, 0.04, 0, 1, 447767, 200
 448000728, 0, 2, 0.3, 0.3, 0.04, 0, 1, 447967, 200
 448200648, 0, 2, 0.3, 0.3, 0.04, 0, 1, 448167, 200
 448400568, 0, 2, 0.3, 0.3, 0.04, 0, 1, 448367, 200
 448600488, 0, 2, 0.3, 0.3, 0.04, 0, 1, 448567, 200
 448800408, 0, 2, 0.3, 0.3, 0.04, 0, 1, 448767, 200
 449000328, 0, 2, 0.3, 0.3, 0.04, 0, 1, 448967, 200
 449200248, 0, 2, 0.3, 0.3, 0.04, 0, 1, 449167, 200
 449400168, 0, 2, 0.3, 0.3, 0.04, 0, 1, 449367, 200
 449600921, 0, 2, 0.3, 0.3, 0.04, 0, 1, 449567, 200
 449800841, 0, 2, 0.3, 0.3, 0.04, 0, 1, 449767, 200
