Time,Status,BARO_Alt,BARO_Press,BARO_Temp,CTUN_Alt,CTUN_DAlt,POS_Alt
832061209,0.0,74.18793000000001,93996.06529411764,30.91,74.30931636363636,74.332385,632.3539344262296
832081201,0.0,74.18237500000001,93996.1355882353,30.91,74.30591999999999,74.32897750000001,632.3514754098361
832081201,0.0,74.17682,93996.20588235294,30.91,74.30252363636363,74.32557,632.3490163934426
832121185,0.0,74.171265,93996.2761764706,30.91,74.29912727272726,74.3221625,632.3465573770492
832121185,0.0,74.16571,93996.34647058824,30.91,74.2957309090909,74.31875500000001,632.3440983606557
832121185,0.0,74.160155,93996.41676470588,30.91,74.29233454545454,74.3153475,632.3416393442623
832121185,0.0,74.1546,93996.48705882354,30.91,74.28893818181818,74.31194,632.3391803278688
832121185,0.0,74.149045,93996.55735294118,30.91,74.28554181818181,74.3085325,632.3367213114755
832121185,0.0,74.14349,93996.62764705882,30.91,74.28214545454544,74.305125,632.334262295082
832121185,0.0,74.137935,93996.69794117648,30.91,74.27874909090909,74.30171750000001,632.3318032786885
832121185,0.0,74.13238,93996.76823529412,30.91,74.27535272727272,74.29831,632.3293442622951
832121185,0.0,74.12682500000001,93996.83852941176,30.91,74.27195636363636,74.2949025,632.3268852459016
832121185,0.0,74.12127000000001,93996.90882352942,30.91,74.26856,74.291495,632.3244262295082
832121185,0.0,74.11571500000001,93996.97911764706,30.91,74.26516363636362,74.2880875,632.3219672131147
832121185,0.0,74.11016000000001,93997.0494117647,30.91,74.26176727272727,74.28468000000001,632.3195081967212
832121185,0.0,74.104605,93997.11970588236,30.91,74.2583709090909,74.2812725,632.3170491803279
832121185,0.0,74.09905,93997.19,30.91,74.25497454545454,74.277865,632.3145901639344
832121185,0.0,74.11273666666668,93996.92,30.91,74.25157818181818,74.27445750000001,632.312131147541
832121185,0.0,74.12642333333334,93996.65,30.91,74.2481818181818,74.27105,632.3096721311475
832121185,0.0,74.14011,93996.38,30.91,74.24478545454545,74.26764250000001,632.3072131147541
832121185,0.0,74.13483142857143,93996.4367857143,30.91,74.24138909090908,74.264235,632.3047540983606
832121185,0.0,74.12955285714287,93996.49357142858,30.91,74.23799272727273,74.2608275,632.3022950819671
832121185,0.0,74.12427428571429,93996.55035714286,30.91,74.23459636363636,74.25742000000001,632.2998360655737
832121185,0.0,74.11899571428572,93996.60714285714,30.91,74.2312,74.2540125,632.2973770491803
832121185,0.0,74.11371714285715,93996.66392857143,30.91,74.22780363636363,74.25060500000001,632.2949180327869
832121185,0.0,74.10843857142858,93996.72071428572,30.91,74.22440727272726,74.2471975,632.2924590163934
832121185,0.0,74.10316,93996.7775,30.91,74.22101090909091,74.24379,632.29
832121185,0.0,74.09788142857144,93996.83428571429,30.91,74.21761454545454,74.24038250000001,632.2851612903225
832121185,0.0,74.09260285714286,93996.89107142856,30.91,74.21421818181818,74.236975,632.2803225806451
832121185,0.0,74.08732428571429,93996.94785714286,30.91,74.21082181818181,74.2335675,632.2754838709677
832121185,0.0,74.08204571428573,93997.00464285717,30.91,74.20742545454544,74.23016000000001,632.2706451612903
832121185,0.0,74.07676714285715,93997.06142857144,30.91,74.20402909090909,74.2267525,632.2658064516129
832121185,0.0,74.07148857142857,93997.11821428571,30.91,74.20063272727272,74.22334500000001,632.2609677419355
832121185,0.0,74.06621000000001,93997.175,30.91,74.19723636363636,74.2199375,632.2561290322581
832121185,0.0,74.06093142857144,93997.23178571428,30.91,74.19384,74.21653,632.2512903225806
832121185,0.0,74.05565285714286,93997.28857142858,30.91,74.18759874999999,74.21027875,632.2464516129032
832121185,0.0,74.05037428571428,93997.34535714284,30.91,74.18135749999999,74.20402750000001,632.2416129032258
832121185,0.0,74.04509571428572,93997.40214285714,30.91,74.17511625,74.19777625,632.2367741935484
832161169,0.0,74.03981714285715,93997.45892857145,30.91,74.168875,74.19152500000001,632.231935483871
832161169,0.0,74.03453857142857,93997.51571428572,30.91,74.16263375,74.18527375000001,632.2270967741936
832201153,0.0,74.02926000000001,93997.5725,30.91,74.1563925,74.1790225,632.2222580645162
832201153,0.0,74.02398142857143,93997.62928571428,30.91,74.15015125,74.17277125000001,632.2174193548387
832201153,0.0,74.01870285714286,93997.68607142856,30.91,74.14390999999999,74.16652,632.2125806451612
832201153,0.0,74.0134242857143,93997.74285714286,30.91,74.13766874999999,74.16026875,632.2077419354838
832221145,0.0,74.00814571428572,93997.79964285716,30.91,74.1314275,74.15401750000001,632.2029032258064
832221145,0.0,74.00286714285714,93997.85642857142,30.91,74.12518625,74.14776625,632.198064516129
832221145,0.0,73.99758857142858,93997.91321428573,30.91,74.118945,74.141515,632.1932258064516
832221145,0.0,73.99231,93997.97,30.91,74.11270375,74.13526375000001,632.1883870967741
832221145,0.0,74.0009775,93997.9075,30.91,74.10646249999999,74.1290125,632.1835483870967
832221145,0.0,74.009645,93997.845,30.91,74.10022125,74.12276125000001,632.1787096774193
832221145,0.0,74.01831250000001,93997.7825,30.91,74.09398,74.11651,632.1738709677419
832221145,0.0,74.02698000000001,93997.72,30.91,74.08773875,74.11025875,632.1690322580645
832221145,0.0,74.03564750000001,93997.6575,30.91,74.0814975,74.10400750000001,632.1641935483871
832221145,0.0,74.04431500000001,93997.595,30.91,74.07525625,74.09775625,632.1593548387096
832221145,0.0,74.0529825,93997.5325,30.91,74.069015,74.09150500000001,632.1545161290322
832221145,0.0,74.06165,93997.47,30.91,74.06277374999999,74.08525375,632.1496774193548
832221145,0.0,74.0703175,93997.4075,30.91,74.0565325,74.0790025,632.1448387096774
832221145,0.0,74.078985,93997.345,30.91,74.05029125,74.07275125000001,632.14
832221145,0.0,74.0876525,93997.2825,30.91,74.04405,74.0665,632.135
832221145,0.0,74.09632,93997.22,30.91,74.04034425,74.06274925000001,632.13
832221145,0.0,74.0916720754717,93997.26339622642,30.910188679245284,74.0366385,74.0589985,632.125
832221145,0.0,74.0870241509434,93997.30679245284,30.910377358490567,74.03293275,74.05524775,632.12
832221145,0.0,74.0823762264151,93997.35018867924,30.910566037735848,74.02922699999999,74.05149700000001,632.115
832221145,0.0,74.0777283018868,93997.39358490566,30.91075471698113,74.02552125,74.04774625,632.11
832221145,0.0,74.0730803773585,93997.43698113208,30.91094339622641,74.0218155,74.04399550000001,632.105
832221145,0.0,74.0684324528302,93997.48037735849,30.9111320754717,74.01810975,74.04024475,632.1
832221145,0.0,74.0637845283019,93997.52377358492,30.911320754716986,74.014404,74.036494,632.095
832221145,0.0,74.0591366037736,93997.56716981131,30.911509433962262,74.01069825,74.03274325000001,632.09
832221145,0.0,74.05448867924528,93997.61056603774,30.911698113207542,74.0069925,74.0289925,632.085
832221145,0.0,74.04984075471698,93997.65396226416,30.91188679245283,74.00328675,74.02524175,632.08
832221145,0.0,74.04519283018868,93997.69735849056,30.91207547169812,73.999581,74.021491,632.075
832221145,0.0,74.04054490566038,93997.740754717,30.9122641509434,73.99587525,74.01774025,632.07
832221145,0.0,74.03589698113208,93997.7841509434,30.91245283018868,73.9921695,74.01398950000001,632.065
832221145,0.0,74.03124905660378,93997.8275471698,30.912641509433964,73.98846375,74.01023875,632.06
832221145,0.0,74.02660113207547,93997.87094339622,30.912830188679244,73.984758,74.006488,632.055
832221145,0.0,74.02195320754717,93997.91433962264,30.913018867924528,73.98105225,74.00273725000001,632.05
832221145,0.0,74.01730528301887,93997.95773584906,30.91320754716981,73.9773465,73.9989865,632.045
832241137,0.0,74.01265735849057,93998.00113207549,30.91339622641509,73.97364075,73.99523575,632.04
832241137,0.0,74.00800943396227,93998.04452830188,30.91358490566038,73.96993499999999,73.99148500000001,632.035
832281121,0.0,74.00336150943397,93998.0879245283,30.913773584905663,73.96622925,73.98773425,632.03
832281121,0.0,73.99871358490566,93998.13132075472,30.913962264150943,73.9625235,73.98398350000001,632.025
832321105,0.0,73.99406566037736,93998.17471698111,30.914150943396223,73.95881775,73.98023275,632.02
832321105,0.0,73.98941773584906,93998.21811320756,30.91433962264151,73.955112,73.976482,632.015
832321105,0.0,73.98476981132076,93998.26150943396,30.9145283018868,73.95140625,73.97273125000001,632.01
832321105,0.0,73.98012188679246,93998.30490566038,30.91471698113208,73.9477005,73.9689805,632.005
832321105,0.0,73.97547396226416,93998.3483018868,30.91490566037736,73.94399475,73.96522975,632.0
832321105,0.0,73.97082603773585,93998.3916981132,30.91509433962264,73.940289,73.961479,631.995
832321105,0.0,73.96617811320755,93998.43509433964,30.915283018867925,73.93658325,73.95772825,631.99
832321105,0.0,73.96153018867925,93998.47849056603,30.91547169811321,73.9328775,73.95397750000001,631.9872222222223
832321105,0.0,73.95688226415095,93998.52188679246,30.91566037735849,73.92917175,73.95022675,631.9844444444444
832321105,0.0,73.95223433962265,93998.56528301888,30.915849056603776,73.925466,73.946476,631.9816666666667
832321105,0.0,73.94758641509435,93998.60867924528,30.91603773584906,73.92176025,73.94272525000001,631.978888888889
832321105,0.0,73.94293849056604,93998.6520754717,30.91622641509434,73.9180545,73.9389745,631.9761111111111
832321105,0.0,73.93829056603774,93998.69547169813,30.916415094339623,73.91434875,73.93522375,631.9733333333334
832321105,0.0,73.93364264150944,93998.73886792452,30.916603773584907,73.910643,73.93147300000001,631.9705555555556
832321105,0.0,73.92899471698114,93998.78226415094,30.91679245283019,73.90693725,73.92772225,631.9677777777778
832321105,0.0,73.92434679245284,93998.82566037736,30.91698113207548,73.9032315,73.92397150000001,631.965
832321105,0.0,73.91969886792454,93998.86905660378,30.91716981132076,73.89952575,73.92022075,631.9622222222222
832321105,0.0,73.91505094339622,93998.9124528302,30.91735849056604,73.89582,73.91647,631.9594444444444
832321105,0.0,73.91040301886792,93998.9558490566,30.91754716981132,73.89197948717948,73.91262282051282,631.9566666666667
832321105,0.0,73.90575509433963,93998.99924528302,30.917735849056605,73.88813897435898,73.90877564102564,631.9538888888889
832321105,0.0,73.90110716981133,93999.04264150944,30.91792452830189,73.88429846153846,73.90492846153846,631.9511111111111
832321105,0.0,73.89645924528303,93999.08603773583,30.91811320754717,73.88045794871795,73.90108128205128,631.9483333333334
832321105,0.0,73.89181132075473,93999.12943396228,30.918301886792456,73.87661743589743,73.89723410256411,631.9455555555555
832321105,0.0,73.88716339622641,93999.17283018868,30.918490566037736,73.87277692307693,73.89338692307693,631.9427777777778
832321105,0.0,73.88251547169811,93999.2162264151,30.91867924528302,73.86893641025641,73.88953974358975,631.94
832321105,0.0,73.87786754716981,93999.25962264152,30.918867924528303,73.86509589743589,73.88569256410257,631.9372222222222
832321105,0.0,73.87321962264151,93999.30301886793,30.919056603773587,73.86125538461539,73.88184538461539,631.9344444444445
832321105,0.0,73.86857169811321,93999.34641509436,30.91924528301887,73.85741487179487,73.87799820512821,631.9316666666667
832321105,0.0,73.86392377358492,93999.38981132075,30.919433962264154,73.85357435897436,73.87415102564103,631.9288888888889
832321105,0.0,73.8592758490566,93999.43320754718,30.919622641509434,73.84973384615384,73.87030384615385,631.9261111111111
832321105,0.0,73.8546279245283,93999.47660377358,30.91981132075472,73.84589333333334,73.86645666666666,631.9233333333334
832321105,0.0,73.84998,93999.52,30.92,73.84205282051282,73.86260948717948,631.9205555555556
832321105,0.0,74.0799,93997.4,30.91,73.8382123076923,73.85876230769232,631.9177777777778
832321105,0.0,74.05398799999999,93997.65466666664,30.910666666666668,73.8343717948718,73.85491512820514,631.915
832321105,0.0,74.028076,93997.90933333331,30.91133333333333,73.83053128205128,73.85106794871795,631.9122222222222
832321105,0.0,74.002164,93998.164,30.912,73.82669076923077,73.84722076923077,631.9094444444445
832361089,0.0,73.976252,93998.41866666666,30.912666666666667,73.82285025641025,73.84337358974359,631.9066666666666
832361089,0.0,73.95034,93998.67333333332,30.91333333333333,73.81900974358975,73.83952641025641,631.9038888888889
832401073,0.0,73.92442799999999,93998.928,30.914,73.81516923076923,73.83567923076923,631.9011111111112
832401073,0.0,73.898516,93999.18266666666,30.91466666666667,73.81132871794871,73.83183205128205,631.8983333333333
832401073,0.0,73.872604,93999.43733333334,30.915333333333333,73.8074882051282,73.82798487179487,631.8955555555556
832401073,0.0,73.846692,93999.692,30.916,73.80364769230769,73.82413769230769,631.8927777777778
832421065,0.0,73.82078,93999.94666666668,30.916666666666668,73.79980717948717,73.82029051282052,631.89
832421065,0.0,73.794868,94000.20133333332,30.91733333333333,73.79596666666666,73.81644333333334,631.8872222222222
832421065,0.0,73.768956,94000.456,30.918000000000003,73.79212615384616,73.81259615384616,631.8844444444445
832421065,0.0,73.743044,94000.71066666668,30.918666666666667,73.78828564102564,73.80874897435898,631.8816666666667
832421065,0.0,73.717132,94000.96533333334,30.91933333333333,73.78444512820512,73.8049017948718,631.8788888888889
832421065,0.0,73.69122,94001.22,30.92,73.7806046153846,73.80105461538461,631.8761111111112
832421065,0.0,73.743225,94000.845,30.92,73.7767641025641,73.79720743589743,631.8733333333333
832421065,0.0,73.79523,94000.47,30.92,73.77292358974358,73.79336025641025,631.8705555555556
832421065,0.0,73.79424295081968,94000.48032786883,30.92,73.76908307692307,73.78951307692307,631.8677777777779
832421065,0.0,73.79325590163934,94000.49065573773,30.92,73.76524256410256,73.78566589743589,631.865
832421065,0.0,73.79226885245902,94000.50098360656,30.92,73.76140205128205,73.78181871794872,631.8622222222223
832421065,0.0,73.7912818032787,94000.5113114754,30.92,73.75756153846153,73.77797153846154,631.8594444444444
832421065,0.0,73.79029475409837,94000.52163934428,30.92,73.75372102564101,73.77412435897436,631.8566666666667
832421065,0.0,73.78930770491803,94000.53196721312,30.92,73.74988051282051,73.77027717948718,631.853888888889
832421065,0.0,73.7883206557377,94000.54229508196,30.92,73.74604,73.76643,631.8511111111111
832421065,0.0,73.78733360655738,94000.55262295084,30.92,73.74264227272727,73.76302022727273,631.8483333333334
832421065,0.0,73.78634655737706,94000.56295081969,30.92,73.73924454545454,73.75961045454545,631.8455555555556
832421065,0.0,73.78535950819672,94000.57327868852,30.92,73.73584681818181,73.75620068181819,631.8427777777778
832421065,0.0,73.7843724590164,94000.58360655738,30.92,73.73244909090909,73.7527909090909,631.84
832421065,0.0,73.78338540983607,94000.59393442624,30.92,73.72905136363636,73.74938113636364,631.8368085106383
832421065,0.0,73.78239836065575,94000.60426229508,30.92,73.72565363636363,73.74597136363636,631.8336170212766
832421065,0.0,73.78141131147541,94000.61459016394,30.92,73.7222559090909,73.74256159090909,631.8304255319149
832421065,0.0,73.78042426229509,94000.6249180328,30.92,73.71885818181818,73.73915181818182,631.8272340425532
832421065,0.0,73.77943721311476,94000.63524590163,30.92,73.71546045454545,73.73574204545454,631.8240425531915
832421065,0.0,73.77845016393444,94000.6455737705,30.92,73.71206272727272,73.73233227272728,631.8208510638299
832421065,0.0,73.7774631147541,94000.65590163934,30.92,73.708665,73.7289225,631.8176595744682
832421065,0.0,73.77647606557377,94000.6662295082,30.92,73.70526727272727,73.72551272727273,631.8144680851065
832421065,0.0,73.77548901639345,94000.67655737704,30.92,73.70186954545454,73.72210295454545,631.8112765957447
832421065,0.0,73.77450196721311,94000.6868852459,30.92,73.69847181818182,73.71869318181818,631.808085106383
832421065,0.0,73.77351491803279,94000.69721311476,30.92,73.69507409090909,73.71528340909092,631.8048936170213
832421065,0.0,73.77252786885246,94000.7075409836,30.92,73.69167636363636,73.71187363636363,631.8017021276596
832421065,0.0,73.77154081967214,94000.71786885246,30.92,73.68827863636363,73.70846386363637,631.7985106382979
832421065,0.0,73.7705537704918,94000.72819672132,30.92,73.68488090909091,73.70505409090909,631.7953191489362
832441057,0.0,73.76956672131148,94000.73852459015,30.92,73.68148318181818,73.70164431818182,631.7921276595745
832441057,0.0,73.76857967213115,94000.74885245902,30.92,73.67808545454545,73.69823454545454,631.7889361702128
832481041,0.0,73.76759262295083,94000.75918032788,30.92,73.67468772727273,73.69482477272727,631.785744680851
832481041,0.0,73.76660557377049,94000.76950819672,30.92,73.67129,73.691415,631.7825531914895
832481041,0.0,73.76561852459017,94000.77983606556,30.92,73.66789227272727,73.68800522727273,631.7793617021277
832521025,0.0,73.76463147540984,94000.79016393443,30.92,73.66449454545455,73.68459545454546,631.776170212766
832521025,0.0,73.76364442622952,94000.80049180328,30.92,73.66109681818182,73.68118568181818,631.7729787234043
832521025,0.0,73.76265737704918,94000.81081967212,30.92,73.65769909090909,73.67777590909091,631.7697872340426
832521025,0.0,73.76167032786886,94000.821147541,30.92,73.65430136363636,73.67436613636363,631.7665957446809
832521025,0.0,73.76068327868853,94000.83147540984,30.92,73.65090363636364,73.67095636363636,631.7634042553192
832521025,0.0,73.75969622950821,94000.84180327869,30.92,73.64750590909091,73.66754659090908,631.7602127659575
832521025,0.0,73.75870918032787,94000.85213114756,30.92,73.64410818181818,73.66413681818182,631.7570212765958
832521025,0.0,73.75772213114755,94000.8624590164,30.92,73.64071045454546,73.66072704545455,631.753829787234
832521025,0.0,73.75673508196722,94000.87278688524,30.92,73.63731272727273,73.65731727272727,631.7506382978723
832521025,0.0,73.7557480327869,94000.8831147541,30.92,73.633915,73.6539075,631.7474468085106
832521025,0.0,73.75476098360656,94000.89344262295,30.92,73.63051727272727,73.65049772727272,631.744255319149
832521025,0.0,73.75377393442623,94000.9037704918,30.92,73.62711954545455,73.64708795454546,631.7410638297873
832521025,0.0,73.75278688524591,94000.91409836066,30.92,73.62372181818182,73.64367818181817,631.7378723404256
832521025,0.0,73.75179983606557,94000.92442622953,30.92,73.6203240909091,73.64026840909091,631.7346808510639
832521025,0.0,73.75081278688525,94000.93475409836,30.92,73.61692636363637,73.63685863636364,631.7314893617022
832521025,0.0,73.74982573770492,94000.94508196722,30.92,73.61352863636364,73.63344886363636,631.7282978723405
832521025,0.0,73.7488386885246,94000.95540983608,30.92,73.61013090909091,73.6300390909091,631.7251063829788
832521025,0.0,73.74785163934426,94000.96573770492,30.92,73.60673318181819,73.62662931818181,631.721914893617
832521025,0.0,73.74686459016394,94000.97606557378,30.92,73.60333545454546,73.62321954545455,631.7187234042553
832521025,0.0,73.74587754098361,94000.98639344262,30.92,73.59993772727273,73.61980977272727,631.7155319148936
832521025,0.0,73.74489049180329,94000.99672131149,30.92,73.59654,73.6164,631.7123404255319
832521025,0.0,73.74390344262295,94001.00704918032,30.92,73.59199818181818,73.61185333333333,631.7091489361702
832521025,0.0,73.74291639344263,94001.01737704918,30.92,73.58745636363636,73.60730666666666,631.7059574468086
832521025,0.0,73.7419293442623,94001.02770491804,30.92,73.58291454545454,73.60276,631.7027659574469
832521025,0.0,73.74094229508198,94001.03803278688,30.92,73.57837272727274,73.59821333333333,631.6995744680852
832521025,0.0,73.73995524590164,94001.04836065574,30.92,73.57383090909092,73.59366666666666,631.6963829787235
832521025,0.0,73.73896819672132,94001.0586885246,30.92,73.5692890909091,73.58912,631.6931914893618
832521025,0.0,73.73798114754099,94001.06901639343,30.92,73.56474727272727,73.58457333333332,631.69
832521025,0.0,73.73699409836067,94001.0793442623,30.92,73.56020545454545,73.58002666666667,631.682105263158
832521025,0.0,73.73600704918033,94001.08967213116,30.92,73.55566363636363,73.57548,631.6742105263158
832521025,0.0,73.73502,94001.1,30.92,73.55112181818183,73.57093333333333,631.6663157894737
832521025,0.0,73.67115333333334,94001.66666666669,30.92,73.54658,73.56638666666666,631.6584210526316
832521025,0.0,73.60728666666667,94002.23333333334,30.92,73.54203818181819,73.56184,631.6505263157895
832521025,0.0,73.54342,94002.8,30.92,73.53749636363636,73.55729333333333,631.6426315789474
832521025,0.0,73.53439777777777,94002.91148148148,30.92,73.53295454545454,73.55274666666666,631.6347368421053
832531021,0.0,73.52537555555556,94003.02296296296,30.92,73.52841272727272,73.5482,631.6268421052632
832561009,0.0,73.51635333333333,94003.13444444444,30.92,73.5238709090909,73.54365333333332,631.6189473684211
832561009,0.0,73.50733111111111,94003.24592592592,30.92,73.5193290909091,73.53910666666667,631.6110526315789
832600993,0.0,73.49830888888889,94003.3574074074,30.92,73.51478727272728,73.53456,631.6031578947368
832600993,0.0,73.48928666666666,94003.46888888888,30.92,73.51024545454545,73.53001333333333,631.5952631578947
832600993,0.0,73.48026444444444,94003.58037037036,30.92,73.50570363636363,73.52546666666666,631.5873684210526
832600993,0.0,73.47124222222222,94003.69185185184,30.92,73.50116181818181,73.52091999999999,631.5794736842105
832620985,0.0,73.46222,94003.80333333332,30.92,73.49662,73.51637333333333,631.5715789473684
832620985,0.0,73.45319777777777,94003.9148148148,30.92,73.49207818181817,73.51182666666666,631.5636842105263
832620985,0.0,73.44417555555555,94004.0262962963,30.92,73.48753636363637,73.50728,631.5557894736842
832620985,0.0,73.43515333333333,94004.13777777778,30.92,73.48299454545455,73.50273333333332,631.5478947368421
832620985,0.0,73.4261311111111,94004.24925925926,30.92,73.47845272727272,73.49818666666667,631.54
832620985,0.0,73.41710888888889,94004.36074074074,30.92,73.4739109090909,73.49364,631.536875
832620985,0.0,73.40808666666666,94004.47222222222,30.92,73.46936909090908,73.48909333333333,631.5337499999999
832620985,0.0,73.39906444444445,94004.5837037037,30.92,73.46482727272726,73.48454666666666,631.530625
832620985,0.0,73.39004222222222,94004.6951851852,30.92,73.46028545454546,73.47999999999999,631.5274999999999
832620985,0.0,73.38101999999999,94004.80666666669,30.92,73.45574363636364,73.47545333333333,631.524375
832620985,0.0,73.37199777777778,94004.91814814816,30.92,73.45120181818181,73.47090666666666,631.52125
832620985,0.0,73.36297555555555,94005.02962962964,30.92,73.44666,73.46636,631.5181249999999
832620985,0.0,73.35395333333334,94005.14111111112,30.92,73.44410389830507,73.46381728813559,631.515
832620985,0.0,73.34493111111111,94005.2525925926,30.92,73.44154779661017,73.46127457627118,631.5118749999999
832620985,0.0,73.33590888888888,94005.36407407408,30.92,73.43899169491525,73.45873186440677,631.50875
832620985,0.0,73.32688666666667,94005.47555555556,30.92,73.43643559322034,73.45618915254236,631.505625
832620985,0.0,73.31786444444444,94005.58703703704,30.92,73.43387949152542,73.45364644067796,631.5024999999999
832620985,0.0,73.30884222222222,94005.69851851852,30.92,73.43132338983051,73.45110372881355,631.499375
832620985,0.0,73.29982,94005.81,30.92,73.42876728813559,73.44856101694914,631.4962499999999
832620985,0.0,73.31624166666666,94005.57166666668,30.92,73.42621118644067,73.44601830508473,631.493125
832620985,0.0,73.33266333333333,94005.33333333331,30.92,73.42365508474576,73.44347559322033,631.49
832620985,0.0,73.349085,94005.095,30.92,73.42109898305084,73.44093288135593,631.4868749999999
832620985,0.0,73.36550666666666,94004.85666666667,30.92,73.41854288135593,73.43839016949153,631.48375
832620985,0.0,73.38192833333332,94004.61833333332,30.92,73.41598677966101,73.43584745762712,631.4806249999999
832620985,0.0,73.39835,94004.38,30.92,73.4134306779661,73.43330474576271,631.4775
832620985,0.0,73.39333199999999,94004.434,30.92,73.41087457627118,73.4307620338983,631.474375
832620985,0.0,73.388314,94004.488,30.92,73.40831847457626,73.4282193220339,631.4712499999999
832620985,0.0,73.383296,94004.542,30.92,73.40576237288136,73.42567661016949,631.468125
832620985,0.0,73.378278,94004.596,30.92,73.40320627118643,73.42313389830508,631.4649999999999
832620985,0.0,73.37325999999999,94004.65,30.92,73.40065016949153,73.42059118644067,631.461875
832620985,0.0,73.368242,94004.704,30.92,73.3980940677966,73.41804847457627,631.45875
832620985,0.0,73.363224,94004.758,30.92,73.39553796610168,73.41550576271186,631.4556249999999
832620985,0.0,73.358206,94004.812,30.92,73.39298186440678,73.41296305084745,631.4525
832640977,0.0,73.35318799999999,94004.866,30.92,73.39042576271186,73.41042033898304,631.449375
832640977,0.0,73.34817,94004.92,30.92,73.38786966101695,73.40787762711864,631.44625
832680961,0.0,73.343152,94004.974,30.92,73.38531355932203,73.40533491525423,631.443125
832680961,0.0,73.338134,94005.028,30.92,73.38275745762712,73.40279220338982,631.4399999999999
832720945,0.0,73.33311599999999,94005.082,30.92,73.3802013559322,73.40024949152541,631.436875
832720945,0.0,73.328098,94005.136,30.92,73.37764525423728,73.39770677966101,631.43375
832720945,0.0,73.32308,94005.19,30.92,73.37508915254237,73.3951640677966,631.430625
832720945,0.0,73.318062,94005.244,30.92,73.37253305084745,73.39262135593219,631.4275
832720945,0.0,73.31304399999999,94005.298,30.92,73.36997694915254,73.3900786440678,631.4243749999999
832720945,0.0,73.308026,94005.352,30.92,73.36742084745762,73.38753593220339,631.42125
832720945,0.0,73.303008,94005.406,30.92,73.36486474576272,73.38499322033898,631.418125
832720945,0.0,73.29799,94005.46,30.92,73.3623086440678,73.38245050847458,631.415
832720945,0.0,73.29297199999999,94005.514,30.92,73.35975254237287,73.37990779661017,631.411875
832720945,0.0,73.287954,94005.568,30.92,73.35719644067797,73.37736508474576,631.4087499999999
832720945,0.0,73.282936,94005.622,30.92,73.35464033898305,73.37482237288135,631.405625
832720945,0.0,73.277918,94005.676,30.92,73.35208423728814,73.37227966101695,631.4025
832720945,0.0,73.27289999999999,94005.73,30.92,73.34952813559322,73.36973694915254,631.399375
832720945,0.0,73.267882,94005.784,30.92,73.34697203389831,73.36719423728813,631.39625
832720945,0.0,73.26286400000001,94005.838,30.92,73.34441593220339,73.36465152542372,631.3931249999999
832720945,0.0,73.257846,94005.892,30.92,73.34185983050847,73.36210881355932,631.39
832720945,0.0,73.252828,94005.946,30.92,73.33930372881356,73.35956610169491,631.38625
832720945,0.0,73.24781,94006.0,30.92,73.33674762711864,73.3570233898305,631.3824999999999
832720945,0.0,73.13012,94007.64,30.92,73.33419152542373,73.3544806779661,631.37875
832720945,0.0,73.13072073170733,94007.63365853658,30.92,73.33163542372881,73.35193796610169,631.375
832720945,0.0,73.13132146341464,94007.62731707316,30.92,73.32907932203389,73.34939525423728,631.37125
832720945,0.0,73.13192219512196,94007.62097560977,30.92,73.32652322033898,73.34685254237287,631.3675
832720945,0.0,73.13252292682927,94007.61463414636,30.92,73.32396711864406,73.34430983050846,631.36375
832720945,0.0,73.13312365853659,94007.60829268293,30.92,73.32141101694916,73.34176711864406,631.36
832720945,0.0,73.13372439024391,94007.6019512195,30.92,73.31885491525424,73.33922440677966,631.35625
832720945,0.0,73.13432512195122,94007.5956097561,30.92,73.31629881355933,73.33668169491526,631.3525
832720945,0.0,73.13492585365854,94007.58926829268,30.92,73.3137427118644,73.33413898305085,631.34875
832720945,0.0,73.13552658536585,94007.58292682927,30.92,73.31118661016949,73.33159627118644,631.345
832720945,0.0,73.13612731707317,94007.57658536584,30.92,73.30863050847458,73.32905355932203,631.34125
832720945,0.0,73.1367280487805,94007.57024390245,30.92,73.30607440677966,73.32651084745763,631.3375
832720945,0.0,73.1373287804878,94007.56390243904,30.92,73.30351830508475,73.32396813559322,631.33375
832720945,0.0,73.13792951219513,94007.5575609756,30.92,73.30096220338983,73.32142542372881,631.33
832720945,0.0,73.13853024390245,94007.5512195122,30.92,73.29840610169492,73.3188827118644,631.32625
832720945,0.0,73.13913097560976,94007.54487804878,30.92,73.29585,73.31634,631.3225
832720945,0.0,73.13973170731708,94007.53853658536,30.92,73.2898536,73.3103388,631.31875
832760929,0.0,73.14033243902439,94007.53219512197,30.92,73.2838572,73.3043376,631.315
832760929,0.0,73.14093317073171,94007.52585365852,30.92,73.2778608,73.2983364,631.31125
832800913,0.0,73.14153390243904,94007.51951219513,30.92,73.2718644,73.2923352,631.3075
832800913,0.0,73.14213463414634,94007.5131707317,30.92,73.265868,73.286334,631.30375
832800913,0.0,73.14273536585367,94007.5068292683,30.92,73.2598716,73.2803328,631.3
832800913,0.0,73.14333609756098,94007.50048780488,30.92,73.2538752,73.2743316,631.29625
832820905,0.0,73.1439368292683,94007.49414634149,30.92,73.2478788,73.2683304,631.2925
832820905,0.0,73.14453756097562,94007.48780487804,30.92,73.2418824,73.2623292,631.28875
832820905,0.0,73.14513829268293,94007.48146341465,30.92,73.235886,73.256328,631.285
832820905,0.0,73.14573902439025,94007.47512195124,30.92,73.22988959999999,73.2503268,631.28125
832820905,0.0,73.14633975609756,94007.4687804878,30.92,73.22389319999999,73.2443256,631.2775
832820905,0.0,73.14694048780488,94007.4624390244,30.92,73.2178968,73.2383244,631.27375
832820905,0.0,73.1475412195122,94007.45609756098,30.92,73.2119004,73.2323232,631.27
832820905,0.0,73.14814195121951,94007.44975609756,30.92,73.205904,73.226322,631.26625
832820905,0.0,73.14874268292684,94007.44341463417,30.92,73.1999076,73.2203208,631.2625
832820905,0.0,73.14934341463416,94007.43707317072,30.92,73.1939112,73.2143196,631.25875
832820905,0.0,73.14994414634147,94007.43073170733,30.92,73.1879148,73.2083184,631.255
832820905,0.0,73.15054487804879,94007.4243902439,30.92,73.1819184,73.2023172,631.25125
832820905,0.0,73.1511456097561,94007.4180487805,30.92,73.175922,73.196316,631.2475000000001
832820905,0.0,73.15174634146342,94007.41170731708,30.92,73.1699256,73.1903148,631.24375
832820905,0.0,73.15234707317074,94007.40536585366,30.92,73.1639292,73.1843136,631.24
832820905,0.0,73.15294780487805,94007.39902439024,30.92,73.1579328,73.1783124,631.234
832820905,0.0,73.15354853658538,94007.39268292685,30.92,73.1519364,73.1723112,631.2280000000001
832820905,0.0,73.15414926829268,94007.38634146344,30.92,73.14594,73.16631,631.222
832820905,0.0,73.15475,94007.38,30.92,73.14098033333333,73.16130866666666,631.216
832820905,1.0,73.178015,94007.2075,30.92,73.13602066666667,73.15630733333333,631.21
832820905,1.0,73.20128,94007.035,30.92,73.131061,73.15130599999999,631.2040000000001
832820905,1.0,73.224545,94006.8625,30.92,73.12610133333332,73.14630466666667,631.198
832820905,1.0,73.24781,94006.69,30.92,73.12114166666666,73.14130333333333,631.192
832820905,1.0,73.23754625000001,94006.779375,30.92,73.116182,73.136302,631.186
832820905,1.0,73.2272825,94006.86875,30.92,73.11122233333333,73.13130066666666,631.1800000000001
832820905,1.0,73.21701875,94006.958125,30.92,73.10626266666667,73.12629933333334,631.174
832820905,1.0,73.206755,94007.0475,30.92,73.101303,73.121298,631.168
832820905,1.0,73.19649125000001,94007.136875,30.92,73.09634333333334,73.11629666666667,631.162
832820905,1.0,73.1862275,94007.22625,30.92,73.09138366666667,73.11129533333333,631.1560000000001
832820905,1.0,73.17596375,94007.315625,30.92,73.086424,73.106294,631.15
832820905,1.0,73.1657,94007.405,30.92,73.08146433333333,73.10129266666667,631.144
832820905,1.0,73.15543625000001,94007.494375,30.92,73.07650466666666,73.09629133333334,631.138
832820905,1.0,73.1451725,94007.58375,30.92,73.071545,73.09129,631.1320000000001
832840897,1.0,73.13490875,94007.673125,30.92,73.06658533333334,73.08628866666666,631.126
832840897,1.0,73.124645,94007.7625,30.92,73.06162566666667,73.08128733333334,631.12
832880881,1.0,73.11438125000001,94007.851875,30.92,73.056666,73.076286,631.114
832880881,1.0,73.1041175,94007.94125,30.92,73.05170633333333,73.07128466666667,631.1080000000001
832920865,1.0,73.09385375,94008.030625,30.92,73.04674666666666,73.06628333333333,631.102
832920865,1.0,73.08359,94008.12,30.92,73.041787,73.061282,631.096
832920865,1.0,73.097275,94008.00083333332,30.92,73.03682733333333,73.05628066666667,631.09
832920865,1.0,73.11096,94007.88166666668,30.92,73.03186766666667,73.05127933333334,631.0871153846155
832920865,1.0,73.124645,94007.7625,30.92,73.026908,73.046278,631.0842307692308
832920865,1.0,73.13833,94007.64333333333,30.92,73.02194833333334,73.04127666666668,631.0813461538462
832920865,1.0,73.152015,94007.52416666668,30.92,73.01698866666668,73.03627533333334,631.0784615384616
832920865,1.0,73.1657,94007.405,30.92,73.012029,73.03127400000001,631.0755769230769
832920865,1.0,73.179385,94007.28583333331,30.92,73.00706933333333,73.02627266666667,631.0726923076924
832920865,1.0,73.19307,94007.16666666669,30.92,73.00210966666667,73.02127133333335,631.0698076923077
832920865,1.0,73.206755,94007.0475,30.92,72.99715,73.01627,631.0669230769231
832920865,1.0,73.22044,94006.92833333332,30.92,72.99392826086957,73.01300847826087,631.0640384615385
832920865,1.0,73.234125,94006.80916666667,30.92,72.99070652173914,73.00974695652174,631.0611538461538
832920865,1.0,73.24781,94006.69,30.92,72.9874847826087,73.00648543478262,631.0582692307693
832920865,1.0,73.23955220338983,94006.77355932204,30.92,72.98426304347826,73.00322391304348,631.0553846153847
832920865,1.0,73.23129440677967,94006.85711864408,30.92,72.98104130434783,72.99996239130435,631.0525
832920865,1.0,73.22303661016949,94006.94067796612,30.92,72.9778195652174,72.99670086956522,631.0496153846154
832920865,1.0,73.21477881355932,94007.02423728812,30.92,72.97459782608696,72.9934393478261,631.0467307692309
832920865,1.0,73.20652101694915,94007.10779661016,30.92,72.97137608695652,72.99017782608696,631.0438461538462
832920865,1.0,73.19826322033899,94007.1913559322,30.92,72.96815434782609,72.98691630434783,631.0409615384616
832920865,1.0,73.19000542372882,94007.27491525424,30.92,72.96493260869566,72.9836547826087,631.0380769230769
832920865,1.0,73.18174762711864,94007.35847457628,30.92,72.96171086956522,72.98039326086958,631.0351923076923
832920865,1.0,73.17348983050847,94007.4420338983,30.92,72.95848913043478,72.97713173913044,631.0323076923078
832920865,1.0,73.1652320338983,94007.52559322034,30.92,72.95526739130435,72.97387021739131,631.0294230769231
832920865,1.0,73.15697423728814,94007.60915254235,30.92,72.95204565217392,72.97060869565217,631.0265384615385
832920865,1.0,73.14871644067797,94007.6927118644,30.92,72.94882391304348,72.96734717391305,631.0236538461539
832920865,1.0,73.14045864406779,94007.77627118643,30.92,72.94560217391304,72.96408565217392,631.0207692307692
832920865,1.0,73.13220084745763,94007.85983050847,30.92,72.9423804347826,72.96082413043479,631.0178846153847
832920865,1.0,73.12394305084746,94007.94338983051,30.92,72.93915869565218,72.95756260869565,631.0150000000001
832920865,1.0,73.11568525423729,94008.02694915254,30.92,72.93593695652174,72.95430108695653,631.0121153846154
832920865,1.0,73.10742745762713,94008.11050847458,30.92,72.9327152173913,72.9510395652174,631.0092307692308
832920865,1.0,73.09916966101694,94008.1940677966,30.92,72.92949347826087,72.94777804347827,631.0063461538462
832920865,1.0,73.09091186440678,94008.27762711864,30.92,72.92627173913044,72.94451652173913,631.0034615384616
832920865,1.0,73.08265406779661,94008.36118644068,30.92,72.92305,72.94125500000001,631.000576923077
832920865,1.0,73.07439627118644,94008.44474576272,30.92,72.91982826086956,72.93799347826088,630.9976923076923
832960849,1.0,73.06613847457628,94008.52830508476,30.92,72.91660652173914,72.93473195652174,630.9948076923077
832960849,1.0,73.0578806779661,94008.61186440678,30.92,72.9133847826087,72.93147043478261,630.9919230769232
832983340,1.0,73.04962288135593,94008.69542372882,30.92,72.91016304347826,72.92820891304348,630.9890384615385
833000833,1.0,73.04136508474576,94008.77898305084,30.92,72.90694130434782,72.92494739130436,630.9861538461539
833000833,1.0,73.0331072881356,94008.86254237288,30.92,72.9037195652174,72.92168586956522,630.9832692307692
833000833,1.0,73.02484949152543,94008.94610169492,30.92,72.90049782608696,72.91842434782609,630.9803846153847
833000833,1.0,73.01659169491525,94009.02966101696,30.92,72.89727608695652,72.91516282608696,630.9775000000001
833020825,1.0,73.00833389830508,94009.113220339,30.92,72.89405434782608,72.91190130434784,630.9746153846154
833020825,1.0,73.00007610169492,94009.196779661,30.92,72.89083260869566,72.9086397826087,630.9717307692308
833020825,1.0,72.99181830508475,94009.28033898304,30.92,72.88761086956522,72.90537826086957,630.9688461538462
833020825,1.0,72.98356050847457,94009.36389830508,30.92,72.88438913043478,72.90211673913043,630.9659615384616
833020825,1.0,72.9753027118644,94009.44745762712,30.92,72.88116739130434,72.89885521739131,630.963076923077
833020825,1.0,72.96704491525423,94009.53101694916,30.92,72.87794565217392,72.89559369565218,630.9601923076924
833020825,1.0,72.95878711864407,94009.61457627118,30.92,72.87472391304348,72.89233217391305,630.9573076923077
833020825,1.0,72.9505293220339,94009.69813559322,30.92,72.87150217391304,72.88907065217391,630.9544230769231
833020825,1.0,72.94227152542372,94009.78169491523,30.92,72.8682804347826,72.8858091304348,630.9515384615385
833020825,1.0,72.93401372881355,94009.86525423727,30.92,72.86505869565218,72.88254760869566,630.9486538461539
833020825,1.0,72.92575593220339,94009.94881355931,30.92,72.86183695652174,72.87928608695653,630.9457692307693
833020825,1.0,72.91749813559322,94010.03237288135,30.92,72.8586152173913,72.87602456521739,630.9428846153846
833020825,1.0,72.90924033898305,94010.1159322034,30.92,72.85539347826086,72.87276304347827,630.94
833020825,1.0,72.90098254237287,94010.19949152542,30.92,72.85217173913044,72.86950152173914,630.9376666666667
833020825,1.0,72.8927247457627,94010.28305084746,30.92,72.84895,72.86624,630.9353333333333
833020825,1.0,72.88446694915254,94010.36661016948,30.92,72.84326615384616,72.86046961538462,630.933
833020825,1.0,72.87620915254237,94010.45016949152,30.92,72.83758230769232,72.85469923076924,630.9306666666668
833020825,1.0,72.8679513559322,94010.53372881356,30.92,72.83189846153846,72.84892884615385,630.9283333333334
833020825,1.0,72.85969355932203,94010.6172881356,30.92,72.82621461538461,72.84315846153847,630.926
833020825,1.0,72.85143576271186,94010.70084745764,30.92,72.82053076923077,72.83738807692308,630.9236666666667
833020825,1.0,72.84317796610169,94010.78440677964,30.92,72.81484692307693,72.8316176923077,630.9213333333333
833020825,1.0,72.83492016949153,94010.8679661017,30.92,72.80916307692308,72.82584730769231,630.9190000000001
833020825,1.0,72.82666237288136,94010.95152542372,30.92,72.80347923076923,72.82007692307693,630.9166666666667
833020825,1.0,72.81840457627118,94011.03508474576,30.92,72.79779538461538,72.81430653846154,630.9143333333334
833020825,1.0,72.81014677966101,94011.1186440678,30.92,72.79211153846154,72.80853615384616,630.912
833020825,1.0,72.80188898305084,94011.20220338982,30.92,72.7864276923077,72.80276576923077,630.9096666666667
833020825,1.0,72.79363118644068,94011.28576271186,30.92,72.78074384615385,72.79699538461539,630.9073333333333
833020825,1.0,72.78537338983051,94011.36932203388,30.92,72.77506,72.791225,630.905
833020825,1.0,72.77711559322033,94011.45288135592,30.92,72.76937615384615,72.78545461538462,630.9026666666667
833020825,1.0,72.76885779661016,94011.53644067796,30.92,72.76369230769231,72.77968423076923,630.9003333333334
833020825,1.0,72.7606,94011.62,30.92,72.75800846153847,72.77391384615385,630.898
833020825,1.0,73.24781,94006.69,30.92,72.75232461538462,72.76814346153847,630.8956666666667
833020825,1.0,73.24781,94006.69,30.92,72.74664076923078,72.76237307692308,630.8933333333333
833040817,1.0,73.24781,94006.69,30.92,72.74095692307692,72.7566026923077,630.8910000000001
833040817,1.0,73.24781,94006.69,30.92,72.73527307692308,72.7508323076923,630.8886666666667
833040817,1.0,73.24781,94006.69,30.92,72.72958923076924,72.74506192307693,630.8863333333334
833063308,1.0,73.24781,94006.69,30.92,72.72390538461539,72.73929153846154,630.884
833080801,1.0,73.24781,94006.69,30.92,72.71822153846155,72.73352115384616,630.8816666666667
833080801,1.0,73.24781,94006.69,30.92,72.71253769230769,72.72775076923077,630.8793333333333
833120785,1.0,73.24781,94006.69,30.92,72.70685384615385,72.72198038461539,630.877
833120785,1.0,73.24781,94006.69,30.92,72.70117,72.71621,630.8746666666667
833120785,1.0,73.24781,94006.69,30.92,72.69852421052632,72.71357789473684,630.8723333333334
833120785,1.0,73.24781,94006.69,30.92,72.69587842105264,72.71094578947368,630.87
833120785,1.0,73.24781,94006.69,30.92,72.69323263157895,72.70831368421052,630.8676666666667
833120785,1.0,73.24781,94006.69,30.92,72.69058684210526,72.70568157894738,630.8653333333333
833120785,1.0,73.24781,94006.69,30.92,72.68794105263159,72.70304947368422,630.863
833120785,1.0,73.24781,94006.69,30.92,72.6852952631579,72.70041736842106,630.8606666666667
833120785,1.0,73.24781,94006.69,30.92,72.68264947368421,72.6977852631579,630.8583333333333
833120785,1.0,73.24781,94006.69,30.92,72.68000368421053,72.69515315789474,630.856
833120785,1.0,73.24781,94006.69,30.92,72.67735789473684,72.69252105263158,630.8536666666666
833120785,1.0,73.24781,94006.69,30.92,72.67471210526317,72.68988894736843,630.8513333333333
833120785,1.0,73.24781,94006.69,30.92,72.67206631578948,72.68725684210527,630.8489999999999
833120785,1.0,73.24781,94006.69,30.92,72.66942052631579,72.68462473684211,630.8466666666667
833120785,1.0,73.24781,94006.69,30.92,72.66677473684211,72.68199263157895,630.8443333333333
833120785,1.0,73.24781,94006.69,30.92,72.66412894736843,72.67936052631579,630.842
833120785,1.0,73.24781,94006.69,30.92,72.66148315789474,72.67672842105263,630.8396666666666
833120785,1.0,73.24781,94006.69,30.92,72.65883736842106,72.67409631578948,630.8373333333333
833120785,1.0,73.24781,94006.69,30.92,72.65619157894737,72.67146421052632,630.835
833120785,1.0,73.24781,94006.69,30.92,72.65354578947368,72.66883210526316,630.8326666666667
833120785,1.0,73.24781,94006.69,30.92,72.65090000000001,72.6662,630.8303333333333
833120785,1.0,73.24781,94006.69,30.92,72.64825421052632,72.66356789473684,630.828
833120785,1.0,73.24781,94006.69,30.92,72.64560842105263,72.66093578947368,630.8256666666666
833120785,1.0,73.24781,94006.69,30.92,72.64296263157895,72.65830368421052,630.8233333333333
833120785,1.0,73.24781,94006.69,30.92,72.64031684210526,72.65567157894738,630.821
833120785,1.0,73.0562125,94008.675,30.92,72.63767105263157,72.65303947368422,630.8186666666667
833120785,1.0,72.864615,94010.66,30.92,72.6350252631579,72.65040736842106,630.8163333333333
833120785,1.0,72.6730175,94012.645,30.92,72.63237947368421,72.6477752631579,630.814
833120785,1.0,72.48142,94014.63,30.92,72.62973368421052,72.64514315789474,630.8116666666666
833120785,1.0,72.5053696875,94014.381875,30.92,72.62708789473685,72.64251105263158,630.8093333333333
833120785,1.0,72.529319375,94014.13375,30.92,72.62444210526316,72.63987894736843,630.807
833120785,1.0,72.5532690625,94013.885625,30.92,72.62179631578948,72.63724684210527,630.8046666666667
833120785,1.0,72.57721875,94013.6375,30.92,72.61915052631579,72.63461473684211,630.8023333333333
833120785,1.0,72.60116843750001,94013.389375,30.92,72.6165047368421,72.63198263157895,630.8
833120785,1.0,72.625118125,94013.14125,30.92,72.61385894736843,72.62935052631579,630.7928571428571
833160769,1.0,72.6490678125,94012.893125,30.92,72.61121315789474,72.62671842105263,630.7857142857142
833160769,1.0,72.6730175,94012.645,30.92,72.60856736842105,72.62408631578948,630.7785714285714
833201586,1.0,72.69696718750001,94012.396875,30.92,72.60592157894737,72.62145421052632,630.7714285714285
833201586,1.0,72.720916875,94012.14875,30.92,72.60327578947368,72.61882210526316,630.7642857142856
833201586,1.0,72.7448665625,94011.900625,30.92,72.60063,72.61619,630.7571428571429
833201586,1.0,72.76881625,94011.6525,30.92,72.59798421052632,72.61355789473684,630.75
833221578,1.0,72.79276593750001,94011.404375,30.92,72.59533842105263,72.61092578947368,630.7428571428571
833221578,1.0,72.816715625,94011.15625,30.92,72.59269263157894,72.60829368421052,630.7357142857143
833221578,1.0,72.8406653125,94010.908125,30.92,72.59004684210527,72.60566157894738,630.7285714285714
833221578,1.0,72.864615,94010.66,30.92,72.58740105263158,72.60302947368422,630.7214285714285
833221578,1.0,72.88856468750001,94010.411875,30.92,72.58475526315789,72.60039736842106,630.7142857142857
833221578,1.0,72.912514375,94010.16375,30.92,72.58210947368421,72.5977652631579,630.7071428571428
833221578,1.0,72.9364640625,94009.915625,30.92,72.57946368421052,72.59513315789474,630.6999999999999
833221578,1.0,72.96041375,94009.6675,30.92,72.57681789473683,72.59250105263158,630.6928571428571
833221578,1.0,72.98436343750001,94009.419375,30.92,72.57417210526316,72.58986894736843,630.6857142857143
833221578,1.0,73.008313125,94009.17125,30.92,72.57152631578947,72.58723684210527,630.6785714285714
833221578,1.0,73.0322628125,94008.923125,30.92,72.5688805263158,72.58460473684211,630.6714285714286
833221578,1.0,73.0562125,94008.675,30.92,72.5662347368421,72.58197263157895,630.6642857142857
833221578,1.0,73.08016218750001,94008.426875,30.92,72.56358894736842,72.57934052631579,630.6571428571428
833221578,1.0,73.104111875,94008.17875,30.92,72.56094315789474,72.57670842105263,630.65
833221578,1.0,73.1280615625,94007.930625,30.92,72.55829736842105,72.57407631578948,630.6453124999999
833221578,1.0,73.15201125,94007.6825,30.92,72.55565157894736,72.57144421052632,630.640625
833221578,1.0,73.17596093750001,94007.434375,30.92,72.55300578947369,72.56881210526316,630.6359375
833221578,1.0,73.199910625,94007.18625,30.92,72.55036,72.56618,630.63125
833221578,1.0,73.2238603125,94006.938125,30.92,72.546975,72.56277,630.6265625
833221578,1.0,73.24781,94006.69,30.92,72.54359,72.55936,630.6218749999999
833221578,1.0,73.19904,94007.18636363636,30.92,72.540205,72.55595,630.6171875
833221578,1.0,73.15027,94007.68272727272,30.92,72.53681999999999,72.55254000000001,630.6125
833221578,1.0,73.1015,94008.17909090908,30.92,72.533435,72.54913,630.6078125
833221578,1.0,73.05273,94008.67545454546,30.92,72.53005,72.54572,630.603125
833221578,1.0,73.00396,94009.1718181818,30.92,72.526665,72.54231,630.5984374999999
833221578,1.0,72.95519,94009.66818181818,30.92,72.52328,72.5389,630.59375
833221578,1.0,72.90642000000001,94010.16454545454,30.92,72.519895,72.53549,630.5890625
833221578,1.0,72.85765,94010.6609090909,30.92,72.51651,72.53208000000001,630.584375
833221578,1.0,72.80888,94011.15727272729,30.92,72.513125,72.52867,630.5796875
833221578,1.0,72.76011000000001,94011.65363636364,30.92,72.50974,72.52526,630.575
833221578,1.0,72.71134,94012.15,30.92,72.506355,72.52185,630.5703125
833221578,1.0,72.74289705882353,94011.8288235294,30.92,72.50297,72.51844,630.565625
833221578,1.0,72.77445411764707,94011.50764705882,30.92,72.499585,72.51503,630.5609375
833241570,1.0,72.80601117647059,94011.18647058825,30.92,72.4962,72.51162000000001,630.55625
833241570,1.0,72.83756823529413,94010.86529411764,30.92,72.492815,72.50821,630.5515625
833281554,1.0,72.86912529411765,94010.54411764703,30.92,72.48943,72.5048,630.546875
833281554,1.0,72.90068235294117,94010.22294117649,30.92,72.486045,72.50139,630.5421875
833321538,1.0,72.93223941176471,94009.90176470588,30.92,72.48266,72.49798,630.5375
833321538,1.0,72.96379647058824,94009.58058823529,30.92,72.479275,72.49457,630.5328125
833321538,1.0,72.99535352941177,94009.25941176472,30.92,72.47588999999999,72.49116000000001,630.528125
833321538,1.0,73.0269105882353,94008.93823529412,30.92,72.472505,72.48775,630.5234375
833321538,1.0,73.05846764705883,94008.61705882353,30.92,72.46912,72.48434,630.51875
833321538,1.0,73.09002470588236,94008.29588235296,30.92,72.465735,72.48093,630.5140625
833321538,1.0,73.12158176470588,94007.97470588236,30.92,72.46235,72.47752,630.509375
833321538,1.0,73.15313882352942,94007.65352941176,30.92,72.458965,72.47411,630.5046875
833321538,1.0,73.18469588235294,94007.33235294116,30.92,72.45558,72.4707,630.5
833321538,1.0,73.21625294117648,94007.0111764706,30.92,72.452195,72.46729,630.4975806451613
833321538,1.0,73.24781,94006.69,30.92,72.44881,72.46388,630.4951612903226
833321538,1.0,72.4869,94014.55,30.92,72.445425,72.46047,630.4927419354839
833321538,1.0,72.5106784375,94014.304375,30.92,72.44204,72.45706,630.4903225806452
833321538,1.0,72.534456875,94014.05875,30.92,72.438655,72.45365,630.4879032258065
833321538,1.0,72.5582353125,94013.813125,30.92,72.43527,72.45024,630.4854838709678
833321538,1.0,72.58201375,94013.5675,30.92,72.431885,72.44683,630.483064516129
833321538,1.0,72.6057921875,94013.321875,30.92,72.4285,72.44342,630.4806451612903
833321538,1.0,72.629570625,94013.07625,30.92,72.425115,72.44001,630.4782258064516
833321538,1.0,72.6533490625,94012.830625,30.92,72.42173,72.4366,630.4758064516129
833321538,1.0,72.67712750000001,94012.585,30.92,72.418345,72.43319,630.4733870967742
833321538,1.0,72.70090593750001,94012.339375,30.92,72.41496000000001,72.42978,630.4709677419355
833321538,1.0,72.72468437500001,94012.09375,30.92,72.411575,72.42637,630.4685483870968
833321538,1.0,72.74846281250001,94011.848125,30.92,72.40819,72.42296,630.4661290322581
833321538,1.0,72.77224125000001,94011.6025,30.92,72.404805,72.41955,630.4637096774194
833321538,1.0,72.7960196875,94011.356875,30.92,72.40142,72.41614,630.4612903225807
833321538,1.0,72.819798125,94011.11125,30.92,72.39632172413793,72.41096655172413,630.458870967742
833321538,1.0,72.8435765625,94010.865625,30.92,72.39122344827587,72.40579310344827,630.4564516129033
833321538,1.0,72.867355,94010.62,30.92,72.3861251724138,72.4006196551724,630.4540322580646
833321538,1.0,72.8911334375,94010.374375,30.92,72.38102689655173,72.39544620689655,630.4516129032259
833321538,1.0,72.914911875,94010.12875,30.92,72.37592862068965,72.39027275862068,630.4491935483871
833321538,1.0,72.9386903125,94009.883125,30.92,72.37083034482758,72.38509931034483,630.4467741935484
833321538,1.0,72.96246875,94009.6375,30.92,72.36573206896551,72.37992586206896,630.4443548387097
833321538,1.0,72.9862471875,94009.391875,30.92,72.36063379310345,72.3747524137931,630.441935483871
833321538,1.0,73.010025625,94009.14625,30.92,72.35553551724138,72.36957896551723,630.4395161290323
833321538,1.0,73.0338040625,94008.900625,30.92,72.35043724137931,72.36440551724138,630.4370967741936
833321538,1.0,73.0575825,94008.655,30.92,72.34533896551724,72.35923206896551,630.4346774193549
833361522,1.0,73.08136093750001,94008.409375,30.92,72.34024068965518,72.35405862068966,630.4322580645162
833361522,1.0,73.10513937500001,94008.16375,30.92,72.33514241379311,72.34888517241379,630.4298387096775
833401506,1.0,73.1289178125,94007.918125,30.92,72.33004413793104,72.34371172413793,630.4274193548388
833401506,1.0,73.15269625,94007.6725,30.92,72.32494586206896,72.33853827586206,630.425
833401506,1.0,73.1764746875,94007.426875,30.92,72.31984758620689,72.33336482758621,630.4225806451612
833401506,1.0,73.200253125,94007.18125,30.92,72.31474931034482,72.32819137931034,630.4201612903225
833421498,1.0,73.2240315625,94006.935625,30.92,72.30965103448275,72.32301793103449,630.4177419354838
833421498,1.0,73.24781,94006.69,30.92,72.30455275862069,72.31784448275862,630.4153225806451
833421498,1.0,72.05991,94019.15,30.93,72.29945448275862,72.31267103448276,630.4129032258064
833421498,1.0,72.08190814814814,94018.91925925926,30.92981481481481,72.29435620689655,72.30749758620689,630.4104838709677
833421498,1.0,72.1039062962963,94018.68851851852,30.92962962962963,72.28925793103448,72.30232413793104,630.408064516129
833421498,1.0,72.12590444444444,94018.45777777776,30.92944444444445,72.28415965517242,72.29715068965517,630.4056451612903
833421498,1.0,72.1479025925926,94018.22703703704,30.929259259259258,72.27906137931035,72.29197724137931,630.4032258064516
833421498,1.0,72.16990074074074,94017.99629629627,30.92907407407408,72.27396310344827,72.28680379310345,630.4008064516129
833421498,1.0,72.19189888888889,94017.76555555555,30.92888888888889,72.2688648275862,72.28163034482759,630.3983870967742
833421498,1.0,72.21389703703704,94017.5348148148,30.928703703703704,72.26376655172413,72.27645689655172,630.3959677419355
833421498,1.0,72.23589518518519,94017.30407407408,30.92851851851852,72.25866827586206,72.27128344827587,630.3935483870968
833421498,1.0,72.25789333333333,94017.07333333332,30.92833333333333,72.25357,72.26611,630.391129032258
833421498,1.0,72.27989148148149,94016.84259259258,30.92814814814815,72.25041489361702,72.26291787234042,630.3887096774193
833421498,1.0,72.30188962962963,94016.61185185183,30.92796296296296,72.24725978723404,72.25972574468085,630.3862903225806
833421498,1.0,72.32388777777778,94016.38111111111,30.927777777777777,72.24410468085107,72.25653361702128,630.3838709677419
833421498,1.0,72.34588592592593,94016.15037037036,30.9275925925926,72.24094957446808,72.2533414893617,630.3814516129032
833421498,1.0,72.36788407407407,94015.91962962964,30.927407407407408,72.2377944680851,72.25014936170213,630.3790322580645
833421498,1.0,72.38988222222223,94015.68888888888,30.927222222222223,72.23463936170212,72.24695723404255,630.3766129032258
833421498,1.0,72.41188037037037,94015.45814814814,30.92703703703704,72.23148425531915,72.24376510638298,630.3741935483871
833421498,1.0,72.43387851851853,94015.2274074074,30.92685185185185,72.22832914893617,72.2405729787234,630.3717741935484
833421498,1.0,72.45587666666667,94014.99666666666,30.926666666666662,72.22517404255319,72.23738085106383,630.3693548387097
833421498,1.0,72.47787481481481,94014.76592592592,30.92648148148148,72.22201893617022,72.23418872340426,630.366935483871
833421498,1.0,72.49987296296297,94014.5351851852,30.926296296296297,72.21886382978722,72.23099659574468,630.3645161290323
833421498,1.0,72.52187111111111,94014.30444444444,30.926111111111112,72.21570872340425,72.2278044680851,630.3620967741936
833421498,1.0,72.54386925925927,94014.0737037037,30.925925925925927,72.21255361702127,72.22461234042552,630.3596774193549
833421498,1.0,72.56586740740741,94013.84296296295,30.925740740740743,72.2093985106383,72.22142021276595,630.3572580645161
833421498,1.0,72.58786555555555,94013.61222222222,30.925555555555555,72.20624340425532,72.21822808510638,630.3548387096774
833421498,1.0,72.60986370370371,94013.38148148148,30.92537037037037,72.20308829787234,72.2150359574468,630.3524193548387
833421498,1.0,72.63186185185185,94013.15074074072,30.925185185185185,72.19993319148935,72.21184382978723,630.35
833421498,1.0,72.65386000000001,94012.92,30.925,72.19677808510637,72.20865170212765,630.3421052631579
833421498,1.0,72.67585814814815,94012.68925925926,30.924814814814816,72.1936229787234,72.20545957446808,630.3342105263158
833421498,1.0,72.6978562962963,94012.45851851851,30.92462962962963,72.19046787234042,72.2022674468085,630.3263157894737
833421498,1.0,72.71985444444445,94012.22777777778,30.924444444444447,72.18731276595744,72.19907531914893,630.3184210526316
833441490,1.0,72.7418525925926,94011.99703703704,30.92425925925926,72.18415765957447,72.19588319148936,630.3105263157895
833441490,1.0,72.76385074074074,94011.7662962963,30.92407407407408,72.18100255319149,72.19269106382978,630.3026315789474
833481474,1.0,72.78584888888889,94011.53555555556,30.92388888888889,72.1778474468085,72.18949893617021,630.2947368421053
833481474,1.0,72.80784703703704,94011.3048148148,30.923703703703705,72.17469234042552,72.18630680851064,630.2868421052632
833488971,1.0,72.82984518518519,94011.07407407407,30.92351851851852,72.17153723404255,72.18311468085106,630.2789473684211
833521458,1.0,72.85184333333333,94010.84333333334,30.923333333333336,72.16838212765957,72.17992255319149,630.271052631579
833521458,1.0,72.87384148148148,94010.6125925926,30.92314814814815,72.16522702127659,72.17673042553191,630.2631578947369
833521458,1.0,72.89583962962963,94010.38185185184,30.922962962962963,72.16207191489362,72.17353829787234,630.2552631578948
833521458,1.0,72.91783777777778,94010.15111111112,30.92277777777777,72.15891680851064,72.17034617021277,630.2473684210527
833521458,1.0,72.93983592592593,94009.92037037035,30.9225925925926,72.15576170212765,72.1671540425532,630.2394736842106
833521458,1.0,72.96183407407408,94009.68962962965,30.92240740740741,72.15260659574467,72.16396191489362,630.2315789473685
833521458,1.0,72.98383222222222,94009.45888888888,30.922222222222224,72.1494514893617,72.16076978723405,630.2236842105264
833521458,1.0,73.00583037037038,94009.22814814816,30.92203703703704,72.14629638297872,72.15757765957447,630.2157894736843
833521458,1.0,73.02782851851852,94008.9974074074,30.92185185185185,72.14314127659574,72.1543855319149,630.2078947368421
833521458,1.0,73.04982666666666,94008.76666666666,30.921666666666667,72.13998617021277,72.15119340425531,630.2
833521458,1.0,73.07182481481482,94008.53592592591,30.92148148148148,72.13683106382977,72.14800127659574,630.1975806451613
833521458,1.0,73.09382296296296,94008.3051851852,30.921296296296298,72.1336759574468,72.14480914893616,630.1951612903226
833521458,1.0,73.11582111111112,94008.07444444444,30.92111111111112,72.13052085106382,72.14161702127659,630.1927419354839
833521458,1.0,73.13781925925926,94007.84370370372,30.92092592592593,72.12736574468084,72.13842489361701,630.1903225806452
833521458,1.0,73.1598174074074,94007.61296296296,30.920740740740744,72.12421063829787,72.13523276595744,630.1879032258065
833521458,1.0,73.18181555555556,94007.38222222222,30.92055555555556,72.12105553191489,72.13204063829787,630.1854838709678
833521458,1.0,73.2038137037037,94007.15148148147,30.92037037037037,72.11790042553191,72.12884851063829,630.1830645161291
833521458,1.0,73.22581185185186,94006.92074074074,30.920185185185183,72.11474531914892,72.12565638297872,630.1806451612904
833521458,1.0,73.24781,94006.69,30.92,72.11159021276595,72.12246425531914,630.1782258064517
833521458,1.0,71.86831,94021.23,30.93,72.10843510638297,72.11927212765957,630.175806451613
833521458,1.0,71.86729629629629,94021.24111111111,30.93,72.10528,72.11608,630.1733870967743
833521458,1.0,71.86628259259258,94021.25222222222,30.93,72.10071636363635,72.11153333333333,630.1709677419356
833521458,1.0,71.86526888888888,94021.26333333334,30.93,72.09615272727272,72.10698666666666,630.1685483870968
833521458,1.0,71.86425518518519,94021.27444444444,30.93,72.09158909090908,72.10244,630.1661290322581
833521458,1.0,71.86324148148148,94021.28555555556,30.93,72.08702545454545,72.09789333333333,630.1637096774194
833521458,1.0,71.86222777777778,94021.29666666666,30.93,72.08246181818181,72.09334666666666,630.1612903225806
833521458,1.0,71.86121407407407,94021.30777777778,30.93,72.07789818181817,72.08879999999999,630.1588709677419
833521458,1.0,71.86020037037036,94021.31888888888,30.93,72.07333454545454,72.08425333333334,630.1564516129032
833521458,1.0,71.85918666666666,94021.33,30.93,72.0687709090909,72.07970666666667,630.1540322580645
833521458,1.0,71.85817296296295,94021.3411111111,30.93,72.06420727272727,72.07516,630.1516129032258
833521458,1.0,71.85715925925926,94021.35222222222,30.93,72.05964363636363,72.07061333333333,630.1491935483871
833521458,1.0,71.85614555555556,94021.36333333331,30.93,72.05507999999999,72.06606666666667,630.1467741935484
833521458,1.0,71.85513185185185,94021.37444444445,30.93,72.05051636363636,72.06152,630.1443548387097
833521458,1.0,71.85411814814815,94021.38555555556,30.93,72.04595272727272,72.05697333333333,630.141935483871
833521458,1.0,71.85310444444444,94021.39666666668,30.93,72.04138909090909,72.05242666666666,630.1395161290322
833541450,1.0,71.85209074074073,94021.40777777776,30.93,72.03682545454545,72.04788,630.1370967741935
833561442,1.0,71.85107703703704,94021.41888888887,30.93,72.03226181818181,72.04333333333334,630.1346774193548
833561442,1.0,71.85006333333334,94021.43,30.93,72.02769818181818,72.03878666666667,630.1322580645161
833601426,1.0,71.84904962962963,94021.44111111113,30.93,72.02313454545454,72.03424,630.1298387096774
833601426,1.0,71.84803592592593,94021.4522222222,30.93,72.0185709090909,72.02969333333334,630.1274193548387
833601426,1.0,71.84702222222222,94021.46333333332,30.93,72.01400727272727,72.02514666666667,630.125
833601426,1.0,71.84600851851852,94021.47444444444,30.93,72.00944363636363,72.0206,630.1225806451613
833621418,1.0,71.84499481481481,94021.48555555556,30.93,72.00488,72.01605333333333,630.1201612903226
833621418,1.0,71.84398111111112,94021.49666666666,30.93,72.00031636363636,72.01150666666668,630.1177419354839
