Time,Status,MAG_MagX,MAG_MagY,MAG_MagZ,ATT_Yaw,GPS_Yaw,XKF1_Yaw
186193826,0.0,452.078947368421,88.76315789473684,199.0,345.1539024390244,0.0,345.13794871794875
186193826,0.0,452.05263157894734,88.84210526315789,199.0,345.1460975609756,0.0,345.13076923076926
186193826,0.0,452.0263157894737,88.92105263157895,199.0,345.1382926829268,0.0,345.1235897435898
186193826,0.0,452.0,89.0,199.0,345.13048780487804,0.0,345.11641025641023
186193826,0.0,452.0,89.0,199.0,345.12268292682927,0.0,345.10923076923075
186193826,0.0,452.0,89.0,199.0,345.1148780487805,0.0,345.10205128205126
186193826,0.0,452.0,89.0,199.0,345.1070731707317,0.0,345.0948717948718
186213818,0.0,452.0,89.06451612903226,198.96774193548387,345.0992682926829,0.0,345.0876923076923
186213818,0.0,452.0,89.12903225806451,198.9354838709677,345.0914634146342,0.0,345.0805128205128
186216317,0.0,452.0,89.19354838709677,198.9032258064516,345.08365853658535,0.0,345.0733333333333
186253802,0.0,452.0,89.25806451612904,198.8709677419355,345.0758536585366,0.0,345.06615384615384
186253802,0.0,452.0,89.3225806451613,198.83870967741936,345.0680487804878,0.0,345.05897435897435
186293786,0.0,452.0,89.38709677419355,198.80645161290323,345.060243902439,0.0,345.05179487179487
186293786,0.0,452.0,89.45161290322581,198.7741935483871,345.05243902439025,0.0,345.0446153846154
186293786,0.0,452.0,89.51612903225806,198.74193548387092,345.0446341463415,0.0,345.0374358974359
186293786,0.0,452.0,89.58064516129032,198.70967741935485,345.0368292682927,0.0,345.0302564102564
186293786,0.0,452.0,89.64516129032258,198.67741935483872,345.02902439024393,0.0,345.0230769230769
186293786,0.0,452.0,89.70967741935483,198.6451612903226,345.0212195121951,0.0,345.01589743589744
186293786,0.0,452.0,89.7741935483871,198.6129032258065,345.0134146341464,0.0,345.008717948718
186293786,0.0,452.0,89.83870967741936,198.5806451612904,345.0056097560976,0.0,345.0015384615385
186293786,0.0,452.0,89.90322580645162,198.5483870967742,344.9978048780488,0.0,344.994358974359
186293786,0.0,452.0,89.96774193548387,198.51612903225808,344.99,0.0,344.9871794871795
186293786,0.0,452.0,90.03225806451613,198.48387096774192,344.9851724137931,0.0,344.98
186293786,0.0,452.0,90.09677419354838,198.4516129032258,344.98034482758624,0.0,344.93
186293786,0.0,452.0,90.16129032258064,198.4193548387097,344.9755172413793,0.0,344.92549019607844
186293786,0.0,452.0,90.2258064516129,198.3870967741936,344.9706896551724,0.0,344.9209803921569
186293786,0.0,452.0,90.29032258064515,198.3548387096774,344.9658620689655,0.0,344.9164705882353
186293786,0.0,452.0,90.35483870967742,198.32258064516128,344.96103448275863,0.0,344.9119607843137
186293786,0.0,452.0,90.41935483870968,198.29032258064515,344.95620689655175,0.0,344.9074509803922
186293786,0.0,452.0,90.48387096774194,198.25806451612905,344.9513793103448,0.0,344.9029411764706
186293786,0.0,452.0,90.5483870967742,198.2258064516129,344.9465517241379,0.0,344.898431372549
186293786,0.0,452.0,90.61290322580643,198.1935483870968,344.94172413793103,0.0,344.89392156862743
186293786,0.0,452.0,90.6774193548387,198.16129032258064,344.93689655172415,0.0,344.88941176470587
186293786,0.0,452.0,90.74193548387096,198.1290322580645,344.93206896551726,0.0,344.8849019607843
186293786,0.0,452.0,90.80645161290325,198.0967741935484,344.9272413793104,0.0,344.88039215686274
186293786,0.0,452.0,90.87096774193547,198.06451612903223,344.92241379310343,0.0,344.8758823529412
186293786,0.0,452.0,90.93548387096774,198.03225806451613,344.91758620689654,0.0,344.8713725490196
186293786,0.0,452.0,91.0,198.0,344.91275862068966,0.0,344.86686274509805
186293786,0.0,452.0,91.0,198.0,344.9079310344828,0.0,344.8623529411765
186293786,0.0,452.0,91.0,198.0,344.9031034482759,0.0,344.8578431372549
186293786,0.0,452.0,91.0,198.0,344.89827586206894,0.0,344.8533333333333
186293786,0.0,452.0,91.0,198.0,344.89344827586206,0.0,344.8488235294118
186293786,0.0,452.0,91.0,198.0,344.8886206896552,0.0,344.8443137254902
186293786,0.0,452.0,91.0,198.0,344.8837931034483,0.0,344.8398039215686
186293786,0.0,452.0,91.0,198.0,344.8789655172414,0.0,344.83529411764704
186293786,0.0,452.0,91.0,198.0,344.87413793103445,0.0,344.8307843137255
186293786,0.0,452.0,91.0,198.0,344.8693103448276,0.0,344.8262745098039
186293786,0.0,452.0,91.0,198.0,344.8644827586207,0.0,344.82176470588234
186333770,0.0,452.0,91.16666666666669,198.0,344.8596551724138,0.0,344.8172549019608
186333770,0.0,452.0,91.33333333333331,198.0,344.8548275862069,0.0,344.8127450980392
186373754,0.0,452.0,91.5,198.0,344.85,0.0,344.80823529411765
186373754,0.0,452.0,91.66666666666669,198.0,344.8451724137931,0.0,344.8037254901961
186393746,0.0,452.0,91.83333333333331,198.0,344.8403448275862,0.0,344.7992156862745
186393746,0.0,452.0,92.0,198.0,344.8355172413793,0.0,344.79470588235296
186393746,0.0,452.0,92.16666666666669,198.0,344.8306896551724,0.0,344.7901960784314
186393746,0.0,452.0,92.33333333333331,198.0,344.82586206896553,0.0,344.78568627450977
186393746,0.0,452.0,92.5,198.0,344.8210344827586,0.0,344.7811764705882
186393746,0.0,452.0,92.66666666666669,198.0,344.8162068965517,0.0,344.77666666666664
186393746,0.0,452.0,92.83333333333331,198.0,344.8113793103448,0.0,344.7721568627451
186393746,0.0,452.0,93.0,198.0,344.80655172413793,0.0,344.7676470588235
186393746,0.0,452.0,93.16666666666669,198.0,344.80172413793105,0.0,344.76313725490195
186393746,0.0,452.0,93.33333333333331,198.0,344.7968965517241,0.0,344.7586274509804
186393746,0.0,452.0,93.5,198.0,344.7920689655172,0.0,344.7541176470588
186393746,0.0,452.0,93.66666666666669,198.0,344.7872413793104,0.0,344.74960784313726
186393746,0.0,452.0,93.83333333333331,198.0,344.78241379310344,0.0,344.7450980392157
186393746,0.0,452.0,94.0,198.0,344.77758620689656,0.0,344.7405882352941
186393746,0.0,452.0,94.0,198.0,344.7727586206896,0.0,344.73607843137256
186393746,0.0,452.0,94.0,198.0,344.7679310344828,0.0,344.731568627451
186393746,0.0,452.0,94.0,198.0,344.76310344827584,0.0,344.7270588235294
186393746,0.0,452.0,94.0,198.0,344.75827586206896,0.0,344.7225490196078
186393746,0.0,452.0,94.0,198.0,344.75344827586207,0.0,344.71803921568625
186393746,0.0,452.0,94.0,198.0,344.7486206896552,0.0,344.7135294117647
186393746,0.0,452.0,94.0,198.0,344.74379310344824,0.0,344.7090196078431
186393746,0.0,452.0,94.0,198.0,344.7389655172413,0.0,344.70450980392155
186393746,0.0,452.0,94.0,198.0,344.73413793103447,0.0,344.7
186393746,0.0,452.0,94.0,198.0,344.7293103448276,0.0,344.69166666666666
186393746,0.0,452.0,94.0,198.0,344.7244827586207,0.0,344.68333333333334
186393746,0.0,452.0,94.0,198.0,344.7196551724137,0.0,344.67499999999995
186393746,0.0,452.0,94.0,198.0,344.71482758620687,0.0,344.66666666666663
186393746,0.0,452.0,94.0,198.0,344.71,0.0,344.6583333333333
186393746,0.0,452.0,94.0,198.0,344.7045238095238,0.0,344.65
186393746,0.0,452.0,94.0,198.0,344.6990476190476,0.0,344.645
186393746,0.0,452.0,94.0,198.0,344.69357142857143,0.0,344.64
186393746,0.0,452.0,94.0,198.0,344.68809523809523,0.0,344.635
186393746,0.0,452.0,94.0,198.0,344.682619047619,0.0,344.63
186393746,0.0,452.0,94.0,198.0,344.6771428571428,0.0,344.625
186393746,0.0,452.0,94.0,198.0,344.6716666666666,0.0,344.62
186413738,0.0,451.95454545454544,94.04545454545456,198.0,344.6661904761905,0.0,344.615
186413738,0.0,451.9090909090909,94.0909090909091,198.0,344.6607142857143,0.0,344.61
186453722,0.0,451.8636363636364,94.13636363636364,198.0,344.6552380952381,0.0,344.605
186453722,0.0,451.8181818181818,94.1818181818182,198.0,344.6497619047619,0.0,344.6
186493706,0.0,451.77272727272725,94.22727272727272,198.0,344.64428571428573,0.0,344.595
186493706,0.0,451.7272727272728,94.27272727272728,198.0,344.6388095238095,0.0,344.59
186493706,0.0,451.6818181818182,94.3181818181818,198.0,344.6333333333333,0.0,344.585
186493706,0.0,451.6363636363636,94.36363636363636,198.0,344.6278571428571,0.0,344.58
186493706,0.0,451.59090909090907,94.4090909090909,198.0,344.6223809523809,0.0,344.575
186493706,0.0,451.54545454545456,94.45454545454544,198.0,344.6169047619048,0.0,344.57
186493706,0.0,451.5,94.5,198.0,344.6114285714286,0.0,344.565
186493706,0.0,451.45454545454544,94.54545454545456,198.0,344.6059523809524,0.0,344.56
186493706,0.0,451.4090909090909,94.5909090909091,198.0,344.6004761904762,0.0,344.555
186493706,0.0,451.3636363636364,94.63636363636364,198.0,344.595,0.0,344.55
186493706,0.0,451.3181818181818,94.6818181818182,198.0,344.5895238095238,0.0,344.545
186493706,0.0,451.27272727272725,94.72727272727272,198.0,344.5840476190476,0.0,344.54
186493706,0.0,451.2272727272728,94.77272727272728,198.0,344.5785714285714,0.0,344.535
186493706,0.0,451.1818181818182,94.8181818181818,198.0,344.5730952380952,0.0,344.53000000000003
186493706,0.0,451.1363636363636,94.86363636363636,198.0,344.5676190476191,0.0,344.52500000000003
186493706,0.0,451.09090909090907,94.9090909090909,198.0,344.5621428571429,0.0,344.52000000000004
186493706,0.0,451.04545454545456,94.95454545454544,198.0,344.5566666666667,0.0,344.515
186493706,0.0,451.0,95.0,198.0,344.55119047619047,0.0,344.51
186493706,0.0,451.0,95.0,198.0,344.54571428571427,0.0,344.505
186493706,0.0,451.0,95.0,198.0,344.5402380952381,0.0,344.5
186493706,0.0,451.0,95.0,198.0,344.5347619047619,0.0,344.495
186493706,0.0,451.0,95.0,198.0,344.5292857142857,0.0,344.49
186493706,0.0,451.0,95.0,198.0,344.5238095238095,0.0,344.485
186493706,0.0,451.0,95.0,198.0,344.5183333333333,0.0,344.48
186493706,0.0,451.0,95.0,198.0,344.5128571428572,0.0,344.475
186493706,0.0,451.0,95.0,198.0,344.50738095238097,0.0,344.47
186493706,0.0,451.0,95.0,198.0,344.5019047619048,0.0,344.42
186493706,0.0,451.0,95.0,198.0,344.49642857142857,0.0,344.414
186493706,0.0,451.0,95.0,198.0,344.4909523809524,0.0,344.408
186493706,0.0,451.0,95.0,198.0,344.4854761904762,0.0,344.40200000000004
186493706,0.0,451.0,95.0,198.0,344.48,0.0,344.396
186493706,0.0,451.0,95.0,198.0,344.4669230769231,0.0,344.39
186493706,0.0,451.0,95.0,198.0,344.45384615384614,0.0,344.384
186493706,0.0,451.0,95.0,198.0,344.44076923076926,0.0,344.37800000000004
186493706,0.0,451.0,95.0,198.0,344.4276923076923,0.0,344.372
186533690,0.0,451.0,95.0,198.0,344.4146153846154,0.0,344.366
186533690,0.0,451.0,95.0,198.0,344.40153846153845,0.0,344.36
186573674,0.0,451.0,95.0,198.0,344.3884615384616,0.0,344.35400000000004
186573674,0.0,451.0,95.0,198.0,344.37538461538463,0.0,344.348
186593666,0.0,451.0,95.0,198.0,344.3623076923077,0.0,344.342
186593666,0.0,451.0,95.0,198.0,344.3492307692308,0.0,344.336
186593666,0.0,451.0,95.0,198.0,344.3361538461539,0.0,344.33000000000004
186593666,0.0,451.0,95.0,198.0,344.32307692307694,0.0,344.324
186593666,0.0,451.0,95.0,198.0,344.31,0.0,344.318
186593666,0.0,451.0,95.0,198.0,344.30692307692306,0.0,344.312
186593666,0.0,451.0,95.0,198.0,344.30384615384617,0.0,344.30600000000004
186593666,0.0,451.0,95.0,198.0,344.3007692307692,0.0,344.3
186593666,0.0,451.0,95.0,198.0,344.2976923076924,0.0,344.25
186593666,0.0,451.0,95.0,198.0,344.2946153846154,0.0,344.2481666666667
186593666,0.0,451.0,97.0,199.0,344.29153846153844,0.0,344.2463333333333
186593666,0.0,451.0,97.0,199.0,344.28846153846155,0.0,344.2445
186593666,0.0,451.0,97.0,199.0,344.2853846153846,0.0,344.24266666666665
186593666,0.0,451.0,97.0,199.0,344.2823076923077,0.0,344.24083333333334
186593666,0.0,451.0,96.95744680851064,198.9787234042553,344.2792307692308,0.0,344.239
186593666,0.0,451.0,96.91489361702128,198.95744680851064,344.2761538461539,0.0,344.23716666666667
186593666,0.0,451.0,96.87234042553192,198.936170212766,344.2730769230769,0.0,344.23533333333336
186593666,0.0,451.0,96.82978723404256,198.91489361702128,344.27,0.0,344.2335
186593666,0.0,451.0,96.7872340425532,198.89361702127653,344.2669230769231,0.0,344.2316666666667
186593666,0.0,451.0,96.74468085106383,198.87234042553192,344.26384615384615,0.0,344.2298333333333
186593666,0.0,451.0,96.70212765957449,198.8510638297872,344.26076923076926,0.0,344.228
186593666,0.0,451.0,96.65957446808513,198.82978723404256,344.2576923076923,0.0,344.22616666666664
186593666,0.0,451.0,96.61702127659576,198.80851063829783,344.25461538461536,0.0,344.22433333333333
186593666,0.0,451.0,96.5744680851064,198.7872340425532,344.2515384615385,0.0,344.2225
186593666,0.0,451.0,96.53191489361704,198.7659574468085,344.2484615384615,0.0,344.22066666666666
186593666,0.0,451.0,96.48936170212764,198.74468085106383,344.24538461538464,0.0,344.2188333333333
186593666,0.0,451.0,96.44680851063828,198.7234042553192,344.2423076923077,0.0,344.217
186593666,0.0,451.0,96.40425531914892,198.70212765957447,344.23923076923074,0.0,344.2151666666667
186593666,0.0,451.0,96.36170212765956,198.68085106382972,344.23615384615385,0.0,344.2133333333333
186593666,0.0,451.0,96.3191489361702,198.6595744680851,344.2330769230769,0.0,344.2115
186593666,0.0,451.0,96.27659574468083,198.6382978723404,344.23,0.0,344.20966666666664
186593666,0.0,451.0,96.23404255319149,198.6170212765957,344.2269230769231,0.0,344.2078333333333
186593666,0.0,451.0,96.19148936170212,198.59574468085103,344.2238461538461,0.0,344.206
186593666,0.0,451.0,96.14893617021276,198.5744680851064,344.22076923076924,0.0,344.20416666666665
186593666,0.0,451.0,96.1063829787234,198.5531914893617,344.2176923076923,0.0,344.20233333333334
186613658,0.0,451.0,96.06382978723404,198.53191489361703,344.2146153846154,0.0,344.2005
186613658,0.0,451.0,96.02127659574468,198.5106382978724,344.21153846153845,0.0,344.19866666666667
186653642,0.0,451.0,95.97872340425532,198.48936170212767,344.2084615384616,0.0,344.1968333333333
186653642,0.0,451.0,95.93617021276596,198.46808510638297,344.2053846153846,0.0,344.195
186688628,0.0,451.0,95.8936170212766,198.4468085106383,344.20230769230767,0.0,344.1931666666667
186693626,0.0,451.0,95.85106382978724,198.4255319148936,344.1992307692308,0.0,344.1913333333333
186693626,0.0,451.0,95.80851063829788,198.4042553191489,344.19615384615383,0.0,344.1895
186693626,0.0,451.0,95.76595744680851,198.38297872340425,344.19307692307694,0.0,344.18766666666664
186693626,0.0,451.0,95.72340425531917,198.3617021276596,344.19,0.0,344.18583333333333
186693626,0.0,451.0,95.6808510638298,198.3404255319149,344.18929577464786,0.0,344.184
186693626,0.0,451.0,95.63829787234044,198.31914893617025,344.1885915492958,0.0,344.18216666666666
186693626,0.0,451.0,95.59574468085108,198.2978723404256,344.18788732394364,0.0,344.1803333333333
186693626,0.0,451.0,95.55319148936172,198.2765957446809,344.1871830985916,0.0,344.1785
186693626,0.0,451.0,95.51063829787236,198.25531914893617,344.1864788732394,0.0,344.1766666666667
186693626,0.0,451.0,95.46808510638296,198.2340425531915,344.18577464788734,0.0,344.1748333333333
186693626,0.0,451.0,95.4255319148936,198.2127659574468,344.1850704225352,0.0,344.173
186693626,0.0,451.0,95.38297872340424,198.1914893617021,344.18436619718307,0.0,344.17116666666664
186693626,0.0,451.0,95.34042553191487,198.17021276595744,344.183661971831,0.0,344.1693333333333
186693626,0.0,451.0,95.29787234042551,198.1489361702128,344.18295774647885,0.0,344.1675
186693626,0.0,451.0,95.25531914893617,198.12765957446808,344.1822535211268,0.0,344.16566666666665
186693626,0.0,451.0,95.2127659574468,198.10638297872345,344.18154929577463,0.0,344.16383333333334
186693626,0.0,451.0,95.17021276595744,198.08510638297872,344.1808450704225,0.0,344.162
186693626,0.0,451.0,95.12765957446808,198.06382978723408,344.1801408450704,0.0,344.16016666666667
186693626,0.0,451.0,95.08510638297872,198.04255319148936,344.1794366197184,0.0,344.1583333333333
186693626,0.0,451.0,95.04255319148936,198.0212765957447,344.1787323943662,0.0,344.1565
186693626,0.0,451.0,95.0,198.0,344.17802816901406,0.0,344.1546666666666
186693626,0.0,451.0,97.0,199.0,344.177323943662,0.0,344.1528333333333
186693626,0.0,451.0,97.0,199.0,344.17661971830984,0.0,344.151
186693626,0.0,450.9666666666666,97.03333333333332,199.0,344.17591549295776,0.0,344.14916666666664
186693626,0.0,450.9333333333333,97.06666666666666,199.0,344.1752112676056,0.0,344.14733333333334
186693626,0.0,450.9,97.1,199.0,344.17450704225354,0.0,344.1455
186693626,0.0,450.8666666666667,97.13333333333334,199.0,344.1738028169014,0.0,344.14366666666666
186693626,0.0,450.8333333333333,97.16666666666669,199.0,344.17309859154926,0.0,344.1418333333333
186693626,0.0,450.8,97.2,199.0,344.1723943661972,0.0,344.14
186693626,0.0,450.76666666666665,97.23333333333332,199.0,344.17169014084504,0.0,344.148
186693626,0.0,450.73333333333335,97.26666666666668,199.0,344.17098591549296,0.0,344.156
186693626,0.0,450.7,97.3,199.0,344.1702816901408,0.0,344.164
186693626,0.0,450.6666666666667,97.33333333333331,199.0,344.16957746478874,0.0,344.172
186693626,0.0,450.6333333333333,97.36666666666666,199.0,344.1688732394366,0.0,344.18
186693626,0.0,450.6,97.4,199.0,344.1681690140845,0.0,344.1771428571429
186721115,0.0,450.56666666666666,97.43333333333334,199.0,344.1674647887324,0.0,344.1742857142857
186733610,0.0,450.53333333333336,97.46666666666668,199.0,344.16676056338025,0.0,344.1714285714286
186733610,0.0,450.5,97.5,199.0,344.16605633802817,0.0,344.16857142857145
186774427,0.0,450.4666666666666,97.53333333333332,199.0,344.16535211267603,0.0,344.1657142857143
186774427,0.0,450.4333333333333,97.56666666666666,199.0,344.16464788732395,0.0,344.16285714285715
186794419,0.0,450.4,97.6,199.0,344.1639436619718,0.0,344.16
186794419,0.0,450.3666666666667,97.63333333333334,199.0,344.16323943661973,0.0,344.15714285714284
186794419,0.0,450.3333333333333,97.66666666666669,199.0,344.1625352112676,0.0,344.1542857142857
186794419,0.0,450.3,97.7,199.0,344.16183098591546,0.0,344.1514285714286
186794419,0.0,450.26666666666665,97.73333333333332,199.0,344.1611267605634,0.0,344.1485714285714
186794419,0.0,450.23333333333335,97.76666666666668,199.0,344.16042253521124,0.0,344.1457142857143
186794419,0.0,450.2,97.8,199.0,344.1597183098592,0.0,344.1428571428572
186794419,0.0,450.1666666666667,97.83333333333331,199.0,344.159014084507,0.0,344.14
186794419,0.0,450.1333333333333,97.86666666666666,199.0,344.15830985915494,0.0,344.13714285714286
186794419,0.0,450.1,97.9,199.0,344.1576056338028,0.0,344.13428571428574
186794419,0.0,450.06666666666666,97.93333333333334,199.0,344.1569014084507,0.0,344.13142857142856
186794419,0.0,450.03333333333336,97.96666666666668,199.0,344.1561971830986,0.0,344.12857142857143
186794419,0.0,450.0,98.0,199.0,344.15549295774645,0.0,344.12571428571425
186794419,0.0,450.0,98.0,199.0,344.1547887323944,0.0,344.1228571428572
186794419,0.0,451.0,95.0,198.0,344.1540845070422,0.0,344.12
186794419,0.0,450.9818181818182,95.05454545454543,198.03636363636363,344.15338028169015,0.0,344.1171428571428
186794419,0.0,450.96363636363634,95.10909090909092,198.0727272727273,344.152676056338,0.0,344.1142857142857
186794419,0.0,450.94545454545454,95.16363636363636,198.1090909090909,344.151971830986,0.0,344.1114285714286
186794419,0.0,450.9272727272728,95.21818181818182,198.14545454545456,344.1512676056338,0.0,344.1085714285714
186794419,0.0,450.9090909090909,95.27272727272728,198.1818181818182,344.15056338028165,0.0,344.10571428571427
186794419,0.0,450.8909090909091,95.32727272727271,198.21818181818185,344.1498591549296,0.0,344.10285714285715
186794419,0.0,450.8727272727273,95.38181818181818,198.25454545454545,344.14915492957743,0.0,344.1
186794419,0.0,450.8545454545455,95.43636363636364,198.29090909090908,344.1484507042253,0.0,344.09714285714284
186794419,0.0,450.8363636363636,95.49090909090908,198.3272727272727,344.1477464788732,0.0,344.0942857142857
186794419,0.0,450.8181818181818,95.54545454545456,198.3636363636364,344.14704225352114,0.0,344.09142857142854
186794419,0.0,450.8,95.6,198.4,344.146338028169,0.0,344.0885714285714
186794419,0.0,450.7818181818182,95.65454545454546,198.43636363636364,344.1456338028169,0.0,344.0857142857143
186794419,0.0,450.7636363636364,95.7090909090909,198.47272727272727,344.1449295774648,0.0,344.0828571428571
186794419,0.0,450.74545454545455,95.76363636363637,198.5090909090909,344.14422535211264,0.0,344.08
186794419,0.0,450.7272727272728,95.8181818181818,198.54545454545453,344.14352112676056,0.0,344.13
186794419,0.0,450.7090909090909,95.87272727272727,198.5818181818182,344.1428169014084,0.0,344.125
186794419,0.0,450.6909090909091,95.92727272727272,198.61818181818185,344.14211267605634,0.0,344.12
186794419,0.0,450.6727272727273,95.98181818181818,198.65454545454543,344.1414084507042,0.0,344.115
186794419,0.0,450.6545454545454,96.03636363636365,198.6909090909091,344.1407042253521,0.0,344.11
186794419,0.0,450.6363636363636,96.0909090909091,198.72727272727272,344.14,0.0,344.105
186814411,0.0,450.6181818181818,96.14545454545454,198.76363636363635,344.13941176470587,0.0,344.1
186814411,0.0,450.6,96.2,198.8,344.1388235294117,0.0,344.095
186854395,0.0,450.58181818181816,96.25454545454544,198.83636363636364,344.13823529411764,0.0,344.09
186854395,0.0,450.5636363636364,96.30909090909093,198.87272727272727,344.1376470588235,0.0,344.085
186894379,0.0,450.54545454545456,96.36363636363636,198.9090909090909,344.1370588235294,0.0,344.08
186894379,0.0,450.5272727272727,96.41818181818182,198.9454545454545,344.1364705882353,0.0,344.075
186894379,0.0,450.5090909090909,96.47272727272728,198.98181818181817,344.1358823529412,0.0,344.07
186894379,0.0,450.4909090909091,96.52727272727272,199.01818181818183,344.13529411764705,0.0,344.07714285714286
186894379,0.0,450.4727272727273,96.58181818181818,199.05454545454543,344.13470588235293,0.0,344.0842857142857
186894379,0.0,450.45454545454544,96.63636363636364,199.0909090909091,344.1341176470588,0.0,344.0914285714286
186894379,0.0,450.4363636363637,96.69090909090907,199.12727272727275,344.1335294117647,0.0,344.0985714285714
186894379,0.0,450.4181818181818,96.74545454545456,199.1636363636364,344.1329411764706,0.0,344.10571428571427
186894379,0.0,450.4,96.8,199.2,344.13235294117646,0.0,344.11285714285714
186894379,0.0,450.3818181818182,96.85454545454546,199.23636363636365,344.13176470588235,0.0,344.12
186894379,0.0,450.3636363636364,96.9090909090909,199.27272727272728,344.13117647058823,0.0,344.1206666666667
186894379,0.0,450.3454545454546,96.96363636363635,199.3090909090909,344.1305882352941,0.0,344.1213333333333
186894379,0.0,450.3272727272727,97.01818181818182,199.3454545454545,344.13,0.0,344.122
186894379,0.0,450.3090909090909,97.07272727272728,199.38181818181812,344.130350877193,0.0,344.12266666666665
186894379,0.0,450.2909090909091,97.12727272727273,199.4181818181818,344.13070175438594,0.0,344.12333333333333
186894379,0.0,450.27272727272725,97.1818181818182,199.45454545454547,344.13105263157894,0.0,344.124
186894379,0.0,450.2545454545455,97.23636363636363,199.4909090909091,344.13140350877194,0.0,344.12466666666666
186894379,0.0,450.2363636363637,97.2909090909091,199.5272727272728,344.1317543859649,0.0,344.12533333333334
186894379,0.0,450.2181818181818,97.34545454545454,199.5636363636364,344.1321052631579,0.0,344.126
186894379,0.0,450.2,97.4,199.6,344.1324561403509,0.0,344.12666666666667
186894379,0.0,450.1818181818182,97.45454545454544,199.63636363636363,344.1328070175438,0.0,344.1273333333333
186894379,0.0,450.1636363636364,97.50909090909092,199.6727272727273,344.1331578947368,0.0,344.128
186894379,0.0,450.1454545454545,97.56363636363636,199.7090909090909,344.1335087719298,0.0,344.1286666666667
186894379,0.0,450.1272727272727,97.61818181818182,199.7454545454545,344.1338596491228,0.0,344.1293333333333
186894379,0.0,450.1090909090909,97.67272727272729,199.78181818181812,344.13421052631577,0.0,344.13
186894379,0.0,450.09090909090907,97.72727272727272,199.8181818181818,344.1345614035088,0.0,344.1306666666667
186894379,0.0,450.07272727272726,97.78181818181818,199.85454545454544,344.13491228070177,0.0,344.1313333333333
186894379,0.0,450.0545454545455,97.83636363636364,199.8909090909091,344.1352631578947,0.0,344.132
186894379,0.0,450.03636363636366,97.89090909090908,199.9272727272728,344.1356140350877,0.0,344.13266666666664
186894379,0.0,450.0181818181818,97.94545454545454,199.9636363636364,344.1359649122807,0.0,344.1333333333333
186894379,0.0,450.0,98.0,200.0,344.13631578947366,0.0,344.134
186894379,0.0,450.0,98.0,200.0,344.13666666666666,0.0,344.13466666666665
186894379,0.0,450.0,98.0,200.0,344.13701754385966,0.0,344.13533333333334
186894379,0.0,451.0,95.0,198.0,344.1373684210526,0.0,344.136
186894379,0.0,450.88235294117646,95.17647058823528,198.1764705882353,344.1377192982456,0.0,344.13666666666666
186934363,0.0,450.7647058823529,95.3529411764706,198.35294117647052,344.1380701754386,0.0,344.13733333333334
186934363,0.0,450.6470588235294,95.52941176470588,198.52941176470588,344.13842105263154,0.0,344.138
186974347,0.0,450.52941176470586,95.70588235294116,198.7058823529412,344.13877192982454,0.0,344.13866666666667
186974347,0.0,450.4117647058824,95.88235294117646,198.8823529411765,344.13912280701754,0.0,344.1393333333333
186994339,0.0,450.2941176470589,96.05882352941175,199.05882352941177,344.1394736842105,0.0,344.14
186994339,0.0,450.1764705882353,96.23529411764706,199.23529411764707,344.1398245614035,0.0,344.13444444444445
186994339,0.0,450.05882352941177,96.41176470588236,199.41176470588235,344.1401754385965,0.0,344.12888888888887
186994339,0.0,449.9411764705882,96.58823529411764,199.58823529411765,344.1405263157895,0.0,344.12333333333333
186994339,0.0,449.8235294117647,96.76470588235294,199.76470588235293,344.14087719298243,0.0,344.11777777777775
186994339,0.0,449.7058823529412,96.94117647058825,199.94117647058823,344.14122807017543,0.0,344.1122222222222
186994339,0.0,449.5882352941176,97.11764705882354,200.1176470588236,344.14157894736843,0.0,344.1066666666666
186994339,0.0,449.4705882352941,97.29411764705884,200.2941176470588,344.1419298245614,0.0,344.1011111111111
186994339,0.0,449.3529411764706,97.47058823529412,200.4705882352941,344.1422807017544,0.0,344.0955555555555
186994339,0.0,449.2352941176471,97.6470588235294,200.64705882352945,344.1426315789474,0.0,344.09
186994339,0.0,449.11764705882354,97.82352941176472,200.8235294117647,344.1429824561403,0.0,344.0930555555555
186994339,0.0,449.0,98.0,201.0,344.1433333333333,0.0,344.0961111111111
186994339,1.0,450.0,96.5,199.5,344.1436842105263,0.0,344.09916666666663
186994339,1.0,451.0,95.0,198.0,344.14403508771926,0.0,344.1022222222222
186994339,1.0,450.8666666666667,95.2,198.2,344.14438596491226,0.0,344.10527777777776
186994339,1.0,450.73333333333335,95.4,198.4,344.14473684210526,0.0,344.1083333333333
186994339,1.0,450.6,95.6,198.6,344.1450877192982,0.0,344.1113888888889
186994339,1.0,450.4666666666666,95.8,198.8,344.1454385964912,0.0,344.1144444444444
186994339,1.0,450.3333333333333,96.0,199.0,344.1457894736842,0.0,344.11749999999995
186994339,1.0,450.2,96.2,199.2,344.14614035087715,0.0,344.12055555555554
186994339,1.0,450.06666666666666,96.4,199.4,344.14649122807015,0.0,344.1236111111111
186994339,1.0,449.9333333333333,96.6,199.6,344.14684210526315,0.0,344.12666666666667
186994339,1.0,449.8,96.8,199.8,344.14719298245615,0.0,344.1297222222222
186994339,1.0,449.6666666666667,97.0,200.0,344.1475438596491,0.0,344.13277777777773
186994339,1.0,449.53333333333336,97.2,200.2,344.1478947368421,0.0,344.1358333333333
186994339,1.0,449.4,97.4,200.4,344.1482456140351,0.0,344.13888888888886
186994339,1.0,449.26666666666665,97.6,200.6,344.14859649122803,0.0,344.14194444444445
186994339,1.0,449.1333333333333,97.8,200.8,344.14894736842103,0.0,344.145
186994339,1.0,449.0,98.0,201.0,344.14929824561403,0.0,344.1480555555555
186994339,1.0,449.0,98.0,201.0,344.149649122807,0.0,344.1511111111111
186994339,1.0,449.0,98.0,201.0,344.15,0.0,344.15416666666664
186994339,1.0,449.0,98.0,201.0,344.1516216216216,0.0,344.15722222222223
186994339,1.0,449.0,98.0,201.0,344.1532432432432,0.0,344.16027777777776
186994339,1.0,449.0,98.0,201.0,344.15486486486486,0.0,344.1633333333333
186994339,1.0,449.0,98.0,201.0,344.1564864864865,0.0,344.1663888888889
187014331,1.0,449.0,98.0,201.0,344.1581081081081,0.0,344.1694444444444
187014331,1.0,449.0,98.0,201.0,344.1597297297297,0.0,344.1725
187054315,1.0,449.0,98.0,201.0,344.16135135135136,0.0,344.17555555555555
187054315,1.0,449.0,98.0,201.0,344.16297297297297,0.0,344.1786111111111
187094299,1.0,449.0,98.0,201.0,344.1645945945946,0.0,344.1816666666667
187094299,1.0,449.0,98.0,201.0,344.1662162162162,0.0,344.1847222222222
187094299,1.0,449.0,98.0,201.0,344.1678378378378,0.0,344.18777777777774
187094299,1.0,449.0,98.0,201.0,344.16945945945946,0.0,344.19083333333333
187094299,1.0,449.0,98.0,201.0,344.17108108108107,0.0,344.19388888888886
187094299,1.0,449.0,98.0,201.0,344.1727027027027,0.0,344.19694444444445
187094299,1.0,449.0,98.0,201.0,344.1743243243243,0.0,344.2
187094299,1.0,449.0,98.0,201.0,344.1759459459459,0.0,344.15
187094299,1.0,449.0,98.0,201.0,344.1775675675676,0.0,344.1524444444444
187094299,1.0,449.0,98.0,201.0,344.1791891891892,0.0,344.1548888888889
187094299,1.0,449.0,98.0,201.0,344.1808108108108,0.0,344.1573333333333
187094299,1.0,449.0,98.0,201.0,344.1824324324324,0.0,344.1597777777778
187094299,1.0,449.0,98.0,201.0,344.18405405405406,0.0,344.1622222222222
187094299,1.0,449.0,98.0,201.0,344.18567567567567,0.0,344.1646666666666
187094299,1.0,449.0,98.0,201.0,344.1872972972973,0.0,344.16711111111107
187094299,1.0,449.0,98.0,201.0,344.1889189189189,0.0,344.1695555555555
187094299,1.0,449.0,98.0,201.0,344.1905405405405,0.0,344.172
187094299,1.0,449.0,98.0,201.0,344.19216216216216,0.0,344.1744444444444
187094299,1.0,449.0,98.0,201.0,344.1937837837838,0.0,344.17688888888887
187094299,1.0,449.0,98.0,201.0,344.1954054054054,0.0,344.1793333333333
187094299,1.0,451.0,95.0,198.0,344.197027027027,0.0,344.18177777777777
187094299,1.0,450.9090909090909,95.13636363636364,198.13636363636363,344.1986486486486,0.0,344.1842222222222
187094299,1.0,450.8181818181818,95.27272727272728,198.27272727272728,344.20027027027027,0.0,344.18666666666667
187094299,1.0,450.7272727272728,95.4090909090909,198.4090909090909,344.2018918918919,0.0,344.1891111111111
187094299,1.0,450.6363636363636,95.54545454545456,198.54545454545453,344.2035135135135,0.0,344.1915555555555
187094299,1.0,450.54545454545456,95.6818181818182,198.6818181818182,344.2051351351351,0.0,344.194
187094299,1.0,450.45454545454544,95.8181818181818,198.8181818181818,344.2067567567568,0.0,344.1964444444444
187094299,1.0,450.3636363636364,95.95454545454544,198.95454545454547,344.2083783783784,0.0,344.19888888888886
187094299,1.0,450.27272727272725,96.0909090909091,199.0909090909091,344.21,0.0,344.2013333333333
187094299,1.0,450.1818181818182,96.22727272727272,199.22727272727272,344.21166666666664,0.0,344.20377777777776
187094299,1.0,450.09090909090907,96.36363636363636,199.3636363636364,344.2133333333333,0.0,344.2062222222222
187094299,1.0,450.0,96.5,199.5,344.215,0.0,344.20866666666666
187094299,1.0,449.9090909090909,96.63636363636364,199.63636363636363,344.21666666666664,0.0,344.2111111111111
187094299,1.0,449.8181818181818,96.77272727272728,199.77272727272728,344.2183333333333,0.0,344.2135555555556
187094299,1.0,449.7272727272728,96.9090909090909,199.9090909090909,344.22,0.0,344.216
187134283,1.0,449.6363636363636,97.04545454545456,200.04545454545453,344.22166666666664,0.0,344.21844444444446
187134283,1.0,449.54545454545456,97.1818181818182,200.1818181818182,344.2233333333333,0.0,344.22088888888885
187174267,1.0,449.45454545454544,97.3181818181818,200.3181818181818,344.225,0.0,344.2233333333333
187174267,1.0,449.3636363636364,97.45454545454544,200.45454545454547,344.22666666666663,0.0,344.2257777777777
187194259,1.0,449.27272727272725,97.5909090909091,200.5909090909091,344.2283333333333,0.0,344.2282222222222
187194259,1.0,449.1818181818182,97.72727272727272,200.72727272727272,344.23,0.0,344.23066666666665
187194259,1.0,449.09090909090907,97.86363636363636,200.8636363636364,344.2316666666666,0.0,344.2331111111111
187194259,1.0,449.0,98.0,201.0,344.2333333333333,0.0,344.23555555555555
187194259,1.0,449.1538461538461,97.76923076923076,200.7692307692308,344.235,0.0,344.238
187194259,1.0,449.3076923076923,97.53846153846152,200.53846153846155,344.2366666666666,0.0,344.24044444444445
187194259,1.0,449.46153846153845,97.3076923076923,200.30769230769232,344.2383333333333,0.0,344.2428888888889
187194259,1.0,449.61538461538464,97.07692307692308,200.07692307692307,344.24,0.0,344.2453333333333
187194259,1.0,449.7692307692308,96.84615384615384,199.84615384615384,344.2416666666667,0.0,344.24777777777774
187194259,1.0,449.9230769230769,96.6153846153846,199.6153846153846,344.24333333333334,0.0,344.2502222222222
187194259,1.0,450.0769230769231,96.3846153846154,199.3846153846154,344.245,0.0,344.25266666666664
187194259,1.0,450.2307692307692,96.15384615384616,199.15384615384616,344.24666666666667,0.0,344.2551111111111
187194259,1.0,450.38461538461536,95.92307692307692,198.92307692307693,344.24833333333333,0.0,344.25755555555554
187194259,1.0,450.5384615384616,95.6923076923077,198.69230769230768,344.25,0.0,344.26
187194259,1.0,450.6923076923077,95.46153846153848,198.46153846153845,344.25166666666667,0.0,344.21
187194259,1.0,450.84615384615387,95.23076923076924,198.23076923076923,344.25333333333333,0.0,344.2117741935484
187194259,1.0,451.0,95.0,198.0,344.255,0.0,344.21354838709675
187194259,1.0,450.3333333333333,96.0,199.0,344.25666666666666,0.0,344.21532258064514
187194259,1.0,449.6666666666667,97.0,200.0,344.2583333333333,0.0,344.2170967741935
187194259,1.0,449.0,98.0,201.0,344.26,0.0,344.2188709677419
187194259,1.0,449.0,98.0,201.025,344.26166666666666,0.0,344.2206451612903
187194259,1.0,449.0,98.0,201.05,344.2633333333333,0.0,344.2224193548387
187194259,1.0,449.0,98.0,201.075,344.265,0.0,344.22419354838706
187194259,1.0,449.0,98.0,201.1,344.26666666666665,0.0,344.22596774193545
187194259,1.0,449.0,98.0,201.125,344.2683333333333,0.0,344.22774193548383
187194259,1.0,449.0,98.0,201.15,344.27,0.0,344.2295161290322
187194259,1.0,449.0,98.0,201.175,344.273,0.0,344.2312903225806
187194259,1.0,449.0,98.0,201.2,344.27599999999995,0.0,344.233064516129
187194259,1.0,449.0,98.0,201.225,344.279,0.0,344.2348387096774
187194259,1.0,449.0,98.0,201.25,344.282,0.0,344.23661290322576
187194259,1.0,449.0,98.0,201.275,344.285,0.0,344.2383870967742
187194259,1.0,449.0,98.0,201.3,344.288,0.0,344.2401612903226
187194259,1.0,449.0,98.0,201.325,344.291,0.0,344.241935483871
187194259,1.0,449.0,98.0,201.35,344.294,0.0,344.24370967741936
187194259,1.0,449.0,98.0,201.375,344.297,0.0,344.24548387096775
187194259,1.0,449.0,98.0,201.4,344.29999999999995,0.0,344.24725806451613
187199257,1.0,449.0,98.0,201.425,344.303,0.0,344.2490322580645
187214251,1.0,449.0,98.0,201.45,344.306,0.0,344.2508064516129
187214251,1.0,449.0,98.0,201.475,344.309,0.0,344.2525806451613
187224247,1.0,449.0,98.0,201.5,344.312,0.0,344.2543548387097
187254235,1.0,449.0,98.0,201.525,344.315,0.0,344.25612903225806
187254235,1.0,449.0,98.0,201.55,344.318,0.0,344.25790322580644
187294219,1.0,449.0,98.0,201.575,344.321,0.0,344.25967741935483
187294219,1.0,449.0,98.0,201.6,344.324,0.0,344.2614516129032
187294219,1.0,449.0,98.0,201.625,344.327,0.0,344.2632258064516
187294219,1.0,449.0,98.0,201.65,344.33,0.0,344.265
187294219,1.0,449.0,98.0,201.675,344.3309259259259,0.0,344.2667741935484
187294219,1.0,449.0,98.0,201.7,344.3318518518518,0.0,344.2685483870968
187294219,1.0,449.0,98.0,201.725,344.3327777777778,0.0,344.27032258064514
187294219,1.0,449.0,98.0,201.75,344.3337037037037,0.0,344.2720967741935
187294219,1.0,449.0,98.0,201.775,344.3346296296296,0.0,344.2738709677419
187294219,1.0,449.0,98.0,201.8,344.3355555555555,0.0,344.2756451612903
187294219,1.0,449.0,98.0,201.825,344.3364814814815,0.0,344.2774193548387
187294219,1.0,449.0,98.0,201.85,344.3374074074074,0.0,344.27919354838707
187294219,1.0,449.0,98.0,201.875,344.3383333333333,0.0,344.28096774193546
187294219,1.0,449.0,98.0,201.9,344.3392592592592,0.0,344.28274193548384
187294219,1.0,449.0,98.0,201.925,344.3401851851852,0.0,344.2845161290322
187294219,1.0,449.0,98.0,201.95,344.3411111111111,0.0,344.2862903225806
187294219,1.0,449.0,98.0,201.975,344.342037037037,0.0,344.288064516129
187294219,1.0,449.0,98.0,202.0,344.34296296296293,0.0,344.2898387096774
187294219,1.0,449.2,97.7,201.6,344.3438888888889,0.0,344.29161290322577
187294219,1.0,449.4,97.4,201.2,344.3448148148148,0.0,344.2933870967742
187294219,1.0,449.6,97.1,200.8,344.3457407407407,0.0,344.2951612903226
187294219,1.0,449.8,96.8,200.4,344.34666666666664,0.0,344.296935483871
187294219,1.0,450.0,96.5,200.0,344.3475925925926,0.0,344.29870967741937
187294219,1.0,450.2,96.2,199.6,344.3485185185185,0.0,344.3004838709677
187294219,1.0,450.4,95.9,199.2,344.34944444444443,0.0,344.30225806451614
187294219,1.0,450.6,95.6,198.8,344.35037037037034,0.0,344.3040322580645
187294219,1.0,450.8,95.3,198.4,344.3512962962963,0.0,344.3058064516129
187294219,1.0,451.0,95.0,198.0,344.3522222222222,0.0,344.3075806451613
187294219,1.0,450.6666666666667,95.5,198.66666666666663,344.35314814814814,0.0,344.3093548387097
187294219,1.0,450.3333333333333,96.0,199.3333333333333,344.35407407407405,0.0,344.31112903225807
187294219,1.0,450.0,96.5,200.0,344.355,0.0,344.31290322580645
187294219,1.0,449.6666666666667,97.0,200.66666666666663,344.355925925926,0.0,344.31467741935484
187294219,1.0,449.3333333333333,97.5,201.3333333333333,344.35685185185184,0.0,344.3164516129032
187294219,1.0,449.0,98.0,202.0,344.35777777777776,0.0,344.3182258064516
187294219,1.0,449.0,97.94444444444444,202.0,344.35870370370367,0.0,344.32
187294219,1.0,449.0,97.88888888888889,202.0,344.35962962962964,0.0,344.27
187334203,1.0,449.0,97.83333333333331,202.0,344.36055555555555,0.0,344.272
187334203,1.0,449.0,97.77777777777776,202.0,344.36148148148146,0.0,344.274
187374187,1.0,449.0,97.72222222222224,202.0,344.3624074074074,0.0,344.276
187374187,1.0,449.0,97.66666666666669,202.0,344.36333333333334,0.0,344.278
187394179,1.0,449.0,97.61111111111111,202.0,344.36425925925926,0.0,344.28
187394179,1.0,449.0,97.55555555555556,202.0,344.3651851851852,0.0,344.282
187394179,1.0,449.0,97.5,202.0,344.3661111111111,0.0,344.284
187394179,1.0,449.0,97.44444444444444,202.0,344.36703703703705,0.0,344.286
187394179,1.0,449.0,97.38888888888889,202.0,344.36796296296296,0.0,344.288
187394179,1.0,449.0,97.33333333333331,202.0,344.3688888888889,0.0,344.29
187394179,1.0,449.0,97.27777777777776,202.0,344.3698148148148,0.0,344.292
187394179,1.0,449.0,97.22222222222224,202.0,344.3707407407408,0.0,344.294
187394179,1.0,449.0,97.16666666666669,202.0,344.37166666666667,0.0,344.296
187394179,1.0,449.0,97.11111111111111,202.0,344.3725925925926,0.0,344.298
187394179,1.0,449.0,97.05555555555556,202.0,344.3735185185185,0.0,344.3
187394179,1.0,449.0,97.0,202.0,344.37444444444446,0.0,344.302
187394179,1.0,451.0,95.0,198.0,344.3753703703704,0.0,344.304
187394179,1.0,450.8666666666667,95.13333333333334,198.26666666666668,344.3762962962963,0.0,344.306
187394179,1.0,450.73333333333335,95.26666666666668,198.53333333333333,344.3772222222222,0.0,344.308
187394179,1.0,450.6,95.4,198.8,344.37814814814817,0.0,344.31
187394179,1.0,450.4666666666666,95.53333333333332,199.06666666666663,344.3790740740741,0.0,344.312
187394179,1.0,450.3333333333333,95.66666666666669,199.3333333333333,344.38,0.0,344.314
187394179,1.0,450.2,95.8,199.6,344.38136363636363,0.0,344.316
187394179,1.0,450.06666666666666,95.93333333333334,199.86666666666667,344.38272727272727,0.0,344.318
187394179,1.0,449.9333333333333,96.06666666666666,200.13333333333333,344.3840909090909,0.0,344.32
187394179,1.0,449.8,96.2,200.4,344.38545454545454,0.0,344.33666666666664
187394179,1.0,449.6666666666667,96.33333333333331,200.66666666666663,344.38681818181817,0.0,344.3533333333333
187394179,1.0,449.53333333333336,96.46666666666668,200.9333333333333,344.3881818181818,0.0,344.37
187394179,1.0,449.4,96.6,201.2,344.38954545454544,0.0,344.3708571428571
187394179,1.0,449.26666666666665,96.73333333333332,201.46666666666667,344.3909090909091,0.0,344.3717142857143
187394179,1.0,449.1333333333333,96.86666666666666,201.7333333333333,344.3922727272727,0.0,344.3725714285714
187394179,1.0,449.0,97.0,202.0,344.39363636363635,0.0,344.3734285714286
187394179,1.0,449.1428571428572,96.85714285714286,201.7142857142857,344.395,0.0,344.3742857142857
187394179,1.0,449.2857142857143,96.71428571428572,201.42857142857144,344.3963636363637,0.0,344.37514285714286
187394179,1.0,449.4285714285714,96.57142857142856,201.1428571428572,344.3977272727273,0.0,344.376
187394179,1.0,449.57142857142856,96.42857142857144,200.8571428571429,344.39909090909094,0.0,344.37685714285715
187394179,1.0,449.7142857142857,96.28571428571428,200.57142857142856,344.4004545454546,0.0,344.37771428571426
187394179,1.0,449.8571428571428,96.14285714285714,200.28571428571428,344.4018181818182,0.0,344.37857142857143
187394179,1.0,450.0,96.0,200.0,344.40318181818185,0.0,344.37942857142855
187414171,1.0,450.1428571428572,95.85714285714286,199.7142857142857,344.4045454545455,0.0,344.3802857142857
187414171,1.0,450.2857142857143,95.71428571428572,199.42857142857144,344.4059090909091,0.0,344.38114285714283
187454155,1.0,450.4285714285714,95.57142857142856,199.1428571428572,344.40727272727275,0.0,344.382
187454155,1.0,450.57142857142856,95.42857142857144,198.8571428571429,344.4086363636364,0.0,344.3828571428571
187494139,1.0,450.7142857142857,95.28571428571428,198.57142857142856,344.41,0.0,344.3837142857143
187494139,1.0,450.8571428571428,95.14285714285714,198.28571428571428,344.4101388888889,0.0,344.3845714285714
187494139,1.0,451.0,95.0,198.0,344.4102777777778,0.0,344.3854285714286
187494139,1.0,449.0,97.0,202.0,344.4104166666667,0.0,344.3862857142857
187494139,1.0,449.0,97.0,202.0,344.4105555555556,0.0,344.38714285714286
187494139,1.0,449.0,97.0,202.0,344.41069444444446,0.0,344.388
187494139,1.0,449.0,97.0,202.0,344.41083333333336,0.0,344.38885714285715
187494139,1.0,449.0,97.0,202.0,344.41097222222226,0.0,344.38971428571426
187494139,1.0,449.0,97.03125,202.03125,344.41111111111115,0.0,344.39057142857143
187494139,1.0,449.0,97.0625,202.0625,344.41125,0.0,344.39142857142855
187494139,1.0,449.0,97.09375,202.09375,344.4113888888889,0.0,344.3922857142857
187494139,1.0,449.0,97.125,202.125,344.4115277777778,0.0,344.39314285714283
187494139,1.0,449.0,97.15625,202.15625,344.4116666666667,0.0,344.394
187494139,1.0,449.0,97.1875,202.1875,344.4118055555556,0.0,344.3948571428571
187494139,1.0,449.0,97.21875,202.21875,344.4119444444445,0.0,344.3957142857143
187494139,1.0,449.0,97.25,202.25,344.4120833333334,0.0,344.3965714285714
187494139,1.0,449.0,97.28125,202.28125,344.4122222222222,0.0,344.3974285714286
187494139,1.0,449.0,97.3125,202.3125,344.4123611111111,0.0,344.3982857142857
187494139,1.0,449.0,97.34375,202.34375,344.4125,0.0,344.39914285714286
187494139,1.0,449.0,97.375,202.375,344.4126388888889,0.0,344.4
187494139,1.0,449.0,97.40625,202.40625,344.4127777777778,0.0,344.392
187494139,1.0,449.0,97.4375,202.4375,344.41291666666666,0.0,344.384
187494139,1.0,449.0,97.46875,202.46875,344.4130555555556,0.0,344.376
187494139,1.0,449.0,97.5,202.5,344.41319444444446,0.0,344.368
187494139,1.0,449.0,97.53125,202.53125,344.41333333333336,0.0,344.36
187494139,1.0,449.0,97.5625,202.5625,344.41347222222225,0.0,344.36
187494139,1.0,449.0,97.59375,202.59375,344.41361111111115,0.0,344.36
187494139,1.0,449.0,97.625,202.625,344.41375000000005,0.0,344.36
187494139,1.0,449.0,97.65625,202.65625,344.4138888888889,0.0,344.36
187494139,1.0,449.0,97.6875,202.6875,344.4140277777778,0.0,344.36
187494139,1.0,449.0,97.71875,202.71875,344.4141666666667,0.0,344.36
187494139,1.0,449.0,97.75,202.75,344.4143055555556,0.0,344.36
187494139,1.0,449.0,97.78125,202.78125,344.4144444444445,0.0,344.36
187494139,1.0,449.0,97.8125,202.8125,344.4145833333333,0.0,344.36
187494139,1.0,449.0,97.84375,202.84375,344.4147222222222,0.0,344.36
187534123,1.0,449.0,97.875,202.875,344.4148611111111,0.0,344.36
187534123,1.0,449.0,97.90625,202.90625,344.415,0.0,344.36
187574107,1.0,449.0,97.9375,202.9375,344.4151388888889,0.0,344.36
187574107,1.0,449.0,97.96875,202.96875,344.4152777777778,0.0,344.36
187594099,1.0,449.0,98.0,203.0,344.4154166666667,0.0,344.36
187594099,1.0,449.2,97.7,202.5,344.4155555555556,0.0,344.36
187594099,1.0,449.4,97.4,202.0,344.41569444444445,0.0,344.36
187594099,1.0,449.6,97.1,201.5,344.4158333333333,0.0,344.36
187594099,1.0,449.8,96.8,201.0,344.41597222222225,0.0,344.36
187594099,1.0,450.0,96.5,200.5,344.41611111111115,0.0,344.36
187594099,1.0,450.2,96.2,200.0,344.41625,0.0,344.36
187594099,1.0,450.4,95.9,199.5,344.4163888888889,0.0,344.36
187594099,1.0,450.6,95.6,199.0,344.4165277777778,0.0,344.36
187594099,1.0,450.8,95.3,198.5,344.4166666666667,0.0,344.36
187594099,1.0,451.0,95.0,198.0,344.4168055555556,0.0,344.36
187594099,1.0,450.8,95.3,198.5,344.4169444444445,0.0,344.36
187594099,1.0,450.6,95.6,199.0,344.4170833333334,0.0,344.36
187594099,1.0,450.4,95.9,199.5,344.4172222222222,0.0,344.36
187594099,1.0,450.2,96.2,200.0,344.4173611111111,0.0,344.36
187594099,1.0,450.0,96.5,200.5,344.4175,0.0,344.36
187594099,1.0,449.8,96.8,201.0,344.4176388888889,0.0,344.36
187594099,1.0,449.6,97.1,201.5,344.4177777777778,0.0,344.36
187594099,1.0,449.4,97.4,202.0,344.41791666666666,0.0,344.41
187594099,1.0,449.2,97.7,202.5,344.41805555555555,0.0,344.4094117647059
187594099,1.0,449.0,98.0,203.0,344.41819444444445,0.0,344.4088235294118
187594099,1.0,449.0,98.0,203.0,344.4183333333333,0.0,344.4082352941177
187594099,1.0,449.0,98.0,203.0,344.41847222222225,0.0,344.4076470588236
187594099,1.0,449.0,98.0,203.0,344.41861111111115,0.0,344.40705882352944
187594099,1.0,449.0,98.0,203.0,344.41875000000005,0.0,344.4064705882353
187594099,1.0,449.0,98.0,203.0,344.4188888888889,0.0,344.4058823529412
187594099,1.0,449.0,98.0,203.0,344.4190277777778,0.0,344.4052941176471
187594099,1.0,449.0,98.0,203.0,344.4191666666667,0.0,344.40470588235297
187594099,1.0,449.0,98.0,203.0,344.4193055555556,0.0,344.40411764705885
187594099,1.0,449.0,98.0,203.0,344.4194444444445,0.0,344.40352941176474
187594099,1.0,449.0,98.0,203.0,344.4195833333333,0.0,344.4029411764706
187594099,1.0,449.0,98.0,203.0,344.4197222222222,0.0,344.4023529411765
187594099,1.0,449.0,98.0,203.0,344.4198611111111,0.0,344.4017647058824
187594099,1.0,449.0,98.0,203.0,344.42,0.0,344.40117647058827
187594099,1.0,449.0,98.0,203.0,344.4194444444445,0.0,344.4005882352941
187614091,1.0,449.0,98.0,203.0,344.4188888888889,0.0,344.4
187614091,1.0,449.0,98.0,203.0,344.4183333333333,0.0,344.39941176470586
187654075,1.0,449.0,98.0,203.0,344.4177777777778,0.0,344.39882352941174
187654075,1.0,449.0,98.0,203.0,344.4172222222222,0.0,344.3982352941176
187694059,1.0,449.0,98.0,203.0,344.4166666666667,0.0,344.3976470588235
187694059,1.0,449.0,98.0,203.0,344.4161111111111,0.0,344.3970588235294
187694059,1.0,449.0,98.0,203.0,344.4155555555556,0.0,344.3964705882353
187694059,1.0,449.0,98.0,203.0,344.415,0.0,344.3958823529412
187694059,1.0,449.0,98.0,203.0,344.4144444444444,0.0,344.39529411764704
187694059,1.0,449.2,97.7,202.5,344.4138888888889,0.0,344.3947058823529
187694059,1.0,449.4,97.4,202.0,344.41333333333336,0.0,344.3941176470588
187694059,1.0,449.6,97.1,201.5,344.41277777777776,0.0,344.3935294117647
187694059,1.0,449.8,96.8,201.0,344.4122222222222,0.0,344.3929411764706
187694059,1.0,450.0,96.5,200.5,344.4116666666667,0.0,344.39235294117645
187694059,1.0,450.2,96.2,200.0,344.4111111111111,0.0,344.39176470588234
187694059,1.0,450.4,95.9,199.5,344.4105555555556,0.0,344.3911764705882
187694059,1.0,450.6,95.6,199.0,344.41,0.0,344.3905882352941
187694059,1.0,450.8,95.3,198.5,344.40944444444443,0.0,344.39
187694059,1.0,451.0,95.0,198.0,344.4088888888889,0.0,344.387619047619
187694059,1.0,451.0,95.0,198.0,344.4083333333333,0.0,344.3852380952381
187694059,1.0,451.0,95.0,198.0,344.40777777777777,0.0,344.3828571428571
187694059,1.0,451.0,95.0,198.0,344.40722222222223,0.0,344.3804761904762
187694059,1.0,451.0,95.0,198.0,344.40666666666664,0.0,344.3780952380952
187694059,1.0,451.0,95.0,198.0,344.4061111111111,0.0,344.37571428571425
187694059,1.0,451.0,95.0,198.0,344.4055555555556,0.0,344.37333333333333
187694059,1.0,451.0,95.0,198.0,344.405,0.0,344.3709523809524
187694059,1.0,451.0,95.0,198.0,344.40444444444444,0.0,344.3685714285714
187694059,1.0,451.0,95.0,198.0,344.4038888888889,0.0,344.36619047619047
187694059,1.0,451.0,95.0,198.0,344.4033333333333,0.0,344.3638095238095
187694059,1.0,451.0,95.0,198.0,344.40277777777777,0.0,344.3614285714286
187694059,1.0,451.0,95.0,198.0,344.4022222222222,0.0,344.3590476190476
187694059,1.0,451.0,95.0,198.0,344.40166666666664,0.0,344.3566666666666
187694059,1.0,451.0,95.0,198.0,344.4011111111111,0.0,344.3542857142857
187694059,1.0,451.0,95.0,198.0,344.4005555555555,0.0,344.35190476190473
187694059,1.0,451.0,95.0,198.0,344.4,0.0,344.34952380952376
187694059,1.0,451.0,95.0,198.0,344.39827586206894,0.0,344.34714285714284
187694059,1.0,451.0,95.0,198.0,344.3965517241379,0.0,344.34476190476187
187694059,1.0,451.0,95.0,198.0,344.3948275862069,0.0,344.3423809523809
187694059,1.0,451.0,95.0,198.0,344.39310344827584,0.0,344.34
187711552,1.0,451.0,95.0,198.0,344.3913793103448,0.0,344.34
