Time,Status,GPS_NSats,GPS_HDop,GPS_Lat,GPS_Lng,GPS_Alt,GPS_Spd,GPS_VZ,POS_Lat,POS_Lng
1353257647,0.0,10.0,1.21,33.6220080804878,72.95507552439024,610.6763414634147,8.896879048780487,1.4264390243902438,33.622016680701755,72.95507296315789
1353257647,0.0,10.0,1.21,33.62200826829268,72.95507546463415,610.6728048780489,8.896927829268293,1.4264634146341462,33.62201681578947,72.95507292105263
1353257647,0.0,10.0,1.21,33.62200845609756,72.95507540487804,610.669268292683,8.896976609756097,1.4264878048780487,33.62201695087719,72.95507287894736
1353257647,0.0,10.0,1.21,33.62200864390244,72.95507534512195,610.665731707317,8.897025390243902,1.4265121951219513,33.62201708596491,72.9550728368421
1353257647,0.0,10.0,1.21,33.62200883170732,72.95507528536585,610.6621951219512,8.897074170731708,1.4265365853658536,33.62201722105263,72.95507279473684
1353257647,0.0,10.0,1.21,33.62200901951219,72.95507522560976,610.6586585365853,8.897122951219512,1.426560975609756,33.62201735614035,72.95507275263158
1353257647,0.0,10.0,1.21,33.62200920731707,72.95507516585366,610.6551219512195,8.897171731707317,1.4265853658536585,33.62201749122807,72.95507271052631
1353257647,0.0,10.0,1.21,33.62200939512195,72.95507510609757,610.6515853658536,8.897220512195123,1.426609756097561,33.62201762631579,72.95507266842105
1353257647,0.0,10.0,1.21,33.62200958292683,72.95507504634146,610.6480487804878,8.897269292682926,1.4266341463414631,33.622017761403505,72.95507262631578
1353257647,0.0,10.0,1.21,33.62200977073171,72.95507498658537,610.6445121951219,8.897318073170732,1.4266585365853657,33.62201789649123,72.95507258421053
1353257647,0.0,10.0,1.21,33.62200995853659,72.95507492682927,610.6409756097561,8.897366853658536,1.4266829268292682,33.622018031578946,72.95507254210526
1353257647,0.0,10.0,1.21,33.62201014634146,72.95507486707317,610.6374390243902,8.897415634146341,1.4267073170731708,33.62201816666666,72.9550725
1353257647,0.0,10.0,1.21,33.62201033414634,72.95507480731708,610.6339024390244,8.897464414634147,1.426731707317073,33.62201830175439,72.95507245789473
1353257647,0.0,10.0,1.21,33.62201052195122,72.95507474756097,610.6303658536585,8.89751319512195,1.4267560975609754,33.622018436842104,72.95507241578947
1353257647,0.0,10.0,1.21,33.6220107097561,72.95507468780488,610.6268292682927,8.897561975609756,1.426780487804878,33.62201857192982,72.9550723736842
1353257647,0.0,10.0,1.21,33.622010897560976,72.95507462804878,610.6232926829268,8.897610756097562,1.4268048780487803,33.622018707017546,72.95507233157895
1353257647,0.0,10.0,1.21,33.622011085365855,72.95507456829269,610.619756097561,8.897659536585365,1.4268292682926829,33.62201884210526,72.95507228947368
1353257647,0.0,10.0,1.21,33.62201127317073,72.95507450853658,610.6162195121951,8.897708317073171,1.4268536585365852,33.62201897719298,72.95507224736842
1353257647,0.0,10.0,1.21,33.62201146097561,72.9550744487805,610.6126829268293,8.897757097560975,1.4268780487804875,33.622019112280704,72.95507220526315
1353257647,0.0,10.0,1.21,33.622011648780486,72.95507438902439,610.6091463414634,8.89780587804878,1.4269024390243903,33.62201924736842,72.9550721631579
1353257647,0.0,10.0,1.21,33.622011836585365,72.9550743292683,610.6056097560976,8.897854658536586,1.4269268292682926,33.62201938245614,72.95507212105262
1353277639,0.0,10.0,1.21,33.622012024390244,72.9550742695122,610.6020731707317,8.89790343902439,1.426951219512195,33.62201951754386,72.95507207894737
1353277639,0.0,10.0,1.21,33.62201221219512,72.9550742097561,610.5985365853659,8.897952219512195,1.4269756097560975,33.62201965263158,72.9550720368421
1353315124,0.0,10.0,1.21,33.6220124,72.95507415,610.595,8.898001,1.427,33.622019787719296,72.95507199473684
1353317623,0.0,10.0,1.21,33.622012587804875,72.9550740902439,610.5914634146342,8.898049780487804,1.4270243902439024,33.62201992280702,72.95507195263157
1353317623,0.0,10.0,1.21,33.622012775609754,72.95507403048781,610.5879268292683,8.89809856097561,1.4270487804878047,33.62202005789474,72.95507191052631
1353357607,0.0,10.0,1.21,33.62201296341463,72.9550739707317,610.5843902439025,8.898147341463414,1.4270731707317073,33.622020192982454,72.95507186842104
1353357607,0.0,10.0,1.21,33.62201315121951,72.95507391097561,610.5808536585366,8.89819612195122,1.4270975609756098,33.62202032807018,72.95507182631579
1353357607,0.0,10.0,1.21,33.62201333902439,72.95507385121951,610.5773170731708,8.898244902439025,1.427121951219512,33.622020463157895,72.95507178421052
1353357607,0.0,10.0,1.21,33.62201352682927,72.95507379146342,610.5737804878049,8.898293682926829,1.4271463414634145,33.62202059824561,72.95507174210526
1353357607,0.0,10.0,1.21,33.62201371463414,72.95507373170732,610.5702439024391,8.898342463414634,1.427170731707317,33.622020733333336,72.95507169999999
1353357607,0.0,10.0,1.21,33.62201390243902,72.95507367195123,610.5667073170732,8.898391243902438,1.4271951219512196,33.62202086842105,72.95507165789473
1353357607,0.0,10.0,1.21,33.6220140902439,72.95507361219512,610.5631707317074,8.898440024390244,1.427219512195122,33.62202100350877,72.95507161578946
1353357607,0.0,10.0,1.21,33.62201427804878,72.95507355243903,610.5596341463415,8.898488804878049,1.4272439024390242,33.622021138596494,72.95507157368421
1353357607,0.0,10.0,1.21,33.62201446585366,72.95507349268293,610.5560975609757,8.898537585365853,1.4272682926829268,33.62202127368421,72.95507153157894
1353357607,0.0,10.0,1.21,33.62201465365854,72.95507343292684,610.5525609756098,8.898586365853658,1.427292682926829,33.62202140877193,72.95507148947368
1353357607,0.0,10.0,1.21,33.62201484146341,72.95507337317073,610.549024390244,8.898635146341464,1.4273170731707316,33.62202154385965,72.95507144736841
1353357607,0.0,10.0,1.21,33.62201502926829,72.95507331341463,610.5454878048781,8.898683926829268,1.427341463414634,33.62202167894737,72.95507140526315
1353357607,0.0,10.0,1.21,33.62201521707317,72.95507325365854,610.5419512195123,8.898732707317073,1.4273658536585363,33.62202181403509,72.95507136315788
1353357607,0.0,10.0,1.21,33.62201540487805,72.95507319390244,610.5384146341464,8.898781487804877,1.427390243902439,33.62202194912281,72.95507132105263
1353357607,0.0,10.0,1.21,33.62201559268293,72.95507313414635,610.5348780487806,8.898830268292683,1.4274146341463414,33.62202208421053,72.95507127894736
1353357607,0.0,10.0,1.21,33.62201578048781,72.95507307439024,610.5313414634147,8.898879048780488,1.4274390243902435,33.622022219298245,72.9550712368421
1353357607,0.0,10.0,1.21,33.62201596829268,72.95507301463415,610.5278048780489,8.898927829268292,1.4274634146341465,33.62202235438597,72.95507119473683
1353357607,0.0,10.0,1.21,33.62201615609756,72.95507295487805,610.524268292683,8.898976609756097,1.4274878048780488,33.622022489473686,72.95507115263158
1353357607,0.0,10.0,1.21,33.62201634390244,72.95507289512196,610.520731707317,8.899025390243903,1.4275121951219512,33.6220226245614,72.9550711105263
1353357607,0.0,10.0,1.21,33.62201653170732,72.95507283536585,610.5171951219512,8.899074170731707,1.4275365853658537,33.62202275964913,72.95507106842105
1353357607,0.0,10.0,1.21,33.6220167195122,72.95507277560976,610.5136585365854,8.899122951219512,1.427560975609756,33.622022894736844,72.95507102631578
1353357607,0.0,10.0,1.21,33.622016907317075,72.95507271585366,610.5101219512195,8.899171731707316,1.4275853658536586,33.62202302982456,72.95507098421052
1353357607,0.0,10.0,1.21,33.622017095121954,72.95507265609757,610.5065853658537,8.899220512195122,1.427609756097561,33.622023164912285,72.95507094210525
1353357607,0.0,10.0,1.21,33.62201728292683,72.95507259634147,610.5030487804878,8.899269292682927,1.4276341463414632,33.6220233,72.9550709
1353357607,0.0,10.0,1.21,33.622017470731706,72.95507253658538,610.499512195122,8.89931807317073,1.4276585365853658,33.62202355666667,72.95507081666666
1353357607,0.0,10.0,1.21,33.622017658536585,72.95507247682927,610.4959756097561,8.899366853658536,1.4276829268292683,33.622023813333335,72.95507073333333
1353357607,0.0,10.0,1.21,33.622017846341464,72.95507241707317,610.4924390243903,8.899415634146342,1.427707317073171,33.62202407,72.95507065
1353357607,0.0,10.0,1.21,33.62201803414634,72.95507235731708,610.4889024390244,8.899464414634146,1.427731707317073,33.62202432666667,72.95507056666666
1353357607,0.0,10.0,1.21,33.62201822195122,72.95507229756097,610.4853658536585,8.899513195121951,1.4277560975609755,33.622024583333335,72.95507048333333
1353357607,0.0,10.0,1.21,33.622018409756095,72.95507223780488,610.4818292682927,8.899561975609755,1.427780487804878,33.62202484,72.9550704
1353357607,0.0,10.0,1.21,33.622018597560974,72.95507217804878,610.4782926829268,8.89961075609756,1.4278048780487804,33.62202509666667,72.95507031666666
1353357607,0.0,10.0,1.21,33.62201878536585,72.95507211829269,610.474756097561,8.899659536585366,1.4278292682926828,33.622025353333335,72.95507023333333
1353357607,0.0,10.0,1.21,33.62201897317073,72.95507205853659,610.4712195121951,8.89970831707317,1.4278536585365853,33.62202561,72.95507015
1353357607,0.0,10.0,1.21,33.62201916097561,72.9550719987805,610.4676829268293,8.899757097560975,1.427878048780488,33.62202586666667,72.95507006666666
1353357607,0.0,10.0,1.21,33.62201934878049,72.95507193902439,610.4641463414634,8.899805878048781,1.4279024390243902,33.622026123333335,72.95506998333333
1353357607,0.0,10.0,1.21,33.62201953658536,72.9550718792683,610.4606097560976,8.899854658536585,1.4279268292682925,33.62202638,72.9550699
1353397591,0.0,10.0,1.21,33.62201972439024,72.9550718195122,610.4570731707317,8.89990343902439,1.427951219512195,33.62202663666667,72.95506981666666
1353397591,0.0,10.0,1.21,33.62201991219512,72.95507175975611,610.4535365853659,8.899952219512194,1.4279756097560976,33.622026893333334,72.95506973333333
1353397591,0.0,10.0,1.21,33.6220201,72.9550717,610.45,8.900001,1.428,33.62202715,72.95506965
1353397591,0.0,10.0,1.21,33.622020296202535,72.95507163797468,610.4464556962025,8.900038974683543,1.428012658227848,33.62202740666667,72.95506956666667
1353437575,0.0,10.0,1.21,33.62202049240506,72.95507157594938,610.4429113924051,8.900076949367088,1.4280253164556962,33.622027663333334,72.95506948333333
1353437575,0.0,10.0,1.21,33.6220206886076,72.95507151392405,610.4393670886076,8.900114924050632,1.4280379746835443,33.62202792,72.9550694
1353457567,0.0,10.0,1.21,33.62202088481013,72.95507145189873,610.4358227848102,8.900152898734177,1.4280506329113924,33.62202817666667,72.95506931666667
1353457567,0.0,10.0,1.21,33.62202108101266,72.95507138987342,610.4322784810126,8.90019087341772,1.4280632911392404,33.622028433333334,72.95506923333333
1353457567,0.0,10.0,1.21,33.62202127721519,72.9550713278481,610.4287341772152,8.900228848101266,1.4280759493670885,33.62202869,72.95506915
1353457567,0.0,10.0,1.21,33.622021473417725,72.9550712658228,610.4251898734177,8.90026682278481,1.4280886075949366,33.62202894666667,72.95506906666667
1353457567,0.0,10.0,1.21,33.62202166962025,72.95507120379747,610.4216455696203,8.900304797468355,1.4281012658227847,33.622029203333334,72.95506898333333
1353457567,0.0,10.0,1.21,33.62202186582279,72.95507114177215,610.4181012658228,8.900342772151898,1.4281139240506329,33.62202946,72.9550689
1353457567,0.0,10.0,1.21,33.62202206202532,72.95507107974684,610.4145569620254,8.900380746835443,1.428126582278481,33.62202971666667,72.95506881666667
1353457567,0.0,10.0,1.21,33.62202225822785,72.95507101772152,610.4110126582278,8.900418721518987,1.4281392405063291,33.62202997333333,72.95506873333333
1353457567,0.0,10.0,1.21,33.62202245443038,72.9550709556962,610.4074683544304,8.90045669620253,1.4281518987341772,33.62203023,72.95506865
1353457567,0.0,10.0,1.21,33.622022650632914,72.9550708936709,610.4039240506329,8.900494670886076,1.4281645569620254,33.62203048666667,72.95506856666667
1353457567,0.0,10.0,1.21,33.62202284683544,72.95507083164557,610.4003797468355,8.90053264556962,1.4281772151898733,33.62203074333333,72.95506848333333
1353457567,0.0,10.0,1.21,33.62202304303798,72.95507076962026,610.396835443038,8.900570620253164,1.4281898734177214,33.622031,72.9550684
1353457567,0.0,10.0,1.21,33.622023239240505,72.95507070759494,610.3932911392405,8.900608594936708,1.4282025316455695,33.62203113,72.95506836
1353457567,0.0,10.0,1.21,33.62202343544304,72.95507064556962,610.389746835443,8.900646569620253,1.4282151898734177,33.62203126,72.95506832
1353457567,0.0,10.0,1.21,33.62202363164557,72.95507058354431,610.3862025316456,8.900684544303797,1.4282278481012658,33.62203139,72.95506828
1353457567,0.0,10.0,1.21,33.6220238278481,72.95507052151899,610.3826582278481,8.900722518987342,1.428240506329114,33.62203152,72.95506824
1353457567,0.0,10.0,1.21,33.62202402405063,72.95507045949367,610.3791139240507,8.900760493670886,1.428253164556962,33.62203165,72.9550682
1353457567,0.0,10.0,1.21,33.62202422025317,72.95507039746836,610.3755696202531,8.90079846835443,1.4282658227848102,33.62203178,72.95506816
1353457567,0.0,10.0,1.21,33.622024416455695,72.95507033544304,610.3720253164557,8.900836443037974,1.428278481012658,33.62203191,72.95506812
1353457567,0.0,10.0,1.21,33.62202461265823,72.95507027341772,610.3684810126582,8.900874417721518,1.4282911392405062,33.62203204,72.95506808
1353457567,0.0,10.0,1.21,33.62202480886076,72.95507021139241,610.3649367088608,8.900912392405063,1.4283037974683543,33.62203217,72.95506804
1353457567,0.0,10.0,1.21,33.62202500506329,72.95507014936709,610.3613924050633,8.900950367088607,1.4283164556962025,33.6220323,72.955068
1353457567,0.0,10.0,1.21,33.62202520126582,72.95507008734178,610.3578481012659,8.900988341772152,1.4283291139240506,33.62203243,72.95506796000001
1353457567,0.0,10.0,1.21,33.62202539746836,72.95507002531646,610.3543037974683,8.901026316455695,1.4283417721518987,33.62203256,72.95506792
1353457567,0.0,10.0,1.21,33.622025593670884,72.95506996329114,610.3507594936709,8.90106429113924,1.4283544303797469,33.62203269,72.95506788
1353457567,0.0,10.0,1.21,33.62202578987342,72.95506990126583,610.3472151898734,8.901102265822784,1.428367088607595,33.62203282,72.95506784
1353457567,0.0,10.0,1.21,33.62202598607595,72.95506983924051,610.343670886076,8.90114024050633,1.428379746835443,33.62203295,72.9550678
1353457567,0.0,10.0,1.21,33.62202618227848,72.95506977721519,610.3401265822785,8.901178215189873,1.428392405063291,33.62203308,72.95506776
1353457567,0.0,10.0,1.21,33.62202637848101,72.95506971518988,610.336582278481,8.901216189873418,1.4284050632911391,33.62203321,72.95506772
1353457567,0.0,10.0,1.21,33.622026574683545,72.95506965316456,610.3330379746835,8.901254164556962,1.4284177215189873,33.62203334,72.95506768
1353457567,0.0,10.0,1.21,33.62202677088607,72.95506959113924,610.3294936708861,8.901292139240505,1.4284303797468354,33.62203347,72.95506764
1353457567,0.0,10.0,1.21,33.62202696708861,72.95506952911393,610.3259493670886,8.90133011392405,1.4284430379746835,33.6220336,72.9550676
1353457567,0.0,10.0,1.21,33.622027163291136,72.9550694670886,610.3224050632912,8.901368088607594,1.4284556962025317,33.62203373,72.95506756
1353477559,0.0,10.0,1.21,33.62202735949367,72.9550694050633,610.3188607594936,8.90140606329114,1.4284683544303798,33.62203386,72.95506752
1353477559,0.0,10.0,1.21,33.6220275556962,72.95506934303798,610.3153164556962,8.901444037974683,1.428481012658228,33.62203399,72.95506748
1353517543,0.0,10.0,1.21,33.622027751898734,72.95506928101265,610.3117721518987,8.901482012658228,1.428493670886076,33.62203412,72.95506744000001
1353517543,0.0,10.0,1.21,33.62202794810126,72.95506921898735,610.3082278481013,8.901519987341771,1.428506329113924,33.62203425,72.9550674
1353557527,0.0,10.0,1.21,33.6220281443038,72.95506915696203,610.3046835443038,8.901557962025317,1.428518987341772,33.62203438,72.95506736
1353557527,0.0,10.0,1.21,33.622028340506326,72.9550690949367,610.3011392405064,8.90159593670886,1.4285316455696202,33.62203451,72.95506732
1353557527,0.0,10.0,1.21,33.62202853670886,72.9550690329114,610.2975949367088,8.901633911392405,1.4285443037974683,33.62203464,72.95506728000001
1353557527,0.0,10.0,1.21,33.62202873291139,72.95506897088607,610.2940506329114,8.901671886075949,1.4285569620253165,33.62203477,72.95506724
1353557527,0.0,10.0,1.21,33.622028929113924,72.95506890886077,610.2905063291139,8.901709860759494,1.4285696202531646,33.6220349,72.9550672
1353557527,0.0,10.0,1.21,33.62202912531645,72.95506884683545,610.2869620253165,8.901747835443038,1.4285822784810127,33.62203503,72.95506716
1353557527,0.0,10.0,1.21,33.62202932151899,72.95506878481012,610.283417721519,8.901785810126581,1.4285949367088608,33.62203516,72.95506712
1353557527,0.0,10.0,1.21,33.622029517721515,72.95506872278482,610.2798734177215,8.901823784810126,1.428607594936709,33.62203529,72.95506708
1353557527,0.0,10.0,1.21,33.62202971392405,72.9550686607595,610.276329113924,8.90186175949367,1.4286202531645569,33.62203542,72.95506704
1353557527,0.0,10.0,1.21,33.62202991012658,72.95506859873417,610.2727848101266,8.901899734177215,1.428632911392405,33.62203555,72.955067
1353557527,0.0,10.0,1.21,33.62203010632911,72.95506853670886,610.2692405063291,8.901937708860759,1.4286455696202531,33.62203568,72.95506696
1353557527,0.0,10.0,1.21,33.62203030253164,72.95506847468354,610.2656962025317,8.901975683544304,1.4286582278481013,33.62203581,72.95506692000001
1353557527,0.0,10.0,1.21,33.622030498734176,72.95506841265822,610.2621518987341,8.902013658227848,1.4286708860759494,33.62203594,72.95506688
1353557527,0.0,10.0,1.21,33.622030694936704,72.95506835063291,610.2586075949367,8.902051632911393,1.4286835443037975,33.62203607,72.95506684
1353557527,0.0,10.0,1.21,33.62203089113924,72.95506828860759,610.2550632911392,8.902089607594936,1.4286962025316456,33.6220362,72.9550668
1353557527,0.0,10.0,1.21,33.62203108734177,72.95506822658228,610.2515189873418,8.902127582278482,1.4287088607594938,33.62203633,72.95506676000001
1353557527,0.0,10.0,1.21,33.6220312835443,72.95506816455696,610.2479746835443,8.902165556962025,1.428721518987342,33.62203646,72.95506672
1353557527,0.0,10.0,1.21,33.62203147974683,72.95506810253164,610.2444303797469,8.902203531645569,1.4287341772151898,33.62203659,72.95506668
1353557527,0.0,10.0,1.21,33.622031675949366,72.95506804050633,610.2408860759493,8.902241506329114,1.428746835443038,33.62203672,72.95506664
1353557527,0.0,10.0,1.21,33.622031872151894,72.95506797848101,610.2373417721519,8.902279481012657,1.428759493670886,33.62203685,72.95506660000001
1353557527,0.0,10.0,1.21,33.62203206835443,72.95506791645569,610.2337974683544,8.902317455696203,1.4287721518987342,33.62203698,72.95506656
1353557527,0.0,10.0,1.21,33.62203226455696,72.95506785443038,610.230253164557,8.902355430379746,1.4287848101265823,33.62203711,72.95506652
1353557527,0.0,10.0,1.21,33.62203246075949,72.95506779240506,610.2267088607595,8.902393405063291,1.4287974683544304,33.62203724,72.95506648
1353557527,0.0,10.0,1.21,33.62203265696202,72.95506773037974,610.223164556962,8.902431379746835,1.4288101265822786,33.62203737,72.95506644
1353557527,0.0,10.0,1.21,33.622032853164555,72.95506766835443,610.2196202531645,8.90246935443038,1.4288227848101267,33.6220375,72.9550664
1353557527,0.0,10.0,1.21,33.62203304936708,72.95506760632911,610.2160759493671,8.902507329113924,1.4288354430379746,33.62203763,72.95506636
1353557527,0.0,10.0,1.21,33.62203324556962,72.9550675443038,610.2125316455696,8.902545303797469,1.4288481012658227,33.62203776,72.95506632
1353557527,0.0,10.0,1.21,33.622033441772146,72.95506748227848,610.2089873417722,8.902583278481012,1.4288607594936709,33.62203789,72.95506628
1353557527,0.0,10.0,1.21,33.62203363797468,72.95506742025316,610.2054430379746,8.902621253164556,1.428873417721519,33.62203802,72.95506624000001
1353557527,0.0,10.0,1.21,33.62203383417721,72.95506735822785,610.2018987341772,8.902659227848101,1.4288860759493671,33.62203815,72.9550662
1353557527,0.0,10.0,1.21,33.622034030379744,72.95506729620253,610.1983544303797,8.902697202531645,1.4288987341772152,33.62203828,72.95506616
1353557527,0.0,10.0,1.21,33.62203422658227,72.9550672341772,610.1948101265823,8.90273517721519,1.4289113924050634,33.62203841,72.95506612
1353557527,0.0,10.0,1.21,33.62203442278481,72.9550671721519,610.1912658227848,8.902773151898733,1.4289240506329115,33.62203854,72.95506608000001
1353557527,0.0,10.0,1.21,33.622034618987335,72.95506711012658,610.1877215189874,8.902811126582279,1.4289367088607596,33.62203867,72.95506604
1353557527,0.0,10.0,1.21,33.62203481518987,72.95506704810127,610.1841772151898,8.902849101265822,1.4289493670886075,33.6220388,72.955066
1353567523,0.0,10.0,1.21,33.6220350113924,72.95506698607595,610.1806329113924,8.902887075949367,1.4289620253164557,33.62203906551724,72.9550659137931
1353597511,0.0,10.0,1.21,33.622035207594934,72.95506692405063,610.1770886075949,8.902925050632911,1.4289746835443038,33.62203933103448,72.95506582758621
1353597511,0.0,10.0,1.21,33.62203540379746,72.95506686202532,610.1735443037975,8.902963025316456,1.428987341772152,33.62203959655172,72.95506574137931
1353597511,0.0,10.0,1.21,33.6220356,72.9550668,610.17,8.903001,1.429,33.622039862068966,72.95506565517242
1353597511,0.0,10.0,1.21,33.62203579743589,72.95506673846154,610.166282051282,8.902975346153847,1.429,33.6220401275862,72.95506556896552
1353637495,0.0,10.0,1.21,33.622035994871794,72.95506667692307,610.162564102564,8.902949692307692,1.429,33.62204039310345,72.95506548275863
1353637495,0.0,10.0,1.21,33.62203619230769,72.95506661538461,610.1588461538461,8.902924038461538,1.429,33.62204065862069,72.95506539655173
1353657487,0.0,10.0,1.21,33.622036389743585,72.95506655384615,610.1551282051282,8.902898384615384,1.429,33.622040924137934,72.95506531034482
1353657487,0.0,10.0,1.21,33.62203658717949,72.9550664923077,610.1514102564103,8.90287273076923,1.429,33.62204118965517,72.95506522413793
1353657487,0.0,10.0,1.21,33.62203678461538,72.95506643076922,610.1476923076923,8.902847076923077,1.429,33.622041455172415,72.95506513793103
1353657487,0.0,10.0,1.21,33.62203698205128,72.95506636923076,610.1439743589743,8.902821423076922,1.429,33.62204172068966,72.95506505172413
1353657487,0.0,10.0,1.21,33.62203717948718,72.9550663076923,610.1402564102564,8.902795769230769,1.429,33.622041986206895,72.95506496551724
1353657487,0.0,10.0,1.21,33.622037376923075,72.95506624615385,610.1365384615384,8.902770115384616,1.429,33.62204225172414,72.95506487931034
1353657487,0.0,10.0,1.21,33.62203757435897,72.95506618461538,610.1328205128204,8.902744461538461,1.429,33.62204251724138,72.95506479310345
1353657487,0.0,10.0,1.21,33.62203777179487,72.95506612307692,610.1291025641025,8.902718807692308,1.429,33.62204278275862,72.95506470689655
1353657487,0.0,10.0,1.21,33.62203796923077,72.95506606153846,610.1253846153846,8.902693153846153,1.429,33.62204304827586,72.95506462068965
1353657487,0.0,10.0,1.21,33.62203816666666,72.955066,610.1216666666667,8.9026675,1.429,33.62204331379311,72.95506453448276
1353657487,0.0,10.0,1.21,33.62203836410256,72.95506593846153,610.1179487179487,8.902641846153847,1.429,33.62204357931034,72.95506444827586
1353657487,0.0,10.0,1.21,33.62203856153846,72.95506587692307,610.1142307692307,8.902616192307692,1.429,33.62204384482759,72.95506436206897
1353657487,0.0,10.0,1.21,33.622038758974355,72.95506581538461,610.1105128205128,8.902590538461538,1.429,33.62204411034483,72.95506427586207
1353657487,0.0,10.0,1.21,33.62203895641025,72.95506575384616,610.1067948717948,8.902564884615384,1.429,33.62204437586207,72.95506418965518
1353657487,0.0,10.0,1.21,33.62203915384615,72.95506569230768,610.1030769230769,8.90253923076923,1.429,33.62204464137931,72.95506410344827
1353657487,0.0,10.0,1.21,33.62203935128205,72.95506563076923,610.0993589743589,8.902513576923077,1.429,33.622044906896555,72.95506401724137
1353657487,0.0,10.0,1.21,33.62203954871794,72.95506556923077,610.095641025641,8.902487923076922,1.429,33.6220451724138,72.95506393103447
1353657487,0.0,10.0,1.21,33.622039746153845,72.95506550769231,610.0919230769231,8.902462269230769,1.429,33.622045437931035,72.95506384482758
1353657487,0.0,10.0,1.21,33.62203994358974,72.95506544615384,610.0882051282051,8.902436615384616,1.429,33.62204570344828,72.95506375862068
1353657487,0.0,10.0,1.21,33.62204014102564,72.95506538461538,610.0844871794872,8.902410961538461,1.429,33.62204596896552,72.95506367241379
1353657487,0.0,10.0,1.21,33.62204033846154,72.95506532307692,610.0807692307692,8.902385307692308,1.429,33.62204623448276,72.95506358620689
1353657487,0.0,10.0,1.21,33.62204053589743,72.95506526153846,610.0770512820512,8.902359653846153,1.429,33.6220465,72.9550635
1353657487,0.0,10.0,1.21,33.62204073333333,72.95506519999999,610.0733333333333,8.902334,1.429,33.62204675666667,72.95506341999999
1353657487,0.0,10.0,1.21,33.62204093076923,72.95506513846153,610.0696153846153,8.902308346153847,1.429,33.62204701333334,72.95506334
1353657487,0.0,10.0,1.21,33.622041128205126,72.95506507692308,610.0658974358975,8.902282692307692,1.429,33.62204727,72.95506325999999
1353657487,0.0,10.0,1.21,33.62204132564102,72.95506501538462,610.0621794871795,8.902257038461538,1.429,33.62204752666667,72.95506318
1353657487,0.0,10.0,1.21,33.62204152307692,72.95506495384615,610.0584615384615,8.902231384615384,1.429,33.622047783333336,72.95506309999999
1353657487,0.0,10.0,1.21,33.62204172051282,72.95506489230769,610.0547435897436,8.90220573076923,1.429,33.62204804,72.95506302
1353657487,0.0,10.0,1.21,33.622041917948714,72.95506483076923,610.0510256410256,8.902180076923077,1.429,33.62204829666667,72.95506293999999
1353657487,0.0,10.0,1.21,33.622042115384616,72.95506476923077,610.0473076923076,8.902154423076922,1.429,33.622048553333336,72.95506286
1353657487,0.0,10.0,1.21,33.62204231282051,72.9550647076923,610.0435897435897,8.90212876923077,1.429,33.62204881,72.95506277999999
1353657487,0.0,10.0,1.21,33.622042510256406,72.95506464615384,610.0398717948717,8.902103115384616,1.429,33.62204906666667,72.9550627
1353657487,0.0,10.0,1.21,33.62204270769231,72.95506458461539,610.0361538461539,8.902077461538461,1.429,33.622049323333336,72.95506261999999
1353677479,0.0,10.0,1.21,33.622042905128204,72.95506452307693,610.0324358974359,8.902051807692308,1.429,33.62204958,72.95506254
1353677479,0.0,10.0,1.21,33.6220431025641,72.95506446153846,610.0287179487179,8.902026153846153,1.429,33.62204983666667,72.95506246
1353717463,0.0,10.0,1.21,33.6220433,72.9550644,610.025,8.9020005,1.429,33.622050093333335,72.95506238
1353717463,0.0,10.0,1.21,33.6220434974359,72.95506433846154,610.021282051282,8.901974846153847,1.429,33.62205035,72.9550623
1353757447,0.0,10.0,1.21,33.62204369487179,72.95506427692307,610.017564102564,8.901949192307692,1.429,33.62205060666667,72.95506221999999
1353757447,0.0,10.0,1.21,33.62204389230769,72.95506421538461,610.0138461538461,8.901923538461538,1.429,33.622050863333335,72.95506214
1353757447,0.0,10.0,1.21,33.62204408974359,72.95506415384615,610.0101282051282,8.901897884615384,1.429,33.62205112,72.95506205999999
1353757447,0.0,10.0,1.21,33.622044287179484,72.9550640923077,610.0064102564103,8.90187223076923,1.429,33.62205137666667,72.95506198
1353757447,0.0,10.0,1.21,33.62204448461538,72.95506403076922,610.0026923076923,8.901846576923077,1.429,33.622051633333335,72.95506189999999
1353757447,0.0,10.0,1.21,33.62204468205128,72.95506396923076,609.9989743589744,8.901820923076922,1.429,33.62205189,72.95506182
1353757447,0.0,10.0,1.21,33.62204487948718,72.9550639076923,609.9952564102564,8.90179526923077,1.429,33.62205214666667,72.95506173999999
1353757447,0.0,10.0,1.21,33.62204507692307,72.95506384615385,609.9915384615384,8.901769615384616,1.429,33.622052403333335,72.95506166
1353757447,0.0,10.0,1.21,33.622045274358975,72.95506378461538,609.9878205128205,8.901743961538461,1.429,33.62205266,72.95506157999999
1353757447,0.0,10.0,1.21,33.62204547179487,72.95506372307692,609.9841025641025,8.901718307692308,1.429,33.62205291666667,72.9550615
1353757447,0.0,10.0,1.21,33.622045669230765,72.95506366153846,609.9803846153847,8.901692653846153,1.429,33.622053173333335,72.95506141999999
1353757447,0.0,10.0,1.21,33.62204586666667,72.9550636,609.9766666666667,8.901667,1.429,33.62205343,72.95506134
1353757447,0.0,10.0,1.21,33.62204606410256,72.95506353846153,609.9729487179487,8.901641346153847,1.429,33.62205368666667,72.95506126
1353757447,0.0,10.0,1.21,33.62204626153846,72.95506347692307,609.9692307692308,8.901615692307692,1.429,33.622053943333334,72.95506118
1353757447,0.0,10.0,1.21,33.62204645897436,72.95506341538461,609.9655128205128,8.901590038461539,1.429,33.6220542,72.9550611
1353757447,0.0,10.0,1.21,33.622046656410255,72.95506335384616,609.9617948717948,8.901564384615384,1.429,33.62205441081081,72.95506103243243
1353757447,0.0,10.0,1.21,33.62204685384615,72.95506329230768,609.9580769230769,8.90153873076923,1.429,33.62205462162162,72.95506096486486
1353757447,0.0,10.0,1.21,33.62204705128205,72.95506323076923,609.9543589743589,8.901513076923077,1.429,33.62205483243243,72.95506089729729
1353757447,0.0,10.0,1.21,33.62204724871795,72.95506316923077,609.9506410256411,8.901487423076922,1.429,33.62205504324324,72.95506082972973
1353757447,0.0,10.0,1.21,33.62204744615384,72.95506310769231,609.9469230769231,8.90146176923077,1.429,33.622055254054054,72.95506076216216
1353757447,0.0,10.0,1.21,33.622047643589745,72.95506304615384,609.9432051282051,8.901436115384616,1.429,33.622055464864864,72.9550606945946
1353757447,0.0,10.0,1.21,33.62204784102564,72.95506298461538,609.9394871794872,8.901410461538461,1.429,33.622055675675675,72.95506062702702
1353757447,0.0,10.0,1.21,33.622048038461536,72.95506292307692,609.9357692307692,8.901384807692308,1.429,33.622055886486486,72.95506055945945
1353757447,0.0,10.0,1.21,33.62204823589744,72.95506286153847,609.9320512820512,8.901359153846153,1.429,33.622056097297296,72.95506049189189
1353757447,0.0,10.0,1.21,33.62204843333333,72.9550628,609.9283333333333,8.9013335,1.429,33.62205630810811,72.95506042432432
1353757447,0.0,10.0,1.21,33.62204863076923,72.95506273846154,609.9246153846153,8.901307846153847,1.429,33.62205651891892,72.95506035675675
1353757447,0.0,10.0,1.21,33.62204882820512,72.95506267692308,609.9208974358975,8.901282192307692,1.429,33.62205672972973,72.95506028918919
1353757447,0.0,10.0,1.21,33.622049025641026,72.95506261538462,609.9171794871795,8.901256538461539,1.429,33.62205694054054,72.95506022162162
1353757447,0.0,10.0,1.21,33.62204922307692,72.95506255384615,609.9134615384615,8.901230884615384,1.429,33.62205715135135,72.95506015405405
1353757447,0.0,10.0,1.21,33.622049420512816,72.95506249230769,609.9097435897436,8.90120523076923,1.429,33.62205736216216,72.95506008648648
1353757447,0.0,10.0,1.21,33.62204961794872,72.95506243076923,609.9060256410256,8.901179576923077,1.429,33.62205757297297,72.95506001891891
1353757447,0.0,10.0,1.21,33.622049815384614,72.95506236923077,609.9023076923077,8.901153923076922,1.429,33.62205778378378,72.95505995135134
1353757447,0.0,10.0,1.21,33.62205001282051,72.9550623076923,609.8985897435897,8.90112826923077,1.429,33.62205799459459,72.95505988378378
1353757447,0.0,10.0,1.21,33.62205021025641,72.95506224615384,609.8948717948717,8.901102615384616,1.429,33.62205820540541,72.95505981621622
1353757447,0.0,10.0,1.21,33.622050407692306,72.95506218461539,609.8911538461539,8.901076961538461,1.429,33.62205841621622,72.95505974864865
1353777439,0.0,10.0,1.21,33.6220506051282,72.95506212307693,609.8874358974359,8.901051307692308,1.429,33.62205862702703,72.95505968108108
1353797431,0.0,10.0,1.21,33.622050802564104,72.95506206153846,609.883717948718,8.901025653846153,1.429,33.62205883783784,72.95505961351351
1353797431,0.0,10.0,1.21,33.622051,72.955062,609.88,8.901,1.429,33.62205904864865,72.95505954594594
1353797431,0.0,10.0,1.21,33.62205119871795,72.95506193717948,609.8764102564103,8.900717961538462,1.4289358974358974,33.62205925945946,72.95505947837837
1353797431,0.0,10.0,1.21,33.6220513974359,72.95506187435898,609.8728205128205,8.900435923076923,1.4288717948717948,33.62205947027027,72.9550594108108
1353827419,0.0,10.0,1.21,33.622051596153845,72.95506181153846,609.8692307692307,8.900153884615385,1.4288076923076924,33.62205968108108,72.95505934324325
1353837415,0.0,10.0,1.21,33.622051794871794,72.95506174871795,609.865641025641,8.899871846153847,1.4287435897435898,33.622059891891894,72.95505927567568
1353837415,0.0,10.0,1.21,33.62205199358974,72.95506168589743,609.8620512820513,8.899589807692308,1.4286794871794872,33.622060102702704,72.95505920810811
1353858240,0.0,10.0,1.21,33.62205219230769,72.95506162307692,609.8584615384615,8.899307769230768,1.4286153846153846,33.622060313513515,72.95505914054054
1353858240,0.0,10.0,1.21,33.62205239102564,72.95506156025641,609.8548717948718,8.89902573076923,1.428551282051282,33.622060524324326,72.95505907297297
1353858240,0.0,10.0,1.21,33.62205258974359,72.95506149743589,609.851282051282,8.898743692307692,1.4284871794871796,33.622060735135136,72.9550590054054
1353858240,0.0,10.0,1.21,33.62205278846154,72.95506143461539,609.8476923076923,8.898461653846153,1.428423076923077,33.62206094594595,72.95505893783783
1353858240,0.0,10.0,1.21,33.62205298717949,72.95506137179487,609.8441025641025,8.898179615384615,1.4283589743589744,33.62206115675676,72.95505887027026
1353858240,0.0,10.0,1.21,33.622053185897435,72.95506130897436,609.8405128205128,8.897897576923077,1.4282948717948718,33.62206136756757,72.95505880270271
1353858240,0.0,10.0,1.21,33.622053384615384,72.95506124615385,609.8369230769231,8.897615538461539,1.4282307692307692,33.62206157837838,72.95505873513514
1353858240,0.0,10.0,1.21,33.62205358333333,72.95506118333333,609.8333333333334,8.8973335,1.4281666666666668,33.62206178918919,72.95505866756757
1353858240,0.0,10.0,1.21,33.62205378205128,72.95506112051282,609.8297435897435,8.897051461538462,1.4281025641025642,33.622062,72.9550586
1353858240,0.0,10.0,1.21,33.62205398076923,72.9550610576923,609.8261538461538,8.896769423076924,1.4280384615384616,33.622062183333334,72.95505854285715
1353858240,0.0,10.0,1.21,33.62205417948718,72.9550609948718,609.8225641025641,8.896487384615385,1.427974358974359,33.62206236666667,72.95505848571429
1353858240,0.0,10.0,1.21,33.62205437820513,72.95506093205128,609.8189743589744,8.896205346153845,1.4279102564102564,33.62206255,72.95505842857143
1353858240,0.0,10.0,1.21,33.62205457692308,72.95506086923076,609.8153846153846,8.895923307692307,1.4278461538461538,33.62206273333333,72.95505837142858
1353858240,0.0,10.0,1.21,33.622054775641026,72.95506080641026,609.8117948717949,8.895641269230769,1.4277820512820514,33.622062916666664,72.95505831428572
1353858240,0.0,10.0,1.21,33.622054974358974,72.95506074358974,609.8082051282051,8.89535923076923,1.4277179487179488,33.6220631,72.95505825714285
1353858240,0.0,10.0,1.21,33.62205517307692,72.95506068076924,609.8046153846154,8.895077192307692,1.4276538461538462,33.62206328333333,72.9550582
1353858240,0.0,10.0,1.21,33.62205537179487,72.95506061794872,609.8010256410256,8.894795153846154,1.4275897435897436,33.62206346666667,72.95505814285714
1353858240,0.0,10.0,1.21,33.62205557051282,72.9550605551282,609.7974358974359,8.894513115384616,1.427525641025641,33.62206365,72.95505808571428
1353858240,0.0,10.0,1.21,33.62205576923077,72.9550604923077,609.7938461538462,8.894231076923077,1.4274615384615386,33.622063833333335,72.95505802857143
1353858240,0.0,10.0,1.21,33.62205596794872,72.95506042948718,609.7902564102565,8.893949038461539,1.427397435897436,33.62206401666666,72.95505797142857
1353858240,0.0,10.0,1.21,33.62205616666667,72.95506036666667,609.7866666666666,8.893667,1.4273333333333331,33.6220642,72.95505791428572
1353858240,0.0,10.0,1.21,33.622056365384616,72.95506030384615,609.7830769230769,8.893384961538462,1.4272692307692307,33.62206438333333,72.95505785714286
1353858240,0.0,10.0,1.21,33.622056564102564,72.95506024102563,609.7794871794872,8.893102923076922,1.427205128205128,33.622064566666666,72.9550578
1353858240,0.0,10.0,1.21,33.62205676282051,72.95506017820513,609.7758974358975,8.892820884615384,1.4271410256410255,33.62206475,72.95505774285715
1353858240,0.0,10.0,1.21,33.62205696153846,72.95506011538461,609.7723076923077,8.892538846153846,1.4270769230769231,33.622064933333334,72.95505768571428
1353858240,0.0,10.0,1.21,33.62205716025641,72.95506005256411,609.768717948718,8.892256807692307,1.4270128205128203,33.62206511666667,72.95505762857142
1353858240,0.0,10.0,1.21,33.62205735897436,72.95505998974359,609.7651282051282,8.89197476923077,1.426948717948718,33.6220653,72.95505757142857
1353858240,0.0,10.0,1.21,33.62205755769231,72.95505992692308,609.7615384615385,8.89169273076923,1.4268846153846153,33.62206548333333,72.95505751428571
1353858240,0.0,10.0,1.21,33.62205775641026,72.95505986410257,609.7579487179487,8.891410692307693,1.426820512820513,33.622065666666664,72.95505745714286
1353858240,0.0,10.0,1.21,33.622057955128206,72.95505980128205,609.754358974359,8.891128653846154,1.4267564102564103,33.62206585,72.9550574
1353858240,0.0,10.0,1.21,33.622058153846154,72.95505973846154,609.7507692307693,8.890846615384616,1.4266923076923077,33.62206603333333,72.95505734285715
1353858240,0.0,10.0,1.21,33.6220583525641,72.95505967564102,609.7471794871796,8.890564576923078,1.426628205128205,33.62206621666667,72.95505728571429
1353858240,0.0,10.0,1.21,33.62205855128205,72.95505961282052,609.7435897435897,8.89028253846154,1.4265641025641025,33.6220664,72.95505722857143
1353878232,0.0,10.0,1.21,33.62205875,72.95505955,609.74,8.8900005,1.4265,33.62206658333333,72.95505717142858
1353878232,0.0,10.0,1.21,33.62205894871795,72.95505948717948,609.7364102564103,8.889718461538461,1.4264358974358975,33.62206676666666,72.95505711428572
1353918216,0.0,10.0,1.21,33.6220591474359,72.95505942435898,609.7328205128205,8.889436423076923,1.4263717948717949,33.62206695,72.95505705714285
1353918216,0.0,10.0,1.21,33.62205934615385,72.95505936153846,609.7292307692308,8.889154384615384,1.4263076923076925,33.62206713333333,72.955057
1353958200,0.0,10.0,1.21,33.6220595448718,72.95505929871796,609.725641025641,8.888872346153846,1.4262435897435897,33.622067316666666,72.95505694285714
1353958200,0.0,10.0,1.21,33.622059743589745,72.95505923589744,609.7220512820513,8.888590307692308,1.426179487179487,33.6220675,72.95505688571428
1353958200,0.0,10.0,1.21,33.62205994230769,72.95505917307692,609.7184615384615,8.88830826923077,1.426115384615385,33.622067683333334,72.95505682857143
1353958200,0.0,10.0,1.21,33.62206014102564,72.95505911025641,609.7148717948718,8.888026230769231,1.426051282051282,33.62206786666666,72.95505677142857
1353958200,0.0,10.0,1.21,33.62206033974359,72.9550590474359,609.7112820512821,8.887744192307693,1.4259871794871797,33.62206805,72.95505671428572
1353958200,0.0,10.0,1.21,33.62206053846154,72.95505898461539,609.7076923076924,8.887462153846155,1.4259230769230768,33.62206823333333,72.95505665714286
1353958200,0.0,10.0,1.21,33.62206073717949,72.95505892179487,609.7041025641025,8.887180115384616,1.4258589743589742,33.622068416666664,72.9550566
1353958200,0.0,10.0,1.21,33.62206093589744,72.95505885897437,609.7005128205128,8.886898076923078,1.425794871794872,33.6220686,72.95505654285715
1353958200,0.0,10.0,1.21,33.622061134615386,72.95505879615385,609.6969230769231,8.886616038461538,1.4257307692307692,33.62206878333333,72.95505648571428
1353958200,0.0,10.0,1.21,33.622061333333335,72.95505873333333,609.6933333333334,8.886334,1.4256666666666666,33.62206896666667,72.95505642857142
1353958200,0.0,10.0,1.21,33.62206153205128,72.95505867051283,609.6897435897436,8.886051961538461,1.425602564102564,33.622069149999994,72.95505637142857
1353958200,0.0,10.0,1.21,33.62206173076923,72.95505860769231,609.6861538461538,8.885769923076923,1.4255384615384614,33.62206933333333,72.95505631428571
1353958200,0.0,10.0,1.21,33.62206192948718,72.9550585448718,609.6825641025641,8.885487884615385,1.425474358974359,33.62206951666666,72.95505625714286
1353958200,0.0,10.0,1.21,33.62206212820513,72.95505848205129,609.6789743589744,8.885205846153847,1.4254102564102564,33.6220697,72.9550562
1353958200,0.0,10.0,1.21,33.62206232692308,72.95505841923077,609.6753846153846,8.884923807692308,1.4253461538461538,33.62206984807692,72.95505615192307
1353958200,0.0,10.0,1.21,33.62206252564103,72.95505835641026,609.6717948717949,8.88464176923077,1.4252820512820512,33.62206999615384,72.95505610384616
1353958200,0.0,10.0,1.21,33.622062724358976,72.95505829358974,609.6682051282052,8.884359730769232,1.4252179487179486,33.62207014423077,72.95505605576923
1353958200,0.0,10.0,1.21,33.622062923076925,72.95505823076924,609.6646153846154,8.884077692307693,1.4251538461538462,33.62207029230769,72.9550560076923
1353958200,0.0,10.0,1.21,33.62206312179487,72.95505816794872,609.6610256410256,8.883795653846155,1.4250897435897436,33.62207044038461,72.95505595961538
1353958200,0.0,10.0,1.21,33.62206332051282,72.9550581051282,609.6574358974359,8.883513615384615,1.425025641025641,33.62207058846154,72.95505591153847
1353958200,0.0,10.0,1.21,33.62206351923077,72.9550580423077,609.6538461538462,8.883231576923077,1.4249615384615384,33.62207073653846,72.95505586346154
1353958200,0.0,10.0,1.21,33.62206371794872,72.95505797948718,609.6502564102565,8.882949538461538,1.4248974358974358,33.62207088461538,72.95505581538461
1353958200,0.0,10.0,1.21,33.62206391666667,72.95505791666668,609.6466666666666,8.8826675,1.4248333333333334,33.622071032692304,72.9550557673077
1353958200,0.0,10.0,1.21,33.62206411538462,72.95505785384616,609.6430769230769,8.882385461538462,1.4247692307692308,33.622071180769225,72.95505571923077
1353958200,0.0,10.0,1.21,33.622064314102566,72.95505779102564,609.6394871794872,8.882103423076924,1.4247051282051282,33.622071328846154,72.95505567115384
1353958200,0.0,10.0,1.21,33.622064512820515,72.95505772820513,609.6358974358975,8.881821384615385,1.4246410256410256,33.622071476923075,72.95505562307692
1353958200,0.0,10.0,1.21,33.622064711538464,72.95505766538462,609.6323076923077,8.881539346153847,1.424576923076923,33.622071625,72.955055575
1353958200,0.0,10.0,1.21,33.62206491025641,72.95505760256411,609.628717948718,8.881257307692309,1.4245128205128204,33.622071773076925,72.95505552692308
1353958200,0.0,10.0,1.21,33.62206510897436,72.95505753974359,609.6251282051282,8.88097526923077,1.424448717948718,33.62207192115385,72.95505547884615
1353958200,0.0,10.0,1.21,33.62206530769231,72.95505747692309,609.6215384615385,8.880693230769232,1.4243846153846154,33.62207206923077,72.95505543076924
1353958200,0.0,10.0,1.21,33.62206550641026,72.95505741410257,609.6179487179487,8.880411192307692,1.4243205128205128,33.62207221730769,72.95505538269231
1353958200,0.0,10.0,1.21,33.62206570512821,72.95505735128205,609.614358974359,8.880129153846154,1.42425641025641,33.62207236538461,72.95505533461538
1353958200,0.0,10.0,1.21,33.62206590384616,72.95505728846155,609.6107692307693,8.879847115384615,1.4241923076923075,33.62207251346154,72.95505528653845
1353958200,0.0,10.0,1.21,33.622066102564105,72.95505722564103,609.6071794871796,8.879565076923077,1.4241282051282051,33.62207266153846,72.95505523846154
1353958200,0.0,10.0,1.21,33.622066301282054,72.95505716282052,609.6035897435897,8.879283038461539,1.4240641025641023,33.62207280961538,72.95505519038461
1353998184,0.0,10.0,1.21,33.6220665,72.9550571,609.6,8.879001,1.424,33.62207295769231,72.95505514230769
1353998184,1.0,9.914634146341465,1.21,33.62206668780488,72.9550570402439,609.5964634146342,8.878293670731708,1.4238536585365853,33.62207310576923,72.95505509423077
1353998184,1.0,9.829268292682928,1.21,33.62206687560976,72.95505698048781,609.5929268292683,8.877586341463415,1.4237073170731709,33.62207325384615,72.95505504615384
1353998184,1.0,9.74390243902439,1.21,33.62206706341463,72.9550569207317,609.5893902439025,8.876879012195122,1.423560975609756,33.622073401923075,72.95505499807692
1354038168,1.0,9.658536585365852,1.21,33.62206725121951,72.95505686097562,609.5858536585366,8.87617168292683,1.4234146341463414,33.62207355,72.95505495
1354038168,1.0,9.573170731707316,1.21,33.62206743902439,72.95505680121951,609.5823170731708,8.875464353658536,1.4232682926829268,33.622073698076925,72.95505490192308
1354058160,1.0,9.48780487804878,1.21,33.62206762682927,72.95505674146342,609.5787804878049,8.874757024390245,1.423121951219512,33.622073846153846,72.95505485384615
1354058160,1.0,9.402439024390244,1.21,33.62206781463415,72.95505668170732,609.5752439024391,8.874049695121952,1.4229756097560975,33.62207399423077,72.95505480576922
1354058160,1.0,9.317073170731708,1.21,33.62206800243903,72.95505662195123,609.5717073170732,8.87334236585366,1.4228292682926829,33.622074142307696,72.95505475769231
1354058160,1.0,9.231707317073171,1.21,33.6220681902439,72.95505656219513,609.5681707317074,8.872635036585367,1.4226829268292682,33.62207429038462,72.95505470961538
1354058160,1.0,9.146341463414634,1.21,33.62206837804878,72.95505650243904,609.5646341463415,8.871927707317074,1.4225365853658536,33.62207443846154,72.95505466153845
1354058160,1.0,9.060975609756095,1.21,33.62206856585366,72.95505644268293,609.5610975609757,8.87122037804878,1.422390243902439,33.62207458653846,72.95505461346154
1354058160,1.0,8.975609756097562,1.21,33.62206875365854,72.95505638292683,609.5575609756098,8.870513048780488,1.4222439024390243,33.62207473461538,72.95505456538461
1354058160,1.0,8.890243902439025,1.21,33.62206894146342,72.95505632317074,609.554024390244,8.869805719512195,1.4220975609756097,33.62207488269231,72.95505451730769
1354058160,1.0,8.804878048780488,1.21,33.6220691292683,72.95505626341463,609.550487804878,8.869098390243902,1.421951219512195,33.62207503076923,72.95505446923076
1354058160,1.0,8.71951219512195,1.21,33.62206931707317,72.95505620365854,609.5469512195122,8.86839106097561,1.4218048780487804,33.62207517884615,72.95505442115385
1354058160,1.0,8.634146341463415,1.21,33.62206950487805,72.95505614390244,609.5434146341463,8.867683731707318,1.4216585365853658,33.62207532692308,72.95505437307692
1354058160,1.0,8.548780487804878,1.21,33.62206969268293,72.95505608414635,609.5398780487805,8.866976402439025,1.4215121951219511,33.622075475,72.95505432499999
1354058160,1.0,8.463414634146341,1.21,33.62206988048781,72.95505602439025,609.5363414634146,8.866269073170733,1.4213658536585363,33.622075623076924,72.95505427692308
1354058160,1.0,8.378048780487806,1.21,33.622070068292686,72.95505596463416,609.5328048780488,8.86556174390244,1.421219512195122,33.622075771153845,72.95505422884615
1354058160,1.0,8.292682926829269,1.21,33.622070256097565,72.95505590487805,609.5292682926829,8.864854414634147,1.4210731707317072,33.62207591923077,72.95505418076922
1354058160,1.0,8.207317073170731,1.21,33.62207044390244,72.95505584512195,609.525731707317,8.864147085365854,1.4209268292682926,33.622076067307695,72.9550541326923
1354058160,1.0,8.121951219512194,1.21,33.62207063170732,72.95505578536586,609.5221951219512,8.863439756097561,1.420780487804878,33.62207621538462,72.95505408461538
1354058160,1.0,8.036585365853659,1.21,33.6220708195122,72.95505572560975,609.5186585365853,8.862732426829268,1.4206341463414631,33.62207636346154,72.95505403653846
1354058160,1.0,7.951219512195122,1.21,33.622071007317075,72.95505566585366,609.5151219512195,8.862025097560975,1.4204878048780487,33.62207651153847,72.95505398846153
1354058160,1.0,7.865853658536585,1.21,33.622071195121954,72.95505560609756,609.5115853658536,8.861317768292682,1.420341463414634,33.62207665961539,72.95505394038462
1354058160,1.0,7.780487804878049,1.21,33.62207138292683,72.95505554634147,609.5080487804878,8.860610439024391,1.4201951219512194,33.62207680769231,72.95505389230769
1354058160,1.0,7.695121951219512,1.21,33.622071570731705,72.95505548658537,609.504512195122,8.859903109756099,1.4200487804878048,33.62207695576923,72.95505384423076
1354058160,1.0,7.609756097560975,1.21,33.622071758536585,72.95505542682928,609.5009756097561,8.859195780487806,1.4199024390243902,33.62207710384615,72.95505379615383
1354058160,1.0,7.524390243902439,1.21,33.622071946341464,72.95505536707317,609.4974390243902,8.858488451219513,1.4197560975609755,33.62207725192308,72.95505374807692
1354058160,1.0,7.439024390243903,1.21,33.62207213414634,72.95505530731708,609.4939024390244,8.85778112195122,1.419609756097561,33.6220774,72.9550537
1354058160,1.0,7.353658536585366,1.21,33.62207232195122,72.95505524756098,609.4903658536585,8.857073792682927,1.4194634146341465,33.62207766206897,72.95505361724138
1354058160,1.0,7.268292682926829,1.21,33.6220725097561,72.95505518780487,609.4868292682927,8.856366463414634,1.4193170731707316,33.62207792413793,72.95505353448276
1354058160,1.0,7.182926829268292,1.21,33.622072697560974,72.95505512804878,609.4832926829268,8.855659134146341,1.419170731707317,33.6220781862069,72.95505345172413
1354058160,1.0,7.097560975609756,1.21,33.62207288536585,72.95505506829268,609.479756097561,8.854951804878048,1.4190243902439024,33.622078448275865,72.95505336896551
1354058160,1.0,7.012195121951219,1.21,33.62207307317073,72.95505500853659,609.4762195121951,8.854244475609756,1.4188780487804875,33.62207871034483,72.95505328620689
1354058160,1.0,6.926829268292683,1.21,33.62207326097561,72.95505494878049,609.4726829268293,8.853537146341464,1.418731707317073,33.6220789724138,72.95505320344827
1354058160,1.0,6.841463414634147,1.21,33.62207344878049,72.9550548890244,609.4691463414634,8.852829817073172,1.4185853658536585,33.62207923448276,72.95505312068966
1354058160,1.0,6.7560975609756095,1.21,33.62207363658537,72.95505482926829,609.4656097560976,8.852122487804879,1.4184390243902438,33.62207949655173,72.95505303793102
1354075653,1.0,6.670731707317072,1.21,33.62207382439024,72.9550547695122,609.4620731707317,8.851415158536586,1.4182926829268292,33.62207975862069,72.9550529551724
1354078152,1.0,6.585365853658536,1.21,33.62207401219512,72.9550547097561,609.4585365853659,8.850707829268293,1.4181463414634146,33.62208002068966,72.95505287241379
1354078152,1.0,6.5,1.21,33.6220742,72.95505465,609.4549999999999,8.8500005,1.418,33.622080282758624,72.95505278965517
1354118136,1.0,6.414634146341463,1.21,33.62207438780488,72.9550545902439,609.4514634146341,8.849293170731707,1.4178536585365853,33.62208054482759,72.95505270689655
1354118136,1.0,6.329268292682927,1.21,33.62207457560976,72.9550545304878,609.4479268292682,8.848585841463414,1.4177073170731709,33.622080806896555,72.95505262413792
1354158120,1.0,6.243902439024391,1.21,33.62207476341463,72.95505447073171,609.4443902439024,8.847878512195122,1.417560975609756,33.62208106896552,72.9550525413793
1354158120,1.0,6.158536585365853,1.21,33.62207495121951,72.9550544109756,609.4408536585365,8.847171182926829,1.4174146341463414,33.62208133103448,72.95505245862068
1354158120,1.0,6.073170731707316,1.21,33.62207513902439,72.95505435121952,609.4373170731707,8.846463853658536,1.4172682926829268,33.622081593103445,72.95505237586207
1354158120,1.0,5.98780487804878,1.21,33.62207532682927,72.95505429146341,609.4337804878048,8.845756524390245,1.417121951219512,33.62208185517241,72.95505229310344
1354158120,1.0,5.902439024390244,1.21,33.62207551463415,72.95505423170732,609.430243902439,8.845049195121952,1.4169756097560977,33.622082117241376,72.95505221034482
1354158120,1.0,5.817073170731707,1.21,33.62207570243903,72.95505417195122,609.4267073170731,8.844341865853659,1.4168292682926829,33.62208237931034,72.9550521275862
1354158120,1.0,5.7317073170731705,1.21,33.6220758902439,72.95505411219513,609.4231707317073,8.843634536585366,1.4166829268292682,33.62208264137931,72.95505204482758
1354158120,1.0,5.646341463414633,1.21,33.62207607804878,72.95505405243902,609.4196341463414,8.842927207317073,1.4165365853658536,33.62208290344827,72.95505196206896
1354158120,1.0,5.560975609756097,1.21,33.62207626585366,72.95505399268292,609.4160975609756,8.84221987804878,1.416390243902439,33.62208316551724,72.95505187931033
1354158120,1.0,5.475609756097561,1.21,33.622076453658536,72.95505393292683,609.4125609756097,8.841512548780488,1.4162439024390243,33.622083427586205,72.95505179655171
1354158120,1.0,5.390243902439024,1.21,33.622076641463416,72.95505387317073,609.4090243902439,8.840805219512195,1.4160975609756097,33.62208368965517,72.9550517137931
1354158120,1.0,5.304878048780488,1.21,33.622076829268295,72.95505381341464,609.405487804878,8.840097890243902,1.415951219512195,33.622083951724136,72.95505163103448
1354158120,1.0,5.219512195121951,1.21,33.62207701707317,72.95505375365853,609.4019512195122,8.839390560975609,1.4158048780487804,33.6220842137931,72.95505154827586
1354158120,1.0,5.134146341463414,1.21,33.622077204878046,72.95505369390244,609.3984146341463,8.838683231707318,1.4156585365853658,33.62208447586207,72.95505146551723
1354158120,1.0,5.048780487804878,1.21,33.622077392682925,72.95505363414634,609.3948780487805,8.837975902439025,1.4155121951219511,33.62208473793103,72.95505138275861
1354158120,1.0,4.963414634146341,1.21,33.622077580487804,72.95505357439025,609.3913414634146,8.837268573170732,1.4153658536585365,33.622085,72.9550513
1354158120,1.0,4.878048780487805,1.21,33.622077768292684,72.95505351463414,609.3878048780488,8.83656124390244,1.415219512195122,33.62208525333333,72.95505121999999
1354158120,1.0,4.792682926829268,1.21,33.62207795609756,72.95505345487805,609.3842682926829,8.835853914634146,1.4150731707317072,33.622085506666664,72.95505114
1354158120,1.0,4.7073170731707314,1.21,33.622078143902435,72.95505339512195,609.3807317073171,8.835146585365854,1.4149268292682926,33.62208576,72.95505105999999
1354158120,1.0,4.621951219512194,1.21,33.622078331707314,72.95505333536585,609.3771951219512,8.83443925609756,1.414780487804878,33.62208601333333,72.95505098
1354158120,1.0,4.536585365853658,1.21,33.62207851951219,72.95505327560976,609.3736585365854,8.833731926829268,1.4146341463414631,33.62208626666666,72.95505089999999
1354158120,1.0,4.451219512195122,1.21,33.62207870731707,72.95505321585365,609.3701219512195,8.833024597560975,1.4144878048780487,33.62208652,72.95505082
1354158120,1.0,4.365853658536585,1.21,33.62207889512195,72.95505315609756,609.3665853658537,8.832317268292682,1.414341463414634,33.62208677333333,72.95505073999999
1354158120,1.0,4.280487804878049,1.21,33.62207908292683,72.95505309634146,609.3630487804878,8.831609939024391,1.4141951219512194,33.62208702666667,72.95505066
1354158120,1.0,4.195121951219512,1.21,33.6220792707317,72.95505303658537,609.359512195122,8.830902609756098,1.4140487804878048,33.62208728,72.95505057999999
1354158120,1.0,4.109756097560975,1.21,33.62207945853658,72.95505297682926,609.355975609756,8.830195280487805,1.4139024390243902,33.622087533333335,72.9550505
1354158120,1.0,4.024390243902438,1.21,33.62207964634146,72.95505291707317,609.3524390243902,8.829487951219512,1.4137560975609755,33.62208778666667,72.95505041999999
1354158120,1.0,3.939024390243902,1.21,33.62207983414634,72.95505285731707,609.3489024390243,8.82878062195122,1.413609756097561,33.62208804,72.95505034
1354158120,1.0,3.8536585365853657,1.21,33.62208002195122,72.95505279756097,609.3453658536584,8.828073292682927,1.4134634146341465,33.622088293333334,72.95505026
1354158120,1.0,3.7682926829268286,1.21,33.6220802097561,72.95505273780488,609.3418292682926,8.827365963414634,1.4133170731707316,33.62208854666667,72.95505018
1354158120,1.0,3.682926829268293,1.21,33.62208039756097,72.95505267804877,609.3382926829267,8.82665863414634,1.413170731707317,33.6220888,72.9550501
1354158120,1.0,3.5975609756097557,1.21,33.62208058536585,72.95505261829268,609.3347560975609,8.825951304878048,1.4130243902439024,33.62208905333333,72.95505001999999
1354158120,1.0,3.512195121951219,1.21,33.62208077317073,72.95505255853658,609.331219512195,8.825243975609755,1.4128780487804875,33.622089306666666,72.95504994
1354158120,1.0,3.426829268292683,1.21,33.62208096097561,72.95505249878049,609.3276829268292,8.824536646341464,1.412731707317073,33.62208956,72.95504985999999
1354158120,1.0,3.3414634146341458,1.21,33.62208114878049,72.95505243902439,609.3241463414633,8.823829317073171,1.4125853658536585,33.62208981333333,72.95504978
1354198104,1.0,3.256097560975609,1.21,33.62208133658537,72.9550523792683,609.3206097560975,8.823121987804878,1.4124390243902438,33.622090066666665,72.95504969999999
1354198104,1.0,3.1707317073170724,1.21,33.62208152439024,72.95505231951219,609.3170731707316,8.822414658536585,1.4122926829268292,33.62209032,72.95504962
1354198104,1.0,3.085365853658536,1.21,33.62208171219512,72.9550522597561,609.3135365853658,8.821707329268293,1.4121463414634146,33.62209057333333,72.95504953999999
1354198104,1.0,3.0,1.21,33.6220819,72.9550522,609.31,8.821,1.412,33.62209082666667,72.95504946
1354238088,1.0,3.0,1.21,33.62208209487179,72.95505213846154,609.3064102564102,8.819782064102563,1.4117948717948716,33.622091080000004,72.95504937999999
1354238088,1.0,3.0,1.21,33.62208228974359,72.95505207692307,609.3028205128204,8.818564128205129,1.4115897435897435,33.62209133333334,72.9550493
1354258080,1.0,3.0,1.21,33.62208248461538,72.95505201538461,609.2992307692307,8.817346192307692,1.4113846153846152,33.62209158666667,72.95504921999999
1354258080,1.0,3.0,1.21,33.62208267948718,72.95505195384615,609.295641025641,8.816128256410256,1.4111794871794872,33.62209184,72.95504914
1354258080,1.0,3.0,1.21,33.62208287435897,72.9550518923077,609.2920512820513,8.814910320512821,1.4109743589743589,33.622092093333336,72.95504906
1354258080,1.0,3.0,1.21,33.62208306923077,72.95505183076922,609.2884615384614,8.813692384615385,1.4107692307692308,33.62209234666667,72.95504898
1354258080,1.0,3.0,1.21,33.622083264102564,72.95505176923076,609.2848717948717,8.812474448717948,1.4105641025641025,33.6220926,72.9550489
1354258080,1.0,3.0,1.21,33.62208345897436,72.9550517076923,609.281282051282,8.811256512820513,1.4103589743589742,33.62209272711865,72.95504886101695
1354258080,1.0,3.0,1.21,33.622083653846154,72.95505164615385,609.2776923076923,8.810038576923077,1.410153846153846,33.62209285423729,72.95504882203389
1354258080,1.0,3.0,1.21,33.62208384871795,72.95505158461538,609.2741025641025,8.80882064102564,1.4099487179487178,33.622092981355934,72.95504878305084
1354258080,1.0,3.0,1.21,33.622084043589744,72.95505152307692,609.2705128205127,8.807602705128206,1.4097435897435897,33.62209310847458,72.9550487440678
1354258080,1.0,3.0,1.21,33.62208423846154,72.95505146153846,609.266923076923,8.80638476923077,1.4095384615384614,33.62209323559322,72.95504870508474
1354258080,1.0,3.0,1.21,33.62208443333333,72.9550514,609.2633333333333,8.805166833333333,1.409333333333333,33.622093362711865,72.95504866610169
1354258080,1.0,3.0,1.21,33.62208462820512,72.95505133846153,609.2597435897435,8.803948897435896,1.409128205128205,33.62209348983051,72.95504862711864
1354258080,1.0,3.0,1.21,33.62208482307692,72.95505127692307,609.2561538461538,8.802730961538462,1.408923076923077,33.62209361694915,72.95504858813558
1354258080,1.0,3.0,1.21,33.62208501794871,72.95505121538461,609.2525641025641,8.801513025641025,1.4087179487179486,33.6220937440678,72.95504854915254
1354258080,1.0,3.0,1.21,33.62208521282051,72.95505115384616,609.2489743589744,8.800295089743589,1.4085128205128203,33.62209387118644,72.95504851016949
1354258080,1.0,3.0,1.21,33.6220854076923,72.95505109230768,609.2453846153845,8.799077153846154,1.4083076923076925,33.62209399830508,72.95504847118643
1354258080,1.0,3.0,1.21,33.6220856025641,72.95505103076923,609.2417948717948,8.797859217948718,1.408102564102564,33.62209412542373,72.95504843220338
1354258080,1.0,3.0,1.21,33.62208579743589,72.95505096923077,609.2382051282051,8.796641282051281,1.407897435897436,33.622094252542375,72.95504839322034
1354258080,1.0,3.0,1.21,33.62208599230769,72.95505090769231,609.2346153846154,8.795423346153846,1.4076923076923076,33.622094379661014,72.95504835423728
1354258080,1.0,3.0,1.21,33.622086187179484,72.95505084615384,609.2310256410256,8.79420541025641,1.4074871794871795,33.62209450677966,72.95504831525423
1354258080,1.0,3.0,1.21,33.62208638205128,72.95505078461538,609.2274358974358,8.792987474358974,1.4072820512820512,33.62209463389831,72.95504827627119
1354258080,1.0,3.0,1.21,33.622086576923074,72.95505072307692,609.2238461538461,8.791769538461539,1.407076923076923,33.62209476101695,72.95504823728814
1354258080,1.0,3.0,1.21,33.62208677179487,72.95505066153846,609.2202564102564,8.790551602564102,1.4068717948717948,33.62209488813559,72.95504819830508
1354258080,1.0,3.0,1.21,33.622086966666664,72.95505059999999,609.2166666666666,8.789333666666666,1.4066666666666665,33.62209501525424,72.95504815932203
1354258080,1.0,3.0,1.21,33.62208716153846,72.95505053846153,609.2130769230769,8.788115730769231,1.4064615384615384,33.622095142372885,72.95504812033899
1354258080,1.0,3.0,1.21,33.622087356410255,72.95505047692308,609.2094871794872,8.786897794871795,1.40625641025641,33.622095269491524,72.95504808135593
1354258080,1.0,3.0,1.21,33.62208755128205,72.95505041538462,609.2058974358974,8.785679858974358,1.406051282051282,33.62209539661017,72.95504804237288
1354258080,1.0,3.0,1.21,33.622087746153845,72.95505035384615,609.2023076923076,8.784461923076924,1.4058461538461535,33.62209552372882,72.95504800338983
1354258080,1.0,3.0,1.21,33.62208794102564,72.95505029230769,609.1987179487179,8.783243987179487,1.4056410256410257,33.622095650847456,72.95504796440677
1354258080,1.0,3.0,1.21,33.622088135897435,72.95505023076923,609.1951282051282,8.78202605128205,1.4054358974358974,33.6220957779661,72.95504792542373
1354258080,1.0,3.0,1.21,33.62208833076923,72.95505016923077,609.1915384615385,8.780808115384616,1.405230769230769,33.62209590508475,72.95504788644068
1354258080,1.0,3.0,1.21,33.622088525641026,72.9550501076923,609.1879487179486,8.77959017948718,1.405025641025641,33.62209603220339,72.95504784745762
1354258080,1.0,3.0,1.21,33.62208872051282,72.95505004615384,609.1843589743589,8.778372243589743,1.404820512820513,33.622096159322034,72.95504780847457
1354278072,1.0,3.0,1.21,33.622088915384616,72.95504998461539,609.1807692307692,8.777154307692308,1.4046153846153846,33.62209628644068,72.95504776949153
1354278072,1.0,3.0,1.21,33.62208911025641,72.95504992307693,609.1771794871795,8.775936371794872,1.4044102564102563,33.62209641355932,72.95504773050847
1354318056,1.0,3.0,1.21,33.622089305128206,72.95504986153846,609.1735897435897,8.774718435897435,1.4042051282051282,33.622096540677965,72.95504769152542
1354318056,1.0,3.0,1.21,33.6220895,72.9550498,609.17,8.7735005,1.404,33.62209666779661,72.95504765254238
1354338048,1.0,3.0,1.21,33.62208969487179,72.95504973846154,609.1664102564102,8.772282564102564,1.4037948717948716,33.62209679491525,72.95504761355932
1354358040,1.0,3.0,1.21,33.622089889743584,72.95504967692307,609.1628205128204,8.771064628205128,1.4035897435897435,33.6220969220339,72.95504757457627
1354358040,1.0,3.0,1.21,33.62209008461538,72.95504961538461,609.1592307692307,8.769846692307691,1.4033846153846152,33.62209704915254,72.95504753559322
1354358040,1.0,3.0,1.21,33.622090279487175,72.95504955384615,609.155641025641,8.768628756410257,1.4031794871794872,33.62209717627118,72.95504749661016
1354358040,1.0,3.0,1.21,33.62209047435897,72.9550494923077,609.1520512820513,8.76741082051282,1.4029743589743588,33.62209730338983,72.95504745762712
1354358040,1.0,3.0,1.21,33.622090669230765,72.95504943076922,609.1484615384614,8.766192884615384,1.4027692307692308,33.622097430508475,72.95504741864407
1354358040,1.0,3.0,1.21,33.62209086410256,72.95504936923076,609.1448717948717,8.76497494871795,1.4025641025641025,33.622097557627114,72.95504737966101
1354358040,1.0,3.0,1.21,33.622091058974355,72.9550493076923,609.141282051282,8.763757012820513,1.4023589743589742,33.62209768474576,72.95504734067796
1354358040,1.0,3.0,1.21,33.62209125384615,72.95504924615385,609.1376923076923,8.762539076923076,1.402153846153846,33.62209781186441,72.95504730169492
1354358040,1.0,3.0,1.21,33.622091448717946,72.95504918461538,609.1341025641025,8.761321141025642,1.4019487179487178,33.622097938983046,72.95504726271186
1354358040,1.0,3.0,1.21,33.62209164358974,72.95504912307692,609.1305128205128,8.760103205128205,1.4017435897435897,33.62209806610169,72.95504722372881
1354358040,1.0,3.0,1.21,33.622091838461536,72.95504906153846,609.126923076923,8.758885269230769,1.4015384615384614,33.62209819322034,72.95504718474577
1354358040,1.0,3.0,1.21,33.62209203333333,72.955049,609.1233333333333,8.757667333333334,1.401333333333333,33.622098320338985,72.95504714576272
1354358040,1.0,3.0,1.21,33.622092228205126,72.95504893846153,609.1197435897435,8.756449397435897,1.401128205128205,33.622098447457624,72.95504710677966
1354358040,1.0,3.0,1.21,33.62209242307692,72.95504887692307,609.1161538461538,8.755231461538461,1.400923076923077,33.62209857457627,72.95504706779661
1354358040,1.0,3.0,1.21,33.62209261794872,72.95504881538461,609.1125641025641,8.754013525641026,1.4007179487179486,33.62209870169492,72.95504702881357
1354358040,1.0,3.0,1.21,33.62209281282051,72.95504875384616,609.1089743589744,8.75279558974359,1.4005128205128203,33.62209882881356,72.9550469898305
1354358040,1.0,3.0,1.21,33.62209300769231,72.95504869230768,609.1053846153845,8.751577653846153,1.4003076923076925,33.6220989559322,72.95504695084746
1354358040,1.0,3.0,1.21,33.6220932025641,72.95504863076923,609.1017948717948,8.750359717948719,1.400102564102564,33.62209908305085,72.95504691186441
1354358040,1.0,3.0,1.21,33.6220933974359,72.95504856923077,609.0982051282051,8.749141782051282,1.399897435897436,33.62209921016949,72.95504687288135
1354358040,1.0,3.0,1.21,33.62209359230769,72.95504850769231,609.0946153846154,8.747923846153846,1.3996923076923076,33.622099337288134,72.95504683389831
1354358040,1.0,3.0,1.21,33.62209378717949,72.95504844615384,609.0910256410256,8.746705910256411,1.3994871794871795,33.62209946440678,72.95504679491526
1354358040,1.0,3.0,1.21,33.62209398205128,72.95504838461538,609.0874358974359,8.745487974358975,1.3992820512820512,33.62209959152542,72.9550467559322
1354358040,1.0,3.0,1.21,33.62209417692308,72.95504832307692,609.0838461538461,8.744270038461538,1.3990769230769229,33.622099718644066,72.95504671694916
1354358040,1.0,3.0,1.21,33.62209437179487,72.95504826153847,609.0802564102564,8.743052102564103,1.3988717948717948,33.62209984576271,72.95504667796611
1354358040,1.0,3.0,1.21,33.62209456666666,72.9550482,609.0766666666666,8.741834166666667,1.3986666666666665,33.62209997288135,72.95504663898305
1354358040,1.0,3.0,1.21,33.622094761538456,72.95504813846154,609.0730769230769,8.74061623076923,1.3984615384615384,33.6221001,72.9550466
1354358040,1.0,3.0,1.21,33.62209495641025,72.95504807692308,609.0694871794872,8.739398294871794,1.39825641025641,33.62210044090909,72.9550464909091
1354358040,1.0,3.0,1.21,33.622095151282046,72.95504801538462,609.0658974358975,8.73818035897436,1.398051282051282,33.622100781818176,72.95504638181818
1354358040,1.0,3.0,1.21,33.62209534615384,72.95504795384615,609.0623076923076,8.736962423076923,1.3978461538461535,33.62210112272727,72.95504627272727
1354358040,1.0,3.0,1.21,33.62209554102564,72.95504789230769,609.0587179487179,8.735744487179486,1.3976410256410257,33.62210146363636,72.95504616363637
1354358040,1.0,3.0,1.21,33.62209573589743,72.95504783076923,609.0551282051282,8.734526551282052,1.3974358974358974,33.62210180454545,72.95504605454546
1354358040,1.0,3.0,1.21,33.62209593076923,72.95504776923077,609.0515384615385,8.733308615384615,1.397230769230769,33.62210214545454,72.95504594545454
1354358040,1.0,3.0,1.21,33.62209612564102,72.9550477076923,609.0479487179487,8.732090679487179,1.397025641025641,33.62210248636364,72.95504583636364
1354358040,1.0,3.0,1.21,33.62209632051282,72.95504764615384,609.0443589743589,8.730872743589744,1.396820512820513,33.62210282727273,72.95504572727273
1354358040,1.0,3.0,1.21,33.62209651538461,72.95504758461539,609.0407692307692,8.729654807692308,1.3966153846153846,33.622103168181816,72.95504561818183
1354358040,1.0,3.0,1.21,33.62209671025641,72.95504752307693,609.0371794871795,8.728436871794871,1.3964102564102563,33.622103509090906,72.95504550909091
1354398024,1.0,3.0,1.21,33.6220969051282,72.95504746153846,609.0335897435897,8.727218935897437,1.3962051282051282,33.62210385,72.9550454
1354398024,1.0,3.0,1.21,33.6220971,72.9550474,609.03,8.726001,1.396,33.62210419090909,72.9550452909091
1354398024,1.0,3.0,1.21,33.62209729358974,72.95504733846154,609.0265384615384,8.72434714102564,1.3956923076923076,33.62210453181818,72.95504518181818
1354398024,1.0,3.0,1.21,33.62209748717949,72.95504727692307,609.0230769230769,8.722693282051281,1.3953846153846152,33.62210487272727,72.95504507272727
1354438008,1.0,3.0,1.21,33.62209768076923,72.95504721538461,609.0196153846153,8.721039423076924,1.3950769230769229,33.62210521363636,72.95504496363637
1354438008,1.0,3.0,1.21,33.62209787435897,72.95504715384615,609.0161538461538,8.719385564102565,1.3947692307692308,33.622105554545456,72.95504485454546
1354458000,1.0,3.0,1.21,33.62209806794871,72.9550470923077,609.0126923076923,8.717731705128205,1.3944615384615384,33.622105895454546,72.95504474545454
1354458000,1.0,3.0,1.21,33.62209826153846,72.95504703076922,609.0092307692307,8.716077846153846,1.394153846153846,33.622106236363635,72.95504463636364
1354458000,1.0,3.0,1.21,33.6220984551282,72.95504696923076,609.0057692307693,8.714423987179487,1.3938461538461535,33.622106577272724,72.95504452727273
1354458000,1.0,3.0,1.21,33.622098648717945,72.9550469076923,609.0023076923077,8.712770128205129,1.3935384615384614,33.62210691818182,72.95504441818183
1354458000,1.0,3.0,1.21,33.62209884230769,72.95504684615385,608.9988461538461,8.71111626923077,1.3932307692307693,33.62210725909091,72.95504430909091
1354458000,1.0,3.0,1.21,33.622099035897435,72.95504678461538,608.9953846153846,8.70946241025641,1.392923076923077,33.6221076,72.9550442
1354458000,1.0,3.0,1.21,33.622099229487176,72.95504672307692,608.9919230769231,8.707808551282051,1.3926153846153846,33.62210782058823,72.95504412941177
1354458000,1.0,3.0,1.21,33.62209942307692,72.95504666153846,608.9884615384615,8.706154692307692,1.3923076923076922,33.62210804117647,72.95504405882353
1354458000,1.0,3.0,1.21,33.62209961666667,72.9550466,608.985,8.704500833333334,1.392,33.62210826176471,72.9550439882353
1354458000,1.0,3.0,1.21,33.62209981025641,72.95504653846153,608.9815384615384,8.702846974358975,1.3916923076923076,33.62210848235294,72.95504391764706
1354458000,1.0,3.0,1.21,33.62210000384615,72.95504647692307,608.9780769230769,8.701193115384616,1.3913846153846152,33.622108702941176,72.95504384705883
1354458000,1.0,3.0,1.21,33.6221001974359,72.95504641538461,608.9746153846154,8.699539256410256,1.391076923076923,33.62210892352941,72.95504377647059
1354458000,1.0,3.0,1.21,33.62210039102564,72.95504635384616,608.9711538461538,8.697885397435897,1.3907692307692308,33.622109144117644,72.95504370588236
1354458000,1.0,3.0,1.21,33.62210058461538,72.95504629230769,608.9676923076922,8.696231538461538,1.3904615384615384,33.622109364705885,72.95504363529412
1354458000,1.0,3.0,1.21,33.62210077820512,72.95504623076923,608.9642307692308,8.69457767948718,1.390153846153846,33.62210958529412,72.95504356470589
1354458000,1.0,3.0,1.21,33.62210097179487,72.95504616923077,608.9607692307692,8.69292382051282,1.3898461538461535,33.62210980588235,72.95504349411765
1354458000,1.0,3.0,1.21,33.62210116538461,72.95504610769231,608.9573076923077,8.691269961538461,1.3895384615384616,33.62211002647059,72.95504342352942
1354458000,1.0,3.0,1.21,33.622101358974355,72.95504604615384,608.9538461538461,8.689616102564102,1.3892307692307693,33.62211024705882,72.95504335294117
1354458000,1.0,3.0,1.21,33.6221015525641,72.95504598461538,608.9503846153846,8.687962243589743,1.388923076923077,33.62211046764706,72.95504328235295
1354458000,1.0,3.0,1.21,33.622101746153845,72.95504592307692,608.9469230769231,8.686308384615385,1.3886153846153846,33.622110688235296,72.9550432117647
1354458000,1.0,3.0,1.21,33.62210193974359,72.95504586153847,608.9434615384615,8.684654525641026,1.3883076923076922,33.62211090882353,72.95504314117647
1354458000,1.0,3.0,1.21,33.62210213333333,72.9550458,608.9399999999999,8.683000666666667,1.388,33.62211112941176,72.95504307058823
1354458000,1.0,3.0,1.21,33.62210232692308,72.95504573846154,608.9365384615385,8.681346807692307,1.3876923076923076,33.62211135,72.955043
1354458000,1.0,3.0,1.21,33.62210252051282,72.95504567692308,608.9330769230769,8.679692948717948,1.3873846153846154,33.62211157058824,72.95504292941177
1354458000,1.0,3.0,1.21,33.62210271410256,72.95504561538462,608.9296153846153,8.67803908974359,1.387076923076923,33.62211179117647,72.95504285882353
1354458000,1.0,3.0,1.21,33.6221029076923,72.95504555384615,608.9261538461539,8.676385230769231,1.3867692307692308,33.622112011764706,72.9550427882353
1354458000,1.0,3.0,1.21,33.62210310128205,72.95504549230769,608.9226923076923,8.674731371794872,1.3864615384615384,33.62211223235294,72.95504271764706
1354458000,1.0,3.0,1.21,33.62210329487179,72.95504543076923,608.9192307692307,8.673077512820512,1.386153846153846,33.62211245294118,72.95504264705883
1354458000,1.0,3.0,1.21,33.62210348846153,72.95504536923077,608.9157692307692,8.671423653846153,1.385846153846154,33.622112673529415,72.95504257647059
1354458000,1.0,3.0,1.21,33.62210368205128,72.9550453076923,608.9123076923076,8.669769794871796,1.3855384615384616,33.62211289411765,72.95504250588236
1354458000,1.0,3.0,1.21,33.622103875641024,72.95504524615384,608.9088461538462,8.668115935897436,1.3852307692307693,33.62211311470588,72.95504243529412
1354458000,1.0,3.0,1.21,33.622104069230765,72.95504518461539,608.9053846153846,8.666462076923077,1.384923076923077,33.62211333529412,72.95504236470589
1354458000,1.0,3.0,1.21,33.62210426282051,72.95504512307693,608.901923076923,8.664808217948718,1.3846153846153846,33.62211355588236,72.95504229411765
1354477992,1.0,3.0,1.21,33.622104456410256,72.95504506153846,608.8984615384616,8.663154358974358,1.3843076923076922,33.62211377647059,72.95504222352942
1354477992,1.0,3.0,1.21,33.62210465,72.955045,608.895,8.661500499999999,1.384,33.622113997058825,72.95504215294118
1354517976,1.0,3.0,1.21,33.62210484358974,72.95504493846154,608.8915384615384,8.659846641025641,1.3836923076923078,33.62211421764706,72.95504208235295
1354517976,1.0,3.0,1.21,33.62210503717949,72.95504487692307,608.8880769230769,8.658192782051282,1.3833846153846154,33.62211443823529,72.9550420117647
1354557960,1.0,3.0,1.21,33.62210523076923,72.95504481538461,608.8846153846154,8.656538923076923,1.383076923076923,33.622114658823534,72.95504194117648
1354557960,1.0,3.0,1.21,33.62210542435897,72.95504475384615,608.8811538461538,8.654885064102563,1.3827692307692308,33.62211487941177,72.95504187058823
1354557960,1.0,3.0,1.21,33.62210561794871,72.9550446923077,608.8776923076923,8.653231205128204,1.3824615384615384,33.6221151,72.9550418
1354557960,1.0,3.0,1.21,33.62210581153846,72.95504463076922,608.8742307692307,8.651577346153847,1.3821538461538465,33.62211521044777,72.95504176567165
1354557960,1.0,3.0,1.21,33.6221060051282,72.95504456923076,608.8707692307693,8.649923487179487,1.381846153846154,33.622115320895524,72.95504173134329
1354557960,1.0,3.0,1.21,33.622106198717944,72.9550445076923,608.8673076923077,8.648269628205128,1.3815384615384616,33.62211543134329,72.95504169701493
1354557960,1.0,3.0,1.21,33.62210639230769,72.95504444615385,608.8638461538461,8.646615769230769,1.3812307692307693,33.62211554179105,72.95504166268657
1354557960,1.0,3.0,1.21,33.622106585897434,72.95504438461538,608.8603846153846,8.64496191025641,1.380923076923077,33.62211565223881,72.95504162835822
1354557960,1.0,3.0,1.21,33.622106779487176,72.95504432307692,608.8569230769231,8.643308051282052,1.3806153846153846,33.62211576268657,72.95504159402985
1354557960,1.0,3.0,1.21,33.62210697307692,72.95504426153846,608.8534615384615,8.641654192307692,1.3803076923076922,33.622115873134334,72.9550415597015
1354557960,1.0,3.0,1.21,33.622107166666666,72.9550442,608.85,8.640000333333333,1.38,33.62211598358209,72.95504152537313
1354557960,1.0,3.0,1.21,33.62210736025641,72.95504413846153,608.8465384615384,8.638346474358974,1.3796923076923078,33.622116094029856,72.95504149104478
1354557960,1.0,3.0,1.21,33.62210755384615,72.95504407692307,608.8430769230769,8.636692615384614,1.3793846153846154,33.622116204477614,72.95504145671642
1354557960,1.0,3.0,1.21,33.6221077474359,72.95504401538462,608.8396153846154,8.635038756410257,1.379076923076923,33.62211631492538,72.95504142238806
1354557960,1.0,3.0,1.21,33.62210794102564,72.95504395384616,608.8361538461538,8.633384897435898,1.3787692307692307,33.622116425373136,72.9550413880597
1354557960,1.0,3.0,1.21,33.62210813461538,72.95504389230769,608.8326923076922,8.631731038461538,1.3784615384615386,33.6221165358209,72.95504135373135
1354557960,1.0,3.0,1.21,33.62210832820512,72.95504383076923,608.8292307692308,8.630077179487179,1.3781538461538465,33.62211664626866,72.955041319403
1354557960,1.0,3.0,1.21,33.62210852179487,72.95504376923077,608.8257692307692,8.62842332051282,1.377846153846154,33.62211675671642,72.95504128507463
1354557960,1.0,3.0,1.21,33.62210871538461,72.95504370769231,608.8223076923077,8.626769461538462,1.3775384615384616,33.62211686716418,72.95504125074628
1354557960,1.0,3.0,1.21,33.622108908974354,72.95504364615384,608.8188461538462,8.625115602564103,1.3772307692307693,33.622116977611945,72.95504121641791
1354557960,1.0,3.0,1.21,33.622109102564096,72.95504358461538,608.8153846153846,8.623461743589743,1.376923076923077,33.6221170880597,72.95504118208956
1354557960,1.0,3.0,1.21,33.622109296153845,72.95504352307692,608.8119230769231,8.621807884615384,1.3766153846153846,33.62211719850747,72.9550411477612
1354557960,1.0,3.0,1.21,33.622109489743586,72.95504346153847,608.8084615384615,8.620154025641025,1.3763076923076925,33.622117308955225,72.95504111343284
1354557960,1.0,3.0,1.21,33.62210968333333,72.9550434,608.805,8.618500166666667,1.376,33.62211741940299,72.95504107910448
1354557960,1.0,3.0,1.21,33.62210987692308,72.95504333846154,608.8015384615385,8.616846307692308,1.3756923076923078,33.62211752985075,72.95504104477612
1354557960,1.0,3.0,1.21,33.62211007051282,72.95504327692308,608.7980769230769,8.615192448717949,1.3753846153846154,33.62211764029851,72.95504101044776
1354557960,1.0,3.0,1.21,33.62211026410256,72.95504321538462,608.7946153846153,8.61353858974359,1.375076923076923,33.62211775074627,72.9550409761194
1354557960,1.0,3.0,1.21,33.6221104576923,72.95504315384615,608.7911538461539,8.61188473076923,1.374769230769231,33.622117861194035,72.95504094179104
1354557960,1.0,3.0,1.21,33.62211065128205,72.95504309230769,608.7876923076923,8.61023087179487,1.3744615384615386,33.62211797164179,72.95504090746269
1354557960,1.0,3.0,1.21,33.62211084487179,72.95504303076923,608.7842307692307,8.608577012820513,1.3741538461538465,33.62211808208956,72.95504087313434
1354557960,1.0,3.0,1.21,33.62211103846153,72.95504296923077,608.7807692307692,8.606923153846154,1.373846153846154,33.622118192537314,72.95504083880597
1354557960,1.0,3.0,1.21,33.62211123205128,72.9550429076923,608.7773076923077,8.605269294871794,1.3735384615384616,33.62211830298508,72.95504080447762
1354557960,1.0,3.0,1.21,33.62211142564102,72.95504284615384,608.7738461538462,8.603615435897435,1.3732307692307693,33.62211841343284,72.95504077014925
1354557960,1.0,3.0,1.21,33.622111619230765,72.95504278461539,608.7703846153846,8.601961576923076,1.372923076923077,33.6221185238806,72.9550407358209
1354557960,1.0,3.0,1.21,33.622111812820506,72.95504272307693,608.766923076923,8.600307717948718,1.3726153846153848,33.62211863432836,72.95504070149254
1354587948,1.0,3.0,1.21,33.622112006410255,72.95504266153846,608.7634615384616,8.598653858974359,1.3723076923076925,33.622118744776124,72.95504066716418
1354597944,1.0,3.0,1.21,33.6221122,72.9550426,608.76,8.597,1.372,33.62211885522388,72.95504063283582
1354597944,1.0,3.0,1.21,33.6221123804878,72.95504254390244,608.7565853658537,8.594987804878048,1.37159756097561,33.622118965671646,72.95504059850747
1354597944,1.0,3.0,1.21,33.62211256097561,72.95504248780487,608.7531707317073,8.592975609756097,1.3711951219512195,33.622119076119404,72.9550405641791
1354597944,1.0,3.0,1.21,33.62211274146341,72.95504243170731,608.749756097561,8.590963414634146,1.370792682926829,33.62211918656717,72.95504052985075
1354637928,1.0,3.0,1.21,33.622112921951214,72.95504237560975,608.7463414634146,8.588951219512195,1.3703902439024391,33.622119297014926,72.95504049552238
1354637928,1.0,3.0,1.21,33.62211310243902,72.95504231951219,608.7429268292683,8.586939024390244,1.369987804878049,33.62211940746269,72.95504046119403
1354657920,1.0,3.0,1.21,33.622113282926826,72.95504226341464,608.739512195122,8.584926829268293,1.3695853658536583,33.62211951791045,72.95504042686566
1354657920,1.0,3.0,1.21,33.62211346341463,72.95504220731708,608.7360975609756,8.582914634146341,1.3691829268292683,33.62211962835821,72.95504039253731
1354657920,1.0,3.0,1.21,33.62211364390244,72.95504215121952,608.7326829268293,8.58090243902439,1.3687804878048782,33.62211973880597,72.95504035820896
1354657920,1.0,3.0,1.21,33.62211382439024,72.95504209512195,608.729268292683,8.578890243902439,1.368378048780488,33.622119849253735,72.9550403238806
1354657920,1.0,3.0,1.21,33.62211400487804,72.95504203902439,608.7258536585366,8.576878048780488,1.3679756097560976,33.62211995970149,72.95504028955224
1354657920,1.0,3.0,1.21,33.62211418536585,72.95504198292683,608.7224390243903,8.574865853658537,1.3675731707317074,33.62212007014926,72.95504025522388
1354657920,1.0,3.0,1.21,33.622114365853655,72.95504192682927,608.7190243902439,8.572853658536586,1.3671707317073172,33.622120180597015,72.95504022089553
1354657920,1.0,3.0,1.21,33.62211454634146,72.9550418707317,608.7156097560976,8.570841463414634,1.366768292682927,33.62212029104478,72.95504018656716
1354657920,1.0,3.0,1.21,33.62211472682927,72.95504181463414,608.7121951219513,8.568829268292683,1.3663658536585366,33.62212040149254,72.95504015223881
1354657920,1.0,3.0,1.21,33.62211490731707,72.95504175853658,608.7087804878049,8.566817073170732,1.3659634146341464,33.6221205119403,72.95504011791044
1354657920,1.0,3.0,1.21,33.62211508780487,72.95504170243902,608.7053658536586,8.56480487804878,1.3655609756097562,33.62212062238806,72.95504008358209
1354657920,1.0,3.0,1.21,33.62211526829268,72.95504164634146,608.7019512195122,8.56279268292683,1.365158536585366,33.622120732835825,72.95504004925372
1354657920,1.0,3.0,1.21,33.622115448780484,72.95504159024391,608.6985365853659,8.560780487804879,1.3647560975609756,33.62212084328358,72.95504001492537
1354657920,1.0,3.0,1.21,33.622115629268286,72.95504153414635,608.6951219512196,8.558768292682927,1.3643536585365854,33.62212095373135,72.95503998059701
1354657920,1.0,3.0,1.21,33.622115809756096,72.95504147804878,608.6917073170732,8.556756097560976,1.3639512195121952,33.622121064179105,72.95503994626866
1354657920,1.0,3.0,1.21,33.6221159902439,72.95504142195122,608.6882926829268,8.554743902439023,1.363548780487805,33.62212117462687,72.9550399119403
1354657920,1.0,3.0,1.21,33.62211617073171,72.95504136585366,608.6848780487804,8.552731707317072,1.3631463414634146,33.62212128507463,72.95503987761194
1354657920,1.0,3.0,1.21,33.62211635121951,72.9550413097561,608.6814634146341,8.550719512195121,1.3627439024390244,33.62212139552239,72.95503984328359
1354657920,1.0,3.0,1.21,33.62211653170731,72.95504125365854,608.6780487804878,8.54870731707317,1.3623414634146342,33.62212150597015,72.95503980895522
1354657920,1.0,3.0,1.21,33.62211671219512,72.95504119756097,608.6746341463414,8.546695121951219,1.361939024390244,33.622121616417914,72.95503977462687
1354657920,1.0,3.0,1.21,33.622116892682925,72.95504114146341,608.6712195121951,8.544682926829267,1.3615365853658536,33.62212172686567,72.9550397402985
1354657920,1.0,3.0,1.21,33.62211707317073,72.95504108536585,608.6678048780487,8.542670731707316,1.3611341463414637,33.62212183731344,72.95503970597015
1354657920,1.0,3.0,1.21,33.62211725365854,72.95504102926829,608.6643902439024,8.540658536585365,1.3607317073170733,33.622121947761194,72.95503967164179
1354657920,1.0,3.0,1.21,33.62211743414634,72.95504097317072,608.6609756097561,8.538646341463414,1.360329268292683,33.62212205820896,72.95503963731343
1354657920,1.0,3.0,1.21,33.62211761463414,72.95504091707318,608.6575609756097,8.536634146341463,1.359926829268293,33.62212216865672,72.95503960298507
1354657920,1.0,3.0,1.21,33.62211779512195,72.95504086097561,608.6541463414634,8.534621951219512,1.3595243902439025,33.62212227910448,72.95503956865672
1354657920,1.0,3.0,1.21,33.622117975609754,72.95504080487805,608.650731707317,8.53260975609756,1.3591219512195123,33.62212238955224,72.95503953432835
1354657920,1.0,3.0,1.21,33.62211815609756,72.95504074878049,608.6473170731707,8.53059756097561,1.358719512195122,33.6221225,72.9550395
1354657920,1.0,3.0,1.21,33.622118336585366,72.95504069268293,608.6439024390244,8.528585365853658,1.3583170731707317,33.622122865,72.95503938499999
1354657920,1.0,3.0,1.21,33.62211851707317,72.95504063658537,608.640487804878,8.526573170731707,1.3579146341463415,33.62212323,72.95503927
1354657920,1.0,3.0,1.21,33.62211869756097,72.9550405804878,608.6370731707317,8.524560975609756,1.357512195121951,33.622123595000005,72.955039155
1354657920,1.0,3.0,1.21,33.62211887804878,72.95504052439024,608.6336585365854,8.522548780487805,1.3571097560975611,33.62212396,72.95503904
1354657920,1.0,3.0,1.21,33.62211905853658,72.95504046829268,608.630243902439,8.520536585365853,1.3567073170731707,33.622124325,72.955038925
1354677912,1.0,3.0,1.21,33.622119239024386,72.95504041219512,608.6268292682927,8.518524390243902,1.3563048780487803,33.62212469000001,72.95503881
1354677912,1.0,3.0,1.21,33.622119419512195,72.95504035609756,608.6234146341463,8.516512195121951,1.3559024390243903,33.622125055000005,72.955038695
1354717896,1.0,3.0,1.21,33.6221196,72.95504030000001,608.62,8.5145,1.3555,33.62212542,72.95503858000001
1354717896,1.0,3.0,1.21,33.6221197804878,72.95504024390245,608.6165853658537,8.512487804878049,1.3550975609756095,33.622125785,72.955038465
1354757880,1.0,3.0,1.21,33.62211996097561,72.95504018780488,608.6131707317073,8.510475609756098,1.3546951219512195,33.62212615,72.95503835
1354757880,1.0,3.0,1.21,33.62212014146341,72.95504013170732,608.609756097561,8.508463414634146,1.3542926829268294,33.622126515000005,72.955038235
1354757880,1.0,3.0,1.21,33.622120321951215,72.95504007560976,608.6063414634147,8.506451219512195,1.353890243902439,33.62212688,72.95503812
1354757880,1.0,3.0,1.21,33.622120502439024,72.9550400195122,608.6029268292683,8.504439024390244,1.3534878048780488,33.622127245,72.955038005
1354757880,1.0,3.0,1.21,33.62212068292683,72.95503996341463,608.599512195122,8.502426829268293,1.3530853658536586,33.62212761000001,72.95503789
1354757880,1.0,3.0,1.21,33.62212086341463,72.95503990731707,608.5960975609756,8.500414634146342,1.3526829268292684,33.622127975000005,72.95503777500001
1354757880,1.0,3.0,1.21,33.62212104390244,72.95503985121951,608.5926829268293,8.49840243902439,1.352280487804878,33.62212834,72.95503766
1354757880,1.0,3.0,1.21,33.62212122439024,72.95503979512195,608.589268292683,8.49639024390244,1.3518780487804878,33.622128705,72.95503754500001
1354757880,1.0,3.0,1.21,33.622121404878044,72.95503973902439,608.5858536585366,8.494378048780488,1.3514756097560976,33.62212907,72.95503743
1354757880,1.0,3.0,1.21,33.62212158536585,72.95503968292682,608.5824390243903,8.492365853658537,1.3510731707317074,33.622129435000005,72.95503731500001
1354757880,1.0,3.0,1.21,33.622121765853656,72.95503962682928,608.579024390244,8.490353658536586,1.350670731707317,33.6221298,72.9550372
1354757880,1.0,3.0,1.21,33.62212194634146,72.95503957073171,608.5756097560976,8.488341463414635,1.3502682926829268,33.622129920000006,72.95503716333334
1354757880,1.0,3.0,1.21,33.62212212682927,72.95503951463415,608.5721951219513,8.486329268292684,1.3498658536585366,33.62213004,72.95503712666667
1354757880,1.0,3.0,1.21,33.62212230731707,72.95503945853659,608.5687804878049,8.484317073170732,1.3494634146341464,33.622130160000005,72.95503709
1354757880,1.0,3.0,1.21,33.62212248780487,72.95503940243903,608.5653658536586,8.482304878048781,1.349060975609756,33.62213028,72.95503705333334
1354757880,1.0,3.0,1.21,33.62212266829268,72.95503934634147,608.5619512195123,8.48029268292683,1.3486585365853658,33.6221304,72.95503701666667
1354757880,1.0,3.0,1.21,33.622122848780485,72.9550392902439,608.5585365853659,8.478280487804879,1.3482560975609756,33.622130520000006,72.95503698
1354757880,1.0,3.0,1.21,33.62212302926829,72.95503923414634,608.5551219512196,8.476268292682928,1.3478536585365857,33.62213064,72.95503694333334
1354757880,1.0,3.0,1.21,33.6221232097561,72.95503917804878,608.5517073170732,8.474256097560977,1.347451219512195,33.622130760000005,72.95503690666668
1354757880,1.0,3.0,1.21,33.6221233902439,72.95503912195122,608.5482926829268,8.472243902439024,1.3470487804878049,33.62213088,72.95503687
1354757880,1.0,3.0,1.21,33.62212357073171,72.95503906585365,608.5448780487804,8.470231707317073,1.3466463414634149,33.622131,72.95503683333334
