Time,Status,IMU_GyrX,IMU_GyrY,IMU_GyrZ,RATE_R,RATE_P,RATE_Y,ATT_Roll,ATT_Pitch,ATT_Yaw
180394480,0.0,-0.0024670319459459,0.0210469397297297,0.0025602414594594,-0.215753529032258,0.7814847258064516,0.0497277616129032,0.3112765957446808,-28.161489361702127,168.34
180394480,0.0,-0.0024787525135135,0.0205789275675675,0.0025585961351351,-0.2216349516129032,0.7758267403225806,0.0492777756451612,0.3108510638297872,-28.157659574468084,168.34
180394480,0.0,-0.002490473081081,0.0201109154054054,0.0025569508108108,-0.2275163741935484,0.7701687548387096,0.0488277896774193,0.3104255319148936,-28.15382978723404,168.34
180394480,0.0,-0.0025021936486486,0.0196429032432432,0.0025553054864864,-0.2333977967741935,0.7645107693548387,0.0483778037096774,0.31,-28.15,168.34
180394480,0.0,-0.0025139142162162,0.019174891081081,0.0025536601621621,-0.2392792193548387,0.7588527838709678,0.0479278177419354,0.3091176470588235,-28.15058823529412,168.34
180394480,0.0,-0.0025256347837837,0.0187068789189189,0.0025520148378378,-0.2451606419354838,0.7531947983870968,0.0474778317741935,0.308235294117647,-28.15117647058824,168.34
180394480,0.0,-0.0025373553513513,0.0182388667567567,0.0025503695135135,-0.251042064516129,0.7475368129032258,0.0470278458064516,0.3073529411764706,-28.15176470588236,168.34
180394480,0.0,-0.0025490759189189,0.0177708545945946,0.0025487241891891,-0.2569234870967742,0.7418788274193548,0.0465778598387096,0.3064705882352941,-28.15235294117647,168.34
180394480,0.0,-0.0025607964864864,0.0173028424324324,0.0025470788648648,-0.2628049096774194,0.7362208419354839,0.0461278738709677,0.3055882352941176,-28.152941176470588,168.34
180394480,0.0,-0.002572517054054,0.0168348302702702,0.0025454335405405,-0.2686863322580645,0.7305628564516129,0.0456778879032258,0.3047058823529411,-28.153529411764705,168.34
180394480,0.0,-0.0025842376216216,0.0163668181081081,0.0025437882162162,-0.2745677548387096,0.7249048709677419,0.0452279019354838,0.3038235294117647,-28.154117647058825,168.34
180394480,0.0,-0.0025959581891891,0.0158988059459459,0.0025421428918918,-0.2804491774193548,0.719246885483871,0.0447779159677419,0.3029411764705882,-28.15470588235294,168.34
180394480,0.0,-0.0026076787567567,0.0154307937837837,0.0025404975675675,-0.2863306,0.7135889,0.04432793,0.3020588235294117,-28.15529411764706,168.34
180394480,0.0,-0.0026193993243243,0.0149627816216216,0.0025388522432432,-0.2854957125,0.681729535,0.04369803125,0.3011764705882353,-28.155882352941177,168.34
180394480,0.0,-0.0026311198918918,0.0144947694594594,0.0025372069189189,-0.284660825,0.64987017,0.0430681325,0.3002941176470588,-28.15647058823529,168.34
180394480,0.0,-0.0026428404594594,0.0140267572972972,0.0025355615945945,-0.2838259375,0.6180108049999999,0.04243823375,0.2994117647058824,-28.15705882352941,168.34
180394480,0.0,-0.002654561027027,0.0135587451351351,0.0025339162702702,-0.28299105,0.58615144,0.041808335,0.2985294117647059,-28.157647058823528,168.34
180394480,0.0,-0.0026662815945945,0.0130907329729729,0.0025322709459459,-0.2821561625,0.554292075,0.04117843625,0.2976470588235294,-28.158235294117645,168.34
180394480,0.0,-0.0026780021621621,0.0126227208108108,0.0025306256216216,-0.281321275,0.5224327099999999,0.0405485375,0.2967647058823529,-28.15882352941177,168.34
180394480,0.0,-0.0026897227297297,0.0121547086486486,0.0025289802972972,-0.2804863875,0.4905733449999999,0.03991863875,0.2958823529411765,-28.159411764705883,168.34
180394480,0.0,-0.0027014432972972,0.0116866964864864,0.0025273349729729,-0.2796515,0.4587139799999999,0.03928874,0.295,-28.16,168.34
180394480,0.0,-0.0027131638648648,0.0112186843243243,0.0025256896486486,-0.2788166125,0.426854615,0.03865884125,0.2941176470588235,-28.16058823529412,168.34
180394480,0.0,-0.0027248844324324,0.0107506721621621,0.0025240443243243,-0.277981725,0.3949952499999999,0.0380289425,0.2932352941176471,-28.161176470588234,168.34
180414472,0.0,-0.002736605,0.01028266,0.002522399,-0.2771468375,0.3631358849999999,0.03739904375,0.2923529411764706,-28.161764705882355,168.34
180414472,0.0,-0.00268913,0.009976392,0.002654672,-0.27631195,0.3312765199999999,0.036769145,0.2914705882352941,-28.162352941176472,168.34
180454456,0.0,-0.002677879,-0.001804786,0.002365764,-0.2754770625,0.299417155,0.03613924625,0.2905882352941176,-28.16294117647059,168.34
180454456,0.0,-0.002521232,-0.001743988,0.002357213,-0.274642175,0.2675577899999999,0.0355093474999999,0.2897058823529412,-28.163529411764703,168.34
180494440,0.0,-0.0024455856666666,-0.0036353453333333,0.002289118,-0.2738072875,0.2356984249999999,0.03487944875,0.2888235294117647,-28.164117647058823,168.34
180494440,0.0,-0.0023699393333333,-0.0055267026666666,0.002221023,-0.2729724,0.2038390599999999,0.03424955,0.2879411764705882,-28.16470588235294,168.34
180494440,0.0,-0.002294293,-0.00741806,0.002152928,-0.2721375125,0.171979695,0.03361965125,0.2870588235294118,-28.16529411764706,168.34
180494440,0.0,-0.0022696003636363,-0.007406917,0.0021494198181818,-0.271302625,0.14012033,0.0329897525,0.2861764705882353,-28.16588235294118,168.34
180494440,0.0,-0.0022449077272727,-0.007395774,0.0021459116363636,-0.2704677375,0.1082609649999999,0.03235985375,0.2852941176470588,-28.16647058823529,168.34
180494440,0.0,-0.002220215090909,-0.007384631,0.0021424034545454,-0.26963285,0.0764015999999999,0.031729955,0.2844117647058823,-28.167058823529413,168.34
180494440,0.0,-0.0021955224545454,-0.007373488,0.0021388952727272,-0.2687979625,0.0445422349999999,0.03110005625,0.2835294117647059,-28.16764705882353,168.34
180494440,0.0,-0.0021708298181818,-0.007362345,0.002135387090909,-0.267963075,0.0126828699999999,0.0304701574999999,0.2826470588235294,-28.168235294117647,168.34
180494440,0.0,-0.0021461371818181,-0.0073512019999999,0.0021318789090909,-0.2671281875,-0.019176495,0.02984025875,0.281764705882353,-28.168823529411767,168.34
180494440,0.0,-0.0021214445454545,-0.0073400589999999,0.0021283707272727,-0.2662933,-0.05103586,0.0292103599999999,0.2808823529411764,-28.169411764705885,168.34
180494440,0.0,-0.0020967519090909,-0.0073289159999999,0.0021248625454545,-0.2654584125,-0.082895225,0.0285804612499999,0.28,-28.17,168.34
180494440,0.0,-0.0020720592727272,-0.007317773,0.0021213543636363,-0.264623525,-0.1147545899999999,0.0279505624999999,0.2798360655737705,-28.17081967213115,168.34
180494440,0.0,-0.0020473666363636,-0.00730663,0.0021178461818181,-0.2637886375,-0.146613955,0.0273206637499999,0.279672131147541,-28.171639344262296,168.34
180494440,0.0,-0.002022674,-0.007295487,0.002114338,-0.26295375,-0.17847332,0.0266907649999999,0.2795081967213115,-28.172459016393443,168.34
180494440,0.0,-0.0020260946956521,-0.0074100369565217,0.0021082361304347,-0.2621188625,-0.210332685,0.02606086625,0.2793442622950819,-28.17327868852459,168.34
180494440,0.0,-0.0020295153913043,-0.0075245869130434,0.0021021342608695,-0.261283975,-0.2421920500000001,0.0254309675,0.2791803278688525,-28.17409836065574,168.34
180494440,0.0,-0.0020329360869565,-0.0076391368695652,0.0020960323913043,-0.2604490875,-0.2740514150000001,0.02480106875,0.2790163934426229,-28.174918032786888,168.34
180494440,0.0,-0.0020363567826086,-0.0077536868260869,0.0020899305217391,-0.2596142,-0.30591078,0.02417117,0.2788524590163935,-28.175737704918035,168.34
180494440,0.0,-0.0020397774782608,-0.0078682367826086,0.0020838286521739,-0.2587793125,-0.3377701450000001,0.02354127125,0.2786885245901639,-28.176557377049186,168.34
180494440,0.0,-0.002043198173913,-0.0079827867391304,0.0020777267826086,-0.257944425,-0.36962951,0.0229113725,0.2785245901639344,-28.17737704918033,168.34
180494440,0.0,-0.0020466188695652,-0.0080973366956521,0.0020716249130434,-0.2571095375,-0.4014888750000001,0.02228147375,0.2783606557377049,-28.17819672131148,168.34
180494440,0.0,-0.0020500395652173,-0.0082118866521739,0.0020655230434782,-0.25627465,-0.4333482399999999,0.021651575,0.2781967213114754,-28.179016393442623,168.34
180494440,0.0,-0.0020534602608695,-0.0083264366086956,0.002059421173913,-0.2554397625,-0.465207605,0.02102167625,0.2780327868852459,-28.17983606557377,168.34
180494440,0.0,-0.0020568809565217,-0.0084409865652173,0.0020533193043478,-0.254604875,-0.4970669700000001,0.0203917775,0.2778688524590164,-28.18065573770492,168.34
180494440,0.0,-0.0020603016521739,-0.0085555365217391,0.0020472174347826,-0.2537699875,-0.528926335,0.01976187875,0.2777049180327869,-28.181475409836068,168.34
180494440,0.0,-0.002063722347826,-0.0086700864782608,0.0020411155652173,-0.2529351,-0.5607857,0.01913198,0.2775409836065574,-28.18229508196721,168.34
180494440,0.0,-0.0020671430434782,-0.0087846364347826,0.0020350136956521,-0.24470523,-0.5572178717948718,0.0186101043589743,0.2773770491803279,-28.18311475409836,168.34
180494440,0.0,-0.0020705637391304,-0.0088991863913043,0.0020289118260869,-0.23647536,-0.5536500435897437,0.0180882287179487,0.2772131147540984,-28.18393442622951,168.34
180494440,0.0,-0.0020739844347826,-0.009013736347826,0.0020228099565217,-0.22824549,-0.5500822153846154,0.017566353076923,0.2770491803278688,-28.184754098360656,168.34
180494440,0.0,-0.0020774051304347,-0.0091282863043478,0.0020167080869565,-0.22001562,-0.5465143871794872,0.0170444774358974,0.2768852459016394,-28.185573770491803,168.34
180494440,0.0,-0.0020808258260869,-0.0092428362608695,0.0020106062173913,-0.21178575,-0.5429465589743591,0.0165226017948717,0.2767213114754098,-28.18639344262295,168.34
180494440,0.0,-0.0020842465217391,-0.0093573862173913,0.002004504347826,-0.20355588,-0.5393787307692308,0.0160007261538461,0.2765573770491804,-28.187213114754098,168.34
180494440,0.0,-0.0020876672173913,-0.009471936173913,0.0019984024782608,-0.19532601,-0.5358109025641026,0.0154788505128205,0.2763934426229508,-28.18803278688525,168.34
180494440,0.0,-0.0020910879130434,-0.0095864861304347,0.0019923006086956,-0.18709614,-0.5322430743589744,0.0149569748717948,0.2762295081967213,-28.188852459016395,168.34
180494440,0.0,-0.0020945086086956,-0.0097010360869565,0.0019861987391304,-0.17886627,-0.5286752461538462,0.0144350992307692,0.2760655737704918,-28.189672131147542,168.34
180499438,0.0,-0.0020979293043478,-0.0098155860434782,0.0019800968695652,-0.1706364,-0.525107417948718,0.0139132235897435,0.2759016393442623,-28.19049180327869,168.34
180534424,0.0,-0.00210135,-0.009930136,0.001973995,-0.16240653,-0.5215395897435898,0.0133913479487179,0.2757377049180328,-28.19131147540984,168.34
180534424,0.0,-0.002215358,-0.009696748,0.001938637,-0.15417666,-0.5179717615384616,0.0128694723076923,0.2755737704918033,-28.192131147540984,168.34
180574408,0.0,-0.0002344154,-0.007980626,0.001683563,-0.14594679,-0.5144039333333333,0.0123475966666666,0.2754098360655738,-28.19295081967213,168.34
180574408,0.0,-0.0002761075,-0.007930152,0.001818756,-0.13771692,-0.5108361051282052,0.011825721025641,0.2752459016393442,-28.19377049180328,168.34
180594400,0.0,-0.0002676423386111,-0.0078963180833333,0.0018075490555555,-0.12948705,-0.507268276923077,0.0113038453846153,0.2750819672131148,-28.194590163934425,168.34
180594400,0.0,-0.0002591771772222,-0.0078624841666666,0.0017963421111111,-0.12125718,-0.5037004487179487,0.0107819697435897,0.2749180327868852,-28.195409836065576,168.34
180594400,0.0,-0.0002507120158333,-0.00782865025,0.0017851351666666,-0.11302731,-0.5001326205128206,0.0102600941025641,0.2747540983606558,-28.196229508196723,168.34
180594400,0.0,-0.0002422468544444,-0.0077948163333333,0.0017739282222222,-0.10479744,-0.4965647923076923,0.0097382184615384,0.2745901639344262,-28.19704918032787,168.34
180594400,0.0,-0.0002337816930555,-0.0077609824166666,0.0017627212777777,-0.09656757,-0.4929969641025641,0.0092163428205128,0.2744262295081967,-28.197868852459017,168.34
180594400,0.0,-0.0002253165316666,-0.0077271484999999,0.0017515143333333,-0.0883377,-0.4894291358974359,0.0086944671794871,0.2742622950819672,-28.198688524590164,168.34
180594400,0.0,-0.0002168513702777,-0.0076933145833333,0.0017403073888888,-0.08010783,-0.4858613076923077,0.0081725915384615,0.2740983606557377,-28.19950819672131,168.34
180594400,0.0,-0.0002083862088888,-0.0076594806666666,0.0017291004444444,-0.07187796,-0.4822934794871795,0.0076507158974358,0.2739344262295082,-28.20032786885245,168.34
180594400,0.0,-0.0001999210475,-0.0076256467499999,0.0017178935,-0.06364809,-0.4787256512820513,0.0071288402564102,0.2737704918032787,-28.201147540983605,168.34
180594400,0.0,-0.0001914558861111,-0.0075918128333333,0.0017066865555555,-0.05541822,-0.4751578230769231,0.0066069646153846,0.2736065573770492,-28.201967213114752,168.34
180594400,0.0,-0.0001829907247222,-0.0075579789166666,0.0016954796111111,-0.04718835,-0.4715899948717948,0.0060850889743589,0.2734426229508196,-28.202786885245903,168.34
180594400,0.0,-0.0001745255633333,-0.0075241449999999,0.0016842726666666,-0.03895848,-0.4680221666666667,0.0055632133333333,0.2732786885245902,-28.20360655737705,168.34
180594400,0.0,-0.0001660604019444,-0.0074903110833333,0.0016730657222222,-0.03072861,-0.4644543384615385,0.0050413376923076,0.2731147540983606,-28.2044262295082,168.34
180594400,0.0,-0.0001575952405555,-0.0074564771666666,0.0016618587777777,-0.02249874,-0.4608865102564102,0.004519462051282,0.2729508196721312,-28.205245901639344,168.34
180594400,0.0,-0.0001491300791666,-0.0074226432499999,0.0016506518333333,-0.01426887,-0.457318682051282,0.0039975864102564,0.2727868852459016,-28.20606557377049,168.34
180594400,0.0,-0.0001406649177777,-0.0073888093333333,0.0016394448888888,-0.006039,-0.4537508538461539,0.0034757107692307,0.2726229508196721,-28.20688524590164,168.34
180594400,0.0,-0.0001321997563888,-0.0073549754166666,0.0016282379444444,0.00219087,-0.4501830256410256,0.0029538351282051,0.2724590163934426,-28.207704918032785,168.34
180594400,0.0,-0.000123734595,-0.0073211414999999,0.001617031,0.0104207399999999,-0.4466151974358974,0.0024319594871794,0.2722950819672131,-28.208524590163933,168.34
180594400,0.0,-0.0001152694336111,-0.0072873075833333,0.0016058240555555,0.0186506099999999,-0.4430473692307692,0.0019100838461538,0.2721311475409836,-28.209344262295083,168.34
180594400,0.0,-0.0001068042722222,-0.0072534736666666,0.0015946171111111,0.0268804799999999,-0.439479541025641,0.0013882082051282,0.2719672131147541,-28.21016393442623,168.34
180594400,0.0,-9.833911083333334e-05,-0.0072196397499999,0.0015834101666666,0.03511035,-0.4359117128205128,0.0008663325641025,0.2718032786885246,-28.210983606557377,168.34
180594400,0.0,-8.987394944444445e-05,-0.0071858058333333,0.0015722032222222,0.0433402199999999,-0.4323438846153846,0.0003444569230769,0.2716393442622951,-28.211803278688524,168.34
180594400,0.0,-8.140878805555556e-05,-0.0071519719166666,0.0015609962777777,0.0515700899999999,-0.4287760564102564,-0.0001774187179487,0.2714754098360656,-28.21262295081967,168.34
180594400,0.0,-7.294362666666665e-05,-0.0071181379999999,0.0015497893333333,0.0597999599999999,-0.4252082282051282,-0.0006992943589743,0.2713114754098361,-28.21344262295082,168.34
180594400,0.0,-6.447846527777776e-05,-0.0070843040833333,0.0015385823888888,0.06802983,-0.4216404,-0.00122117,0.2711475409836066,-28.21426229508197,168.34
180594400,0.0,-5.601330388888887e-05,-0.0070504701666666,0.0015273754444444,0.0602972504347826,-0.4052927169565217,-0.0031864034782608,0.2709836065573771,-28.21508196721312,168.34
180594400,0.0,-4.754814249999999e-05,-0.00701663625,0.0015161685,0.0525646708695652,-0.3889450339130435,-0.0051516369565217,0.2708196721311475,-28.21590163934426,168.34
180594400,0.0,-3.90829811111111e-05,-0.0069828023333333,0.0015049615555555,0.0448320913043478,-0.3725973508695652,-0.0071168704347826,0.2706557377049181,-28.21672131147541,168.34
180594400,0.0,-3.061781972222221e-05,-0.0069489684166666,0.0014937546111111,0.0370995117391304,-0.3562496678260869,-0.0090821039130434,0.2704918032786885,-28.21754098360656,168.34
180594400,0.0,-2.2152658333333324e-05,-0.0069151345,0.0014825476666666,0.029366932173913,-0.3399019847826087,-0.0110473373913043,0.270327868852459,-28.218360655737705,168.34
180594400,0.0,-1.3687496944444436e-05,-0.0068813005833333,0.0014713407222222,0.0216343526086956,-0.3235543017391304,-0.0130125708695652,0.2701639344262295,-28.21918032786885,168.34
180594400,0.0,-5.222335555555549e-06,-0.0068474666666666,0.0014601337777777,0.0139017730434782,-0.3072066186956522,-0.014977804347826,0.27,-28.22,168.34
180594400,0.0,3.2428258333333385e-06,-0.00681363275,0.0014489268333333,0.0061691934782608,-0.2908589356521739,-0.0169430378260869,0.27,-28.22142857142857,168.33952380952385
180594400,0.0,1.1707987222222226e-05,-0.0067797988333333,0.0014377198888888,-0.0015633860869565,-0.2745112526086957,-0.0189082713043478,0.27,-28.22285714285714,168.33904761904762
180594400,0.0,2.017314861111112e-05,-0.0067459649166666,0.0014265129444444,-0.0092959656521739,-0.2581635695652174,-0.0208735047826086,0.27,-28.22428571428572,168.33857142857144
180614392,0.0,2.863831e-05,-0.006712131,0.001415306,-0.0170285452173913,-0.2418158865217391,-0.0228387382608695,0.27,-28.22571428571429,168.33809523809524
180614392,0.0,0.0001006265,-0.006594441,0.001490259,-0.0247611247826086,-0.2254682034782609,-0.0248039717391304,0.27,-28.22714285714285,168.33761904761906
180654376,0.0,0.0005761488,-0.002351281,0.001406774,-0.032493704347826,-0.2091205204347826,-0.0267692052173913,0.27,-28.228571428571428,168.33714285714285
180654376,0.0,0.0003624305,-0.002296432,0.001176501,-0.0402262839130434,-0.1927728373913043,-0.0287344386956521,0.27,-28.23,168.33666666666667
180694360,0.0,0.0003568397533333,-0.0021677906333333,0.0011707009666666,-0.0479588634782608,-0.1764251543478261,-0.030699672173913,0.27,-28.23142857142857,168.3361904761905
180694360,0.0,0.0003512490066666,-0.0020391492666666,0.0011649009333333,-0.0556914430434782,-0.1600774713043478,-0.0326649056521739,0.27,-28.232857142857146,168.3357142857143
180694360,0.0,0.00034565826,-0.0019105079,0.0011591009,-0.0634240226086956,-0.1437297882608695,-0.0346301391304347,0.27,-28.234285714285715,168.3352380952381
180694360,0.0,0.0003400675133333,-0.0017818665333333,0.0011533008666666,-0.071156602173913,-0.1273821052173913,-0.0365953726086956,0.27,-28.235714285714284,168.3347619047619
180694360,0.0,0.0003344767666666,-0.0016532251666666,0.0011475008333333,-0.0788891817391304,-0.111034422173913,-0.0385606060869565,0.27,-28.237142857142857,168.33428571428573
180694360,0.0,0.00032888602,-0.0015245838,0.0011417007999999,-0.0866217613043478,-0.0946867391304348,-0.0405258395652173,0.27,-28.23857142857143,168.33380952380952
180694360,0.0,0.0003232952733333,-0.0013959424333333,0.0011359007666666,-0.0943543408695652,-0.0783390560869565,-0.0424910730434782,0.27,-28.24,168.33333333333334
180694360,0.0,0.0003177045266666,-0.0012673010666666,0.0011301007333333,-0.1020869204347826,-0.0619913730434782,-0.0444563065217391,0.27,-28.24142857142857,168.33285714285716
180694360,0.0,0.00031211378,-0.0011386597,0.0011243007,-0.1098195,-0.04564369,-0.04642154,0.27,-28.242857142857144,168.33238095238096
180694360,0.0,0.0003065230333333,-0.0010100183333333,0.0011185006666666,-0.1062833554347826,-0.0475841576086956,-0.0467935097826086,0.27,-28.24428571428572,168.33190476190478
180694360,0.0,0.0003009322866666,-0.0008813769666666,0.0011127006333333,-0.1027472108695652,-0.0495246252173913,-0.0471654795652173,0.27,-28.24571428571429,168.33142857142855
180694360,0.0,0.00029534154,-0.0007527356,0.0011069005999999,-0.0992110663043478,-0.0514650928260869,-0.047537449347826,0.27,-28.24714285714285,168.3309523809524
180694360,0.0,0.0002897507933333,-0.0006240942333333,0.0011011005666666,-0.0956749217391304,-0.0534055604347826,-0.0479094191304347,0.27,-28.248571428571427,168.3304761904762
180694360,0.0,0.0002841600466666,-0.0004954528666666,0.0010953005333333,-0.092138777173913,-0.0553460280434782,-0.0482813889130434,0.27,-28.25,168.33
180694360,0.0,0.0002785693,-0.0003668115,0.0010895005,-0.0886026326086956,-0.0572864956521739,-0.0486533586956521,0.27,-28.25,168.3297619047619
180694360,0.0,0.0002729785533333,-0.0002381701333333,0.0010837004666666,-0.0850664880434782,-0.0592269632608695,-0.0490253284782608,0.27,-28.25,168.32952380952383
180694360,0.0,0.0002673878066666,-0.0001095287666666,0.0010779004333333,-0.0815303434782608,-0.0611674308695652,-0.0493972982608695,0.27,-28.25,168.32928571428573
180694360,0.0,0.00026179706,1.911260000000016e-05,0.0010721004,-0.0779941989130434,-0.0631078984782608,-0.0497692680434782,0.27,-28.25,168.32904761904763
180694360,0.0,0.0002562063133333,0.0001477539666666,0.0010663003666666,-0.0744580543478261,-0.0650483660869565,-0.0501412378260869,0.27,-28.25,168.32880952380953
180694360,0.0,0.0002506155666666,0.0002763953333333,0.0010605003333333,-0.0709219097826087,-0.0669888336956521,-0.0505132076086956,0.27,-28.25,168.32857142857145
180694360,0.0,0.00024502482,0.0004050366999999,0.0010547002999999,-0.0673857652173913,-0.0689293013043478,-0.0508851773913043,0.27,-28.25,168.32833333333335
180694360,0.0,0.0002394340733333,0.0005336780666666,0.0010489002666666,-0.0638496206521739,-0.0708697689130434,-0.051257147173913,0.27,-28.25,168.32809523809524
180694360,0.0,0.0002338433266666,0.0006623194333333,0.0010431002333333,-0.0603134760869565,-0.0728102365217391,-0.0516291169565217,0.27,-28.25,168.32785714285714
180694360,0.0,0.0002282525799999,0.0007909608,0.0010373002,-0.0567773315217391,-0.0747507041304347,-0.0520010867391304,0.27,-28.25,168.32761904761907
180694360,0.0,0.0002226618333333,0.0009196021666666,0.0010315001666666,-0.0532411869565217,-0.0766911717391304,-0.0523730565217391,0.27,-28.25,168.32738095238096
180694360,0.0,0.0002170710866666,0.0010482435333333,0.0010257001333333,-0.0497050423913043,-0.078631639347826,-0.0527450263043478,0.27,-28.25,168.32714285714286
180694360,0.0,0.00021148034,0.0011768849,0.0010199000999999,-0.0461688978260869,-0.0805721069565217,-0.0531169960869565,0.27,-28.25,168.32690476190476
180694360,0.0,0.0002058895933333,0.0013055262666666,0.0010141000666666,-0.0426327532608695,-0.0825125745652173,-0.0534889658695652,0.27,-28.25,168.32666666666668
180694360,0.0,0.0002002988466666,0.0014341676333333,0.0010083000333333,-0.0390966086956521,-0.084453042173913,-0.0538609356521739,0.27,-28.25,168.32642857142858
180694360,0.0,0.0001947081,0.001562809,0.0010025,-0.0355604641304347,-0.0863935097826087,-0.0542329054347826,0.27,-28.25,168.32619047619048
180694360,0.0,0.000154085465,0.00153074675,0.00100378525,-0.0320243195652173,-0.0883339773913043,-0.0546048752173913,0.27,-28.25,168.32595238095237
180694360,0.0,0.00011346283,0.0014986845,0.0010050705,-0.028488175,-0.090274445,-0.0549768449999999,0.27,-28.25,168.3257142857143
180694360,0.0,7.2840195e-05,0.00146662225,0.00100635575,-0.0249520304347826,-0.0922149126086956,-0.0553488147826086,0.27,-28.25,168.3254761904762
180694360,0.0,3.221756e-05,0.00143456,0.001007641,-0.0214158858695652,-0.0941553802173913,-0.0557207845652173,0.27,-28.25,168.3252380952381
180694360,0.0,0.00024997504,0.0015689453333333,0.0009606058666666,-0.0178797413043478,-0.0960958478260869,-0.056092754347826,0.27,-28.25,168.325
180714352,0.0,0.00046773252,0.0017033306666666,0.0009135707333333,-0.0143435967391304,-0.0980363154347826,-0.0564647241304347,0.27,-28.25,168.3247619047619
180734344,0.0,0.00068549,0.001837716,0.0008665356,-0.010807452173913,-0.0999767830434782,-0.0568366939130434,0.27,-28.25,168.3245238095238
180734344,0.0,0.0005345762,0.001766603,0.0008422209,-0.0072713076086956,-0.1019172506521739,-0.0572086636956521,0.27,-28.25,168.3242857142857
180774328,0.0,0.001487608,0.002897009,0.0007429387,-0.0037351630434782,-0.1038577182608695,-0.0575806334782608,0.27,-28.25,168.32404761904763
180774328,0.0,0.0014898,0.002553582,0.0006802396,-0.0001990184782608,-0.1057981858695652,-0.0579526032608695,0.27,-28.25,168.32380952380953
180794320,0.0,0.0014736541916666,0.0025894278055555,0.0006801555527777,0.0033371260869565,-0.1077386534782608,-0.0583245730434782,0.27,-28.25,168.32357142857143
180794320,0.0,0.0014575083833333,0.0026252736111111,0.0006800715055555,0.0068732706521739,-0.1096791210869565,-0.0586965428260869,0.27,-28.25,168.32333333333332
180794320,0.0,0.001441362575,0.0026611194166666,0.0006799874583333,0.0104094152173913,-0.1116195886956521,-0.0590685126086956,0.27,-28.25,168.32309523809525
180794320,0.0,0.0014252167666666,0.0026969652222222,0.0006799034111111,0.0139455597826086,-0.1135600563043478,-0.0594404823913043,0.27,-28.25,168.32285714285717
180794320,0.0,0.0014090709583333,0.0027328110277777,0.0006798193638888,0.017481704347826,-0.1155005239130434,-0.059812452173913,0.27,-28.25,168.32261904761904
180794320,0.0,0.00139292515,0.0027686568333333,0.0006797353166666,0.0210178489130434,-0.1174409915217391,-0.0601844219565217,0.27,-28.25,168.32238095238094
180794320,0.0,0.0013767793416666,0.0028045026388888,0.0006796512694444,0.0245539934782608,-0.1193814591304347,-0.0605563917391304,0.27,-28.25,168.32214285714286
180794320,0.0,0.0013606335333333,0.0028403484444444,0.0006795672222222,0.0280901380434782,-0.1213219267391304,-0.0609283615217391,0.27,-28.25,168.32190476190476
180794320,0.0,0.0013444877249999,0.00287619425,0.000679483175,0.0316262826086956,-0.123262394347826,-0.0613003313043478,0.27,-28.25,168.32166666666666
180794320,0.0,0.0013283419166666,0.0029120400555555,0.0006793991277777,0.035162427173913,-0.1252028619565217,-0.0616723010869565,0.27,-28.25,168.32142857142856
180794320,0.0,0.0013121961083333,0.0029478858611111,0.0006793150805555,0.0386985717391304,-0.1271433295652174,-0.0620442708695652,0.27,-28.25,168.32119047619048
180794320,0.0,0.0012960502999999,0.0029837316666666,0.0006792310333333,0.0422347163043478,-0.129083797173913,-0.0624162406521739,0.27,-28.25,168.32095238095238
180794320,0.0,0.0012799044916666,0.0030195774722222,0.0006791469861111,0.0457708608695652,-0.1310242647826087,-0.0627882104347826,0.27,-28.25,168.32071428571427
180794320,0.0,0.0012637586833333,0.0030554232777777,0.0006790629388888,0.0493070054347826,-0.1329647323913043,-0.0631601802173913,0.27,-28.25,168.32047619047617
180794320,0.0,0.001247612875,0.0030912690833333,0.0006789788916666,0.05284315,-0.1349052,-0.06353215,0.27,-28.25,168.3202380952381
180794320,0.0,0.0012314670666666,0.0031271148888888,0.0006788948444444,0.0503642904166666,-0.1291585875,-0.0637217729166666,0.27,-28.25,168.32
180794320,0.0,0.0012153212583333,0.0031629606944444,0.0006788107972222,0.0478854308333333,-0.123411975,-0.0639113958333333,0.27,-28.25,168.31959999999998
180794320,0.0,0.00119917545,0.0031988065,0.00067872675,0.04540657125,-0.1176653625,-0.06410101875,0.27,-28.25,168.3192
180794320,0.0,0.0011830296416666,0.0032346523055555,0.0006786427027777,0.0429277116666666,-0.11191875,-0.0642906416666666,0.27,-28.25,168.31879999999998
180794320,0.0,0.0011668838333333,0.0032704981111111,0.0006785586555555,0.0404488520833333,-0.1061721375,-0.0644802645833333,0.27,-28.25,168.3184
180794320,0.0,0.001150738025,0.0033063439166666,0.0006784746083333,0.0379699924999999,-0.100425525,-0.0646698875,0.27,-28.25,168.31799999999998
180794320,0.0,0.0011345922166666,0.0033421897222222,0.0006783905611111,0.0354911329166666,-0.0946789124999999,-0.0648595104166666,0.27,-28.25,168.3176
180794320,0.0,0.0011184464083333,0.0033780355277777,0.0006783065138888,0.0330122733333333,-0.0889322999999999,-0.0650491333333333,0.27,-28.25,168.3172
180794320,0.0,0.0011023006,0.0034138813333333,0.0006782224666666,0.03053341375,-0.0831856875,-0.06523875625,0.27,-28.25,168.3168
180794320,0.0,0.0010861547916666,0.0034497271388888,0.0006781384194444,0.0280545541666666,-0.077439075,-0.0654283791666666,0.27,-28.25,168.3164
180794320,0.0,0.0010700089833333,0.0034855729444444,0.0006780543722222,0.0255756945833333,-0.0716924625,-0.0656180020833333,0.27,-28.25,168.316
180794320,0.0,0.001053863175,0.00352141875,0.000677970325,0.0230968349999999,-0.06594585,-0.065807625,0.27,-28.25,168.3156
180794320,0.0,0.0010377173666666,0.0035572645555555,0.0006778862777777,0.0206179754166666,-0.0601992375,-0.0659972479166666,0.27,-28.25,168.3152
180794320,0.0,0.0010215715583333,0.0035931103611111,0.0006778022305555,0.0181391158333333,-0.0544526249999999,-0.0661868708333333,0.27,-28.25,168.3148
180794320,0.0,0.00100542575,0.0036289561666666,0.0006777181833333,0.0156602562499999,-0.0487060124999999,-0.06637649375,0.27,-28.25,168.3144
180794320,0.0,0.0009892799416666,0.0036648019722222,0.0006776341361111,0.0131813966666666,-0.0429593999999999,-0.0665661166666666,0.27,-28.25,168.314
180794320,0.0,0.0009731341333333,0.0037006477777777,0.0006775500888888,0.0107025370833333,-0.0372127875,-0.0667557395833333,0.27,-28.25,168.3136
180794320,0.0,0.000956988325,0.0037364935833333,0.0006774660416666,0.0082236774999999,-0.031466175,-0.0669453625,0.27,-28.25,168.3132
180794320,0.0,0.0009408425166666,0.0037723393888888,0.0006773819944444,0.0057448179166666,-0.0257195624999999,-0.0671349854166666,0.27,-28.25,168.3128
180794320,0.0,0.0009246967083333,0.0038081851944444,0.0006772979472222,0.0032659583333333,-0.0199729499999999,-0.0673246083333333,0.27,-28.25,168.3124
180814312,0.0,0.0009085509,0.003844031,0.0006772139,0.0007870987499999,-0.0142263374999999,-0.06751423125,0.27,-28.25,168.312
180814312,0.0,0.0007683479,0.003858497,0.0007566849,-0.0016917608333333,-0.0084797249999999,-0.0677038541666666,0.27,-28.25,168.3116
180854296,0.0,-0.000597676,0.004115982,0.0005253452,-0.0041706204166666,-0.0027331124999999,-0.0678934770833333,0.27,-28.25,168.3112
180854296,0.0,-0.000503895,0.003947142,0.000551803,-0.00664948,0.0030135,-0.0680831,0.27,-28.25,168.3108
180894280,0.0,0.0007696428,0.004965308,0.0005376165,-0.0091283395833333,0.0087601125,-0.0682727229166666,0.27,-28.25,168.31040000000002
180894280,0.0,0.0009517239,0.004812847,0.0005416833,-0.0116071991666666,0.0145067249999999,-0.0684623458333333,0.27,-28.25,168.31
180894280,0.0,0.0009786552457142,0.0047969372857142,0.0005417357771428,-0.0140860587499999,0.0202533375,-0.06865196875,0.27,-28.25,168.3096
180894280,0.0,0.0010055865914285,0.0047810275714285,0.0005417882542857,-0.0165649183333333,0.02599995,-0.0688415916666666,0.27,-28.25,168.3092
180894280,0.0,0.0010325179371428,0.0047651178571428,0.0005418407314285,-0.0190437779166666,0.0317465625,-0.0690312145833333,0.27,-28.25,168.3088
180894280,0.0,0.0010594492828571,0.0047492081428571,0.0005418932085714,-0.0215226375,0.037493175,-0.0692208375,0.27,-28.25,168.3084
180894280,0.0,0.0010863806285714,0.0047332984285714,0.0005419456857142,-0.0240014970833333,0.0432397875,-0.0694104604166666,0.27,-28.25,168.308
180894280,0.0,0.0011133119742857,0.0047173887142857,0.0005419981628571,-0.0264803566666666,0.0489864,-0.0696000833333333,0.27,-28.25,168.3076
180894280,0.0,0.00114024332,0.004701479,0.00054205064,-0.02895921625,0.0547330125,-0.06978970625,0.27,-28.25,168.3072
180894280,0.0,0.0011671746657142,0.0046855692857142,0.0005421031171428,-0.0314380758333333,0.060479625,-0.0699793291666666,0.27,-28.25,168.3068
180894280,0.0,0.0011941060114285,0.0046696595714285,0.0005421555942857,-0.0339169354166666,0.0662262375,-0.0701689520833333,0.27,-28.25,168.3064
180894280,0.0,0.0012210373571428,0.0046537498571428,0.0005422080714285,-0.036395795,0.07197285,-0.070358575,0.27,-28.25,168.306
180894280,0.0,0.0012479687028571,0.0046378401428571,0.0005422605485714,-0.0388746545833333,0.0777194625,-0.0705481979166666,0.27,-28.25,168.3056
180894280,0.0,0.0012749000485714,0.0046219304285714,0.0005423130257142,-0.0413535141666666,0.083466075,-0.0707378208333333,0.27,-28.25,168.3052
180894280,0.0,0.0013018313942857,0.0046060207142857,0.0005423655028571,-0.04383237375,0.0892126875,-0.07092744375,0.27,-28.25,168.3048
180894280,0.0,0.00132876274,0.004590111,0.00054241798,-0.0463112333333333,0.0949593,-0.0711170666666666,0.27,-28.25,168.30440000000002
180894280,0.0,0.0013556940857142,0.0045742012857142,0.0005424704571428,-0.0487900929166666,0.1007059125,-0.0713066895833333,0.27,-28.25,168.304
180894280,0.0,0.0013826254314285,0.0045582915714285,0.0005425229342857,-0.0512689525,0.106452525,-0.0714963125,0.27,-28.25,168.30360000000002
180894280,0.0,0.0014095567771428,0.0045423818571428,0.0005425754114285,-0.0537478120833333,0.1121991375,-0.0716859354166666,0.27,-28.25,168.3032
180894280,0.0,0.0014364881228571,0.0045264721428571,0.0005426278885714,-0.0562266716666666,0.11794575,-0.0718755583333333,0.27,-28.25,168.30280000000002
180894280,0.0,0.0014634194685714,0.0045105624285714,0.0005426803657142,-0.05870553125,0.1236923625,-0.07206518125,0.27,-28.25,168.3024
180894280,0.0,0.0014903508142857,0.0044946527142857,0.0005427328428571,-0.0611843908333333,0.129438975,-0.0722548041666666,0.27,-28.25,168.30200000000002
180894280,0.0,0.00151728216,0.004478743,0.00054278532,-0.0636632504166666,0.1351855875,-0.0724444270833333,0.27,-28.25,168.3016
180894280,0.0,0.0015442135057142,0.0044628332857142,0.0005428377971428,-0.06614211,0.1409322,-0.07263405,0.27,-28.25,168.30120000000002
180894280,0.0,0.0015711448514285,0.0044469235714285,0.0005428902742857,-0.0635571766666666,0.1402992861111111,-0.0727926180555555,0.27,-28.25,168.3008
180894280,0.0,0.0015980761971428,0.0044310138571428,0.0005429427514285,-0.0609722433333333,0.1396663722222222,-0.0729511861111111,0.27,-28.25,168.30040000000002
180894280,0.0,0.0016250075428571,0.0044151041428571,0.0005429952285714,-0.05838731,0.1390334583333333,-0.0731097541666666,0.27,-28.25,168.3
180894280,0.0,0.0016519388885714,0.0043991944285714,0.0005430477057142,-0.0558023766666666,0.1384005444444444,-0.0732683222222222,0.2702702702702703,-28.25,168.29972972972973
180894280,0.0,0.0016788702342857,0.0043832847142857,0.0005431001828571,-0.0532174433333333,0.1377676305555555,-0.0734268902777777,0.2705405405405405,-28.25,168.29945945945946
180894280,0.0,0.00170580158,0.004367375,0.00054315266,-0.05063251,0.1371347166666666,-0.0735854583333333,0.2708108108108108,-28.25,168.2991891891892
180894280,0.0,0.0017327329257142,0.0043514652857142,0.0005432051371428,-0.0480475766666666,0.1365018027777778,-0.0737440263888889,0.2710810810810811,-28.25,168.29891891891893
180894280,0.0,0.0017596642714285,0.0043355555714285,0.0005432576142857,-0.0454626433333333,0.1358688888888889,-0.0739025944444444,0.2713513513513513,-28.25,168.29864864864865
180894280,0.0,0.0017865956171428,0.0043196458571428,0.0005433100914285,-0.04287771,0.135235975,-0.0740611625,0.2716216216216216,-28.25,168.29837837837837
180894280,0.0,0.0018135269628571,0.0043037361428571,0.0005433625685714,-0.0402927766666666,0.1346030611111111,-0.0742197305555555,0.2718918918918919,-28.25,168.29810810810812
180894280,0.0,0.0018404583085714,0.0042878264285714,0.0005434150457142,-0.0377078433333333,0.1339701472222222,-0.0743782986111111,0.2721621621621621,-28.25,168.29783783783785
180896779,0.0,0.0018673896542857,0.0042719167142857,0.0005434675228571,-0.03512291,0.1333372333333333,-0.0745368666666666,0.2724324324324324,-28.25,168.29756756756757
180934264,0.0,0.001894321,0.004256007,0.00054352,-0.0325379766666666,0.1327043194444444,-0.0746954347222222,0.2727027027027027,-28.25,168.2972972972973
180934264,0.0,0.001945186,0.004180225,0.000471775,-0.0299530433333333,0.1320714055555555,-0.0748540027777777,0.272972972972973,-28.25,168.29702702702704
180974248,0.0,0.001876927,0.001938953,0.0003895878,-0.02736811,0.1314384916666666,-0.0750125708333333,0.2732432432432433,-28.25,168.29675675675676
180974248,0.0,0.002098905,0.001644307,0.0004210819,-0.0247831766666666,0.1308055777777778,-0.0751711388888888,0.2735135135135135,-28.25,168.2964864864865
180994240,0.0,0.00212881525,0.0016101682444444,0.0004213620944444,-0.0221982433333333,0.1301726638888889,-0.0753297069444444,0.2737837837837838,-28.25,168.2962162162162
180994240,0.0,0.0021587255,0.0015760294888888,0.0004216422888888,-0.01961331,0.12953975,-0.075488275,0.2740540540540541,-28.25,168.29594594594596
180994240,0.0,0.00218863575,0.0015418907333333,0.0004219224833333,-0.0170283766666666,0.1289068361111111,-0.0756468430555555,0.2743243243243243,-28.25,168.29567567567568
180994240,0.0,0.002218546,0.0015077519777777,0.0004222026777777,-0.0144434433333333,0.1282739222222222,-0.0758054111111111,0.2745945945945946,-28.25,168.2954054054054
180994240,0.0,0.0022484562499999,0.0014736132222222,0.0004224828722222,-0.01185851,0.1276410083333333,-0.0759639791666666,0.2748648648648649,-28.25,168.29513513513513
180994240,0.0,0.0022783664999999,0.0014394744666666,0.0004227630666666,-0.0092735766666666,0.1270080944444444,-0.0761225472222222,0.2751351351351351,-28.25,168.29486486486488
180994240,0.0,0.0023082767499999,0.0014053357111111,0.0004230432611111,-0.0066886433333333,0.1263751805555555,-0.0762811152777777,0.2754054054054054,-28.25,168.2945945945946
180994240,0.0,0.002338187,0.0013711969555555,0.0004233234555555,-0.00410371,0.1257422666666666,-0.0764396833333333,0.2756756756756757,-28.25,168.29432432432432
180994240,0.0,0.00236809725,0.0013370582,0.00042360365,-0.0015187766666666,0.1251093527777778,-0.0765982513888888,0.2759459459459459,-28.25,168.29405405405404
180994240,0.0,0.0023980075,0.0013029194444444,0.0004238838444444,0.0010661566666666,0.1244764388888888,-0.0767568194444444,0.2762162162162162,-28.25,168.2937837837838
180994240,0.0,0.00242791775,0.0012687806888888,0.0004241640388888,0.0036510899999999,0.123843525,-0.0769153875,0.2764864864864865,-28.25,168.29351351351352
180994240,0.0,0.002457828,0.0012346419333333,0.0004244442333333,0.0062360233333333,0.1232106111111111,-0.0770739555555555,0.2767567567567567,-28.25,168.29324324324324
180994240,0.0,0.00248773825,0.0012005031777777,0.0004247244277777,0.0088209566666666,0.1225776972222222,-0.0772325236111111,0.277027027027027,-28.25,168.29297297297296
180994240,0.0,0.0025176484999999,0.0011663644222222,0.0004250046222222,0.01140589,0.1219447833333333,-0.0773910916666666,0.2772972972972973,-28.25,168.2927027027027
180994240,0.0,0.0025475587499999,0.0011322256666666,0.0004252848166666,0.0139908233333333,0.1213118694444444,-0.0775496597222222,0.2775675675675676,-28.25,168.29243243243243
180994240,0.0,0.0025774689999999,0.0010980869111111,0.0004255650111111,0.0165757566666666,0.1206789555555555,-0.0777082277777777,0.2778378378378379,-28.25,168.29216216216216
180994240,0.0,0.00260737925,0.0010639481555555,0.0004258452055555,0.0191606899999999,0.1200460416666666,-0.0778667958333333,0.2781081081081081,-28.25,168.29189189189188
180994240,0.0,0.0026372895,0.0010298094,0.0004261254,0.0217456233333333,0.1194131277777777,-0.0780253638888888,0.2783783783783784,-28.25,168.29162162162163
180994240,0.0,0.00266719975,0.0009956706444444,0.0004264055944444,0.0243305566666666,0.1187802138888888,-0.0781839319444444,0.2786486486486487,-28.25,168.29135135135135
180994240,0.0,0.00269711,0.0009615318888888,0.0004266857888888,0.02691549,0.1181473,-0.0783425,0.2789189189189189,-28.25,168.29108108108107
180994240,0.0,0.00272702025,0.0009273931333333,0.0004269659833333,0.0265629851428571,0.1183921914285714,-0.0781375968571428,0.2791891891891892,-28.25,168.2908108108108
180994240,0.0,0.0027569305,0.0008932543777777,0.0004272461777777,0.0262104802857142,0.1186370828571428,-0.0779326937142857,0.2794594594594595,-28.25,168.29054054054055
180994240,0.0,0.00278684075,0.0008591156222222,0.0004275263722222,0.0258579754285714,0.1188819742857142,-0.0777277905714285,0.2797297297297297,-28.25,168.29027027027027
180994240,0.0,0.002816751,0.0008249768666666,0.0004278065666666,0.0255054705714285,0.1191268657142857,-0.0775228874285714,0.28,-28.25,168.29
180994240,0.0,0.0028466612499999,0.0007908381111111,0.0004280867611111,0.0251529657142857,0.1193717571428571,-0.0773179842857142,0.2803571428571428,-28.25,168.28964285714284
180994240,0.0,0.0028765715,0.0007566993555555,0.0004283669555555,0.0248004608571428,0.1196166485714285,-0.0771130811428571,0.2807142857142857,-28.25,168.2892857142857
180994240,0.0,0.00290648175,0.0007225606,0.00042864715,0.024447956,0.11986154,-0.076908178,0.2810714285714286,-28.25,168.28892857142856
180994240,0.0,0.002936392,0.0006884218444444,0.0004289273444444,0.0240954511428571,0.1201064314285714,-0.0767032748571428,0.2814285714285715,-28.25,168.28857142857143
180994240,0.0,0.00296630225,0.0006542830888888,0.0004292075388888,0.0237429462857142,0.1203513228571428,-0.0764983717142857,0.2817857142857143,-28.25,168.28821428571428
180994240,0.0,0.0029962125,0.0006201443333333,0.0004294877333333,0.0233904414285714,0.1205962142857142,-0.0762934685714285,0.2821428571428571,-28.25,168.28785714285715
180994240,0.0,0.0030261227499999,0.0005860055777777,0.0004297679277777,0.0230379365714285,0.1208411057142857,-0.0760885654285714,0.2825,-28.25,168.2875
180994240,0.0,0.0030560329999999,0.0005518668222222,0.0004300481222222,0.0226854317142857,0.1210859971428571,-0.0758836622857142,0.2828571428571428,-28.25,168.28714285714284
180994240,0.0,0.0030859432499999,0.0005177280666666,0.0004303283166666,0.0223329268571428,0.1213308885714285,-0.0756787591428571,0.2832142857142857,-28.25,168.2867857142857
180994240,0.0,0.0031158534999999,0.0004835893111111,0.0004306085111111,0.021980422,0.12157578,-0.0754738559999999,0.2835714285714286,-28.25,168.28642857142856
180994240,0.0,0.00314576375,0.0004494505555555,0.0004308887055555,0.0216279171428571,0.1218206714285714,-0.0752689528571428,0.2839285714285714,-28.25,168.28607142857143
181014232,0.0,0.003175674,0.0004153118,0.0004311689,0.0212754122857142,0.1220655628571428,-0.0750640497142857,0.2842857142857143,-28.25,168.28571428571428
181014232,0.0,0.003202815,0.0003526873,0.0004258155,0.0209229074285714,0.1223104542857142,-0.0748591465714285,0.2846428571428571,-28.25,168.28535714285715
181054216,0.0,0.002669196,0.001663402,0.0003735051,0.0205704025714285,0.1225553457142857,-0.0746542434285714,0.285,-28.25,168.285
181054216,0.0,0.002378988,0.001527002,0.0004279518,0.0202178977142857,0.1228002371428571,-0.0744493402857142,0.2853571428571428,-28.25,168.28464285714284
181094200,0.0,0.002357435,0.0045614,0.0005663533,0.0198653928571428,0.1230451285714285,-0.0742444371428571,0.2857142857142857,-28.25,168.28428571428572
181094200,0.0,0.002262023,0.004434498,0.0004842031,0.019512888,0.12329002,-0.074039534,0.2860714285714286,-28.25,168.28392857142856
181094200,0.0,0.0023026594117647,0.0048557139411764,0.0004897022294117,0.0191603831428571,0.1235349114285714,-0.0738346308571428,0.2864285714285714,-28.25,168.28357142857143
181094200,0.0,0.0023432958235294,0.0052769298823529,0.0004952013588235,0.0188078782857142,0.1237798028571428,-0.0736297277142857,0.2867857142857142,-28.25,168.28321428571428
181094200,0.0,0.0023839322352941,0.0056981458235294,0.0005007004882352,0.0184553734285714,0.1240246942857142,-0.0734248245714285,0.2871428571428571,-28.25,168.28285714285715
181094200,0.0,0.0024245686470588,0.0061193617647058,0.000506199617647,0.0181028685714285,0.1242695857142857,-0.0732199214285714,0.2875,-28.25,168.2825
181094200,0.0,0.0024652050588235,0.0065405777058823,0.0005116987470588,0.0177503637142857,0.1245144771428571,-0.0730150182857142,0.2878571428571428,-28.25,168.28214285714284
181094200,0.0,0.0025058414705882,0.0069617936470588,0.0005171978764705,0.0173978588571428,0.1247593685714285,-0.0728101151428571,0.2882142857142857,-28.25,168.28178571428572
181094200,0.0,0.0025464778823529,0.0073830095882352,0.0005226970058823,0.017045354,0.12500426,-0.072605212,0.2885714285714285,-28.25,168.28142857142856
181094200,0.0,0.0025871142941176,0.0078042255294117,0.0005281961352941,0.0166928491428571,0.1252491514285714,-0.0724003088571428,0.2889285714285714,-28.25,168.28107142857144
181094200,0.0,0.0026277507058823,0.0082254414705882,0.0005336952647058,0.0163403442857142,0.1254940428571428,-0.0721954057142857,0.2892857142857142,-28.25,168.28071428571428
181094200,0.0,0.002668387117647,0.0086466574117647,0.0005391943941176,0.0159878394285714,0.1257389342857143,-0.0719905025714285,0.2896428571428571,-28.25,168.28035714285716
181094200,0.0,0.0027090235294117,0.0090678733529411,0.0005446935235294,0.0156353345714285,0.1259838257142857,-0.0717855994285714,0.29,-28.25,168.28
181094200,0.0,0.0027496599411764,0.0094890892941176,0.0005501926529411,0.0152828297142857,0.1262287171428571,-0.0715806962857142,0.29,-28.238055555555555,168.27944444444444
181094200,0.0,0.0027902963529411,0.0099103052352941,0.0005556917823529,0.0149303248571428,0.1264736085714286,-0.0713757931428571,0.29,-28.22611111111112,168.2788888888889
181094200,0.0,0.0028309327647058,0.0103315211764705,0.0005611909117647,0.01457782,0.1267185,-0.07117089,0.29,-28.214166666666667,168.27833333333334
181094200,0.0,0.0028715691764705,0.010752737117647,0.0005666900411764,0.0118450218181818,0.2457948068181818,-0.0709167756818181,0.29,-28.202222222222225,168.27777777777777
181094200,0.0,0.0029122055882352,0.0111739530588235,0.0005721891705882,0.0091122236363636,0.3648711136363636,-0.0706626613636363,0.29,-28.190277777777776,168.27722222222224
181094200,0.0,0.002952842,0.0115951689999999,0.0005776883,0.0063794254545454,0.4839474204545454,-0.0704085470454545,0.29,-28.17833333333333,168.27666666666667
181094200,0.0,0.0029934784117647,0.0120163849411764,0.0005831874294117,0.0036466272727272,0.6030237272727272,-0.0701544327272727,0.29,-28.16638888888889,168.2761111111111
181094200,0.0,0.0030341148235294,0.0124376008823529,0.0005886865588235,0.000913829090909,0.722100034090909,-0.0699003184090909,0.29,-28.154444444444444,168.27555555555554
181094200,0.0,0.0030747512352941,0.0128588168235294,0.0005941856882352,-0.001818969090909,0.8411763409090909,-0.069646204090909,0.29,-28.1425,168.275
181094200,0.0,0.0031153876470588,0.0132800327647058,0.000599684817647,-0.0045517672727272,0.9602526477272726,-0.0693920897727272,0.29,-28.13055555555556,168.27444444444444
181094200,0.0,0.0031560240588235,0.0137012487058823,0.0006051839470588,-0.0072845654545454,1.0793289545454543,-0.0691379754545454,0.29,-28.11861111111111,168.27388888888888
181094200,0.0,0.0031966604705882,0.0141224646470588,0.0006106830764705,-0.0100173636363636,1.1984052613636362,-0.0688838611363636,0.29,-28.106666666666666,168.27333333333334
181094200,0.0,0.0032372968823529,0.0145436805882352,0.0006161822058823,-0.0127501618181818,1.317481568181818,-0.0686297468181818,0.29,-28.094722222222224,168.27277777777778
181094200,0.0,0.0032779332941176,0.0149648965294117,0.0006216813352941,-0.01548296,1.436557875,-0.0683756325,0.29,-28.08277777777778,168.2722222222222
181094200,0.0,0.0033185697058823,0.0153861124705882,0.0006271804647058,-0.0182157581818181,1.5556341818181816,-0.0681215181818181,0.29,-28.070833333333333,168.27166666666668
181094200,0.0,0.003359206117647,0.0158073284117647,0.0006326795941176,-0.0209485563636363,1.6747104886363635,-0.0678674038636363,0.29,-28.058888888888887,168.2711111111111
181094200,0.0,0.0033998425294117,0.0162285443529411,0.0006381787235294,-0.0236813545454545,1.7937867954545452,-0.0676132895454545,0.29,-28.04694444444445,168.27055555555555
181094200,0.0,0.0034404789411764,0.0166497602941176,0.0006436778529411,-0.0264141527272727,1.9128631022727272,-0.0673591752272727,0.29,-28.035,168.26999999999998
181094200,0.0,0.0034811153529411,0.0170709762352941,0.0006491769823529,-0.0291469509090909,2.031939409090909,-0.0671050609090909,0.29,-28.023055555555555,168.26944444444445
181094200,0.0,0.0035217517647058,0.0174921921764705,0.0006546761117647,-0.031879749090909,2.151015715909091,-0.0668509465909091,0.29,-28.01111111111112,168.26888888888888
181094200,0.0,0.0035623881764705,0.017913408117647,0.0006601752411764,-0.0346125472727272,2.2700920227272725,-0.0665968322727272,0.29,-27.999166666666667,168.26833333333332
181094200,0.0,0.0036030245882352,0.0183346240588235,0.0006656743705882,-0.0373453454545454,2.389168329545454,-0.0663427179545454,0.29,-27.987222222222226,168.26777777777778
181140015,0.0,0.003643661,0.01875584,0.0006711735,-0.0400781436363636,2.508244636363636,-0.0660886036363636,0.29,-27.975277777777777,168.26722222222222
181140015,1.0,0.001281404,0.004055854,0.0006484441,-0.0428109418181818,2.627320943181818,-0.0658344893181818,0.29,-27.96333333333333,168.26666666666665
181179999,1.0,0.001281404,0.004055854,0.0006484441,-0.04554374,2.74639725,-0.065580375,0.29,-27.95138888888889,168.26611111111112
181179999,1.0,0.004867398,0.1294831,0.0007326257,-0.0482765381818181,2.865473556818181,-0.0653262606818181,0.29,-27.939444444444444,168.26555555555555
181199991,1.0,0.0048487555405405,0.1281773148648648,0.0007349661891891,-0.0510093363636363,2.984549863636363,-0.0650721463636363,0.29,-27.9275,168.265
181199991,1.0,0.004830113081081,0.1268715297297297,0.0007373066783783,-0.0537421345454545,3.103626170454545,-0.0648180320454545,0.29,-27.91555555555556,168.26444444444445
181199991,1.0,0.0048114706216216,0.1255657445945945,0.0007396471675675,-0.0564749327272727,3.222702477272727,-0.0645639177272727,0.29,-27.90361111111111,168.26388888888889
181199991,1.0,0.0047928281621621,0.1242599594594594,0.0007419876567567,-0.0592077309090909,3.341778784090909,-0.0643098034090909,0.29,-27.891666666666666,168.26333333333332
181199991,1.0,0.0047741857027027,0.1229541743243243,0.0007443281459459,-0.0619405290909091,3.4608550909090905,-0.064055689090909,0.29,-27.879722222222224,168.26277777777776
181199991,1.0,0.0047555432432432,0.1216483891891891,0.0007466686351351,-0.0646733272727272,3.579931397727272,-0.0638015747727272,0.29,-27.86777777777778,168.26222222222222
181199991,1.0,0.0047369007837837,0.120342604054054,0.0007490091243243,-0.0674061254545454,3.6990077045454544,-0.0635474604545454,0.29,-27.855833333333333,168.26166666666666
181199991,1.0,0.0047182583243243,0.1190368189189189,0.0007513496135135,-0.0701389236363636,3.818084011363636,-0.0632933461363636,0.29,-27.843888888888888,168.2611111111111
181199991,1.0,0.0046996158648648,0.1177310337837837,0.0007536901027027,-0.0728717218181818,3.9371603181818178,-0.0630392318181818,0.29,-27.83194444444445,168.26055555555556
181199991,1.0,0.0046809734054054,0.1164252486486486,0.0007560305918918,-0.07560452,4.056236625,-0.0627851175,0.29,-27.82,168.26
181199991,1.0,0.0046623309459459,0.1151194635135135,0.000758371081081,-0.0783373181818181,4.175312931818182,-0.0625310031818181,0.2903448275862069,-27.818275862068965,168.25982758620688
181199991,1.0,0.0046436884864864,0.1138136783783783,0.0007607115702702,-0.0810701163636363,4.294389238636363,-0.0622768888636363,0.2906896551724138,-27.81655172413793,168.25965517241377
181199991,1.0,0.004625046027027,0.1125078932432432,0.0007630520594594,-0.0838029145454545,4.413465545454545,-0.0620227745454545,0.2910344827586206,-27.814827586206896,168.2594827586207
181199991,1.0,0.0046064035675675,0.1112021081081081,0.0007653925486486,-0.0865357127272727,4.532541852272727,-0.0617686602272727,0.2913793103448275,-27.81310344827586,168.25931034482758
181199991,1.0,0.0045877611081081,0.1098963229729729,0.0007677330378378,-0.0892685109090909,4.6516181590909085,-0.0615145459090909,0.2917241379310344,-27.81137931034483,168.25913793103447
181199991,1.0,0.0045691186486486,0.1085905378378378,0.000770073527027,-0.092001309090909,4.770694465909091,-0.061260431590909,0.2920689655172414,-27.809655172413795,168.25896551724136
181199991,1.0,0.0045504761891891,0.1072847527027027,0.0007724140162162,-0.0947341072727272,4.889770772727272,-0.0610063172727272,0.2924137931034483,-27.80793103448276,168.25879310344826
181199991,1.0,0.0045318337297297,0.1059789675675675,0.0007747545054054,-0.0974669054545454,5.008847079545454,-0.0607522029545454,0.2927586206896551,-27.806206896551725,168.25862068965515
181199991,1.0,0.0045131912702702,0.1046731824324324,0.0007770949945945,-0.1001997036363636,5.127923386363636,-0.0604980886363636,0.293103448275862,-27.80448275862069,168.2584482758621
181199991,1.0,0.0044945488108108,0.1033673972972973,0.0007794354837837,-0.1029325018181818,5.2469996931818175,-0.0602439743181818,0.2934482758620689,-27.80275862068965,168.25827586206896
181199991,1.0,0.0044759063513513,0.1020616121621621,0.0007817759729729,-0.1056653,5.366076,-0.05998986,0.2937931034482758,-27.80103448275862,168.25810344827585
181199991,1.0,0.0044572638918918,0.100755827027027,0.0007841164621621,-0.0995049806451612,5.145739516129032,-0.0592077819354838,0.2941379310344827,-27.799310344827585,168.25793103448274
181199991,1.0,0.0044386214324324,0.0994500418918919,0.0007864569513513,-0.0933446612903225,4.925403032258064,-0.0584257038709677,0.2944827586206896,-27.79758620689655,168.25775862068966
181199991,1.0,0.0044199789729729,0.0981442567567567,0.0007887974405405,-0.0871843419354838,4.705066548387096,-0.0576436258064516,0.2948275862068965,-27.79586206896552,168.25758620689655
181199991,1.0,0.0044013365135135,0.0968384716216216,0.0007911379297297,-0.0810240225806451,4.484730064516128,-0.0568615477419354,0.2951724137931034,-27.794137931034484,168.25741379310344
181199991,1.0,0.004382694054054,0.0955326864864865,0.0007934784189189,-0.0748637032258064,4.2643935806451605,-0.0560794696774193,0.2955172413793103,-27.79241379310345,168.25724137931033
181199991,1.0,0.0043640515945945,0.0942269013513513,0.0007958189081081,-0.0687033838709677,4.044057096774193,-0.0552973916129032,0.2958620689655172,-27.79068965517241,168.25706896551725
181199991,1.0,0.0043454091351351,0.0929211162162162,0.0007981593972972,-0.062543064516129,3.8237206129032257,-0.054515313548387,0.2962068965517241,-27.78896551724138,168.25689655172414
181199991,1.0,0.0043267666756756,0.091615331081081,0.0008004998864864,-0.0563827451612903,3.603384129032258,-0.0537332354838709,0.296551724137931,-27.787241379310345,168.25672413793103
181199991,1.0,0.0043081242162162,0.0903095459459459,0.0008028403756756,-0.0502224258064516,3.38304764516129,-0.0529511574193548,0.2968965517241379,-27.78551724137931,168.25655172413792
181199991,1.0,0.0042894817567567,0.0890037608108108,0.0008051808648648,-0.0440621064516129,3.1627111612903223,-0.0521690793548387,0.2972413793103448,-27.783793103448275,168.2563793103448
181199991,1.0,0.0042708392972972,0.0876979756756756,0.000807521354054,-0.0379017870967741,2.9423746774193544,-0.0513870012903225,0.2975862068965517,-27.78206896551724,168.25620689655173
181199991,1.0,0.0042521968378378,0.0863921905405405,0.0008098618432432,-0.0317414677419354,2.7220381935483866,-0.0506049232258064,0.2979310344827586,-27.780344827586205,168.25603448275862
181199991,1.0,0.0042335543783783,0.0850864054054054,0.0008122023324324,-0.0255811483870967,2.501701709677419,-0.0498228451612903,0.2982758620689655,-27.77862068965517,168.2558620689655
181199991,1.0,0.0042149119189189,0.0837806202702702,0.0008145428216216,-0.019420829032258,2.2813652258064514,-0.0490407670967741,0.2986206896551724,-27.77689655172414,168.2556896551724
181219983,1.0,0.0041962694594594,0.0824748351351351,0.0008168833108108,-0.0132605096774193,2.061028741935484,-0.048258689032258,0.2989655172413793,-27.775172413793104,168.2555172413793
181219983,1.0,0.004177627,0.08116905,0.0008192238,-0.0071001903225806,1.840692258064516,-0.0474766109677419,0.2993103448275861,-27.77344827586207,168.2553448275862
181219983,1.0,0.001281404,0.004055854,0.0006484441,-0.0009398709677419,1.620355774193548,-0.0466945329032258,0.2996551724137931,-27.771724137931034,168.2551724137931
181259967,1.0,0.003918472,0.01705226,0.001006246,0.0052204483870967,1.40001929032258,-0.0459124548387096,0.3,-27.77,168.255
181259967,1.0,0.001281404,0.004055854,0.0006484441,0.0113807677419354,1.1796828064516127,-0.0451303767741935,0.3003448275862069,-27.768275862068965,168.2548275862069
181299951,1.0,0.001281404,0.004055854,0.0006484441,0.0175410870967741,0.9593463225806448,-0.0443482987096774,0.3006896551724138,-27.76655172413793,168.25465517241378
181299951,1.0,0.001281404,0.004055854,0.0006484441,0.0237014064516129,0.7390098387096771,-0.0435662206451612,0.3010344827586206,-27.76482758620689,168.2544827586207
181299951,1.0,0.001281404,0.004055854,0.0006484441,0.0298617258064516,0.5186733548387092,-0.0427841425806451,0.3013793103448275,-27.76310344827586,168.2543103448276
181299951,1.0,0.001281404,0.004055854,0.0006484441,0.0360220451612903,0.2983368709677414,-0.042002064516129,0.3017241379310345,-27.76137931034483,168.25413793103448
181299951,1.0,0.001281404,0.004055854,0.0006484441,0.042182364516129,0.0780003870967736,-0.0412199864516129,0.3020689655172414,-27.7596551724138,168.25396551724137
181299951,1.0,0.001281404,0.004055854,0.0006484441,0.0483426838709677,-0.1423360967741942,-0.0404379083870967,0.3024137931034483,-27.75793103448276,168.25379310344826
181299951,1.0,0.001281404,0.004055854,0.0006484441,0.0545030032258064,-0.362672580645162,-0.0396558303225806,0.3027586206896551,-27.756206896551724,168.25362068965518
181299951,1.0,0.001281404,0.004055854,0.0006484441,0.0606633225806451,-0.583009064516129,-0.0388737522580645,0.303103448275862,-27.75448275862069,168.25344827586207
181299951,1.0,0.001281404,0.004055854,0.0006484441,0.0668236419354838,-0.8033455483870968,-0.0380916741935483,0.3034482758620689,-27.75275862068965,168.25327586206896
181299951,1.0,0.001281404,0.004055854,0.0006484441,0.0729839612903225,-1.0236820322580646,-0.0373095961290322,0.3037931034482758,-27.75103448275862,168.25310344827585
181299951,1.0,0.001281404,0.004055854,0.0006484441,0.0791442806451612,-1.2440185161290325,-0.0365275180645161,0.3041379310344827,-27.749310344827585,168.25293103448274
181299951,1.0,0.001281404,0.004055854,0.0006484441,0.0853046,-1.464355,-0.03574544,0.3044827586206896,-27.74758620689655,168.25275862068966
181299951,1.0,0.001281404,0.004055854,0.0006484441,0.0826599597674418,-1.4840142093023256,-0.0356596890697674,0.3048275862068965,-27.745862068965515,168.25258620689655
181299951,1.0,0.001281404,0.004055854,0.0006484441,0.0800153195348837,-1.5036734186046512,-0.0355739381395348,0.3051724137931034,-27.744137931034484,168.25241379310344
181299951,1.0,0.001281404,0.004055854,0.0006484441,0.0773706793023255,-1.5233326279069768,-0.0354881872093023,0.3055172413793103,-27.74241379310345,168.25224137931033
181299951,1.0,0.001281404,0.004055854,0.0006484441,0.0747260390697674,-1.5429918372093023,-0.0354024362790697,0.3058620689655172,-27.74068965517241,168.25206896551725
181299951,1.0,0.001281404,0.004055854,0.0006484441,0.0720813988372092,-1.562651046511628,-0.0353166853488372,0.3062068965517241,-27.73896551724138,168.25189655172414
181299951,1.0,0.001281404,0.004055854,0.0006484441,0.0694367586046511,-1.5823102558139537,-0.0352309344186046,0.306551724137931,-27.737241379310344,168.25172413793103
181299951,1.0,0.001281404,0.004055854,0.0006484441,0.066792118372093,-1.6019694651162792,-0.035145183488372,0.3068965517241379,-27.73551724137931,168.25155172413793
181299951,1.0,0.001281404,0.004055854,0.0006484441,0.0641474781395348,-1.6216286744186048,-0.0350594325581395,0.3072413793103448,-27.733793103448274,168.25137931034482
181299951,1.0,0.001281404,0.004055854,0.0006484441,0.0615028379069767,-1.6412878837209304,-0.0349736816279069,0.3075862068965517,-27.73206896551724,168.25120689655174
181299951,1.0,0.001281404,0.004055854,0.0006484441,0.0588581976744186,-1.660947093023256,-0.0348879306976744,0.3079310344827586,-27.730344827586205,168.25103448275863
181299951,1.0,0.001281404,0.004055854,0.0006484441,0.0562135574418604,-1.6806063023255815,-0.0348021797674418,0.3082758620689655,-27.72862068965517,168.25086206896552
181299951,1.0,0.001281404,0.004055854,0.0006484441,0.0535689172093023,-1.700265511627907,-0.0347164288372093,0.3086206896551724,-27.72689655172414,168.2506896551724
181299951,1.0,0.001281404,0.004055854,0.0006484441,0.0509242769767441,-1.7199247209302326,-0.0346306779069767,0.3089655172413793,-27.725172413793103,168.2505172413793
181299951,1.0,0.001281404,0.004055854,0.0006484441,0.048279636744186,-1.7395839302325582,-0.0345449269767441,0.3093103448275862,-27.72344827586207,168.25034482758622
181299951,1.0,0.001281404,0.004055854,0.0006484441,0.0456349965116279,-1.7592431395348838,-0.0344591760465116,0.3096551724137931,-27.72172413793104,168.2501724137931
181299951,1.0,0.001281404,0.004055854,0.0006484441,0.0429903562790697,-1.778902348837209,-0.034373425116279,0.31,-27.72,168.25
181299951,1.0,0.001281404,0.004055854,0.0006484441,0.0403457160465116,-1.7985615581395349,-0.0342876741860465,0.31,-27.732,168.2495
181299951,1.0,0.001281404,0.004055854,0.0006484441,0.0377010758139534,-1.8182207674418605,-0.0342019232558139,0.31,-27.744,168.249
181299951,1.0,0.001281404,0.004055854,0.0006484441,0.0350564355813953,-1.837879976744186,-0.0341161723255813,0.31,-27.756,168.2485
181299951,1.0,0.001281404,0.004055854,0.0006484441,0.0324117953488372,-1.857539186046512,-0.0340304213953488,0.31,-27.768,168.248
181299951,1.0,0.001281404,0.004055854,0.0006484441,0.029767155116279,-1.8771983953488367,-0.0339446704651162,0.31,-27.78,168.2475
181299951,1.0,0.001281404,0.004055854,0.0006484441,0.0271225148837209,-1.8968576046511627,-0.0338589195348837,0.31,-27.792,168.247
181299951,1.0,0.001281404,0.004055854,0.0006484441,0.0244778746511627,-1.9165168139534885,-0.0337731686046511,0.31,-27.804,168.2465
181299951,1.0,0.003609761,-0.02319314,0.001201272,0.0218332344186046,-1.9361760232558136,-0.0336874176744186,0.31,-27.816,168.246
181339935,1.0,0.001281404,0.004055854,0.0006484441,0.0191885941860465,-1.95583523255814,-0.033601666744186,0.31,-27.828,168.2455
181339935,1.0,0.003782384,-0.03885442,0.001272899,0.0165439539534883,-1.975494441860465,-0.0335159158139534,0.31,-27.84,168.245
181379919,1.0,0.001281404,0.004055854,0.0006484441,0.0138993137209302,-1.9951536511627903,-0.0334301648837209,0.31,-27.852,168.24450000000002
181379919,1.0,0.004216515,-0.04155427,0.001188916,0.011254673488372,-2.014812860465116,-0.0333444139534883,0.31,-27.864,168.244
181399911,1.0,0.0041321112702702,-0.0414452881081081,0.0012000235945945,0.0086100332558139,-2.0344720697674417,-0.0332586630232558,0.31,-27.876,168.2435
181399911,1.0,0.0040477075405405,-0.0413363062162162,0.0012111311891891,0.0059653930232558,-2.0541312790697672,-0.0331729120930232,0.31,-27.888,168.243
181399911,1.0,0.0039633038108108,-0.0412273243243243,0.0012222387837837,0.0033207527906976,-2.073790488372093,-0.0330871611627907,0.31,-27.9,168.2425
181399911,1.0,0.003878900081081,-0.0411183424324324,0.0012333463783783,0.0006761125581395,-2.0934496976744184,-0.0330014102325581,0.31,-27.912,168.24200000000002
181399911,1.0,0.0037944963513513,-0.0410093605405405,0.0012444539729729,-0.0019685276744186,-2.113108906976744,-0.0329156593023255,0.31,-27.924,168.2415
181399911,1.0,0.0037100926216216,-0.0409003786486486,0.0012555615675675,-0.0046131679069767,-2.132768116279069,-0.032829908372093,0.31,-27.936,168.241
181399911,1.0,0.0036256888918918,-0.0407913967567567,0.0012666691621621,-0.0072578081395348,-2.152427325581395,-0.0327441574418604,0.31,-27.948,168.2405
181399911,1.0,0.0035412851621621,-0.0406824148648648,0.0012777767567567,-0.009902448372093,-2.1720865348837206,-0.0326584065116279,0.31,-27.96,168.24
181399911,1.0,0.0034568814324324,-0.0405734329729729,0.0012888843513513,-0.0125470886046511,-2.1917457441860466,-0.0325726555813953,0.31,-27.963695652173914,168.24
181399911,1.0,0.0033724777027027,-0.040464451081081,0.0012999919459459,-0.0151917288372093,-2.211404953488372,-0.0324869046511627,0.31,-27.967391304347828,168.24
181399911,1.0,0.0032880739729729,-0.0403554691891891,0.0013110995405405,-0.0178363690697674,-2.2310641627906977,-0.0324011537209302,0.31,-27.97108695652174,168.24
181399911,1.0,0.0032036702432432,-0.0402464872972972,0.0013222071351351,-0.0204810093023255,-2.250723372093024,-0.0323154027906976,0.31,-27.97478260869565,168.24
181399911,1.0,0.0031192665135135,-0.0401375054054054,0.0013333147297297,-0.0231256495348837,-2.270382581395349,-0.0322296518604651,0.31,-27.978478260869565,168.24
181399911,1.0,0.0030348627837837,-0.0400285235135135,0.0013444223243243,-0.0257702897674418,-2.2900417906976744,-0.0321439009302325,0.31,-27.98217391304348,168.24
181399911,1.0,0.002950459054054,-0.0399195416216216,0.0013555299189189,-0.02841493,-2.309701,-0.03205815,0.31,-27.985869565217392,168.24
181399911,1.0,0.0028660553243243,-0.0398105597297297,0.0013666375135135,-0.0279670722166666,-2.2937925166666666,-0.03156144345,0.31,-27.989565217391306,168.24
181399911,1.0,0.0027816515945945,-0.0397015778378378,0.0013777451081081,-0.0275192144333333,-2.277884033333333,-0.0310647369,0.31,-27.99326086956522,168.24
181399911,1.0,0.0026972478648648,-0.0395925959459459,0.0013888527027027,-0.02707135665,-2.26197555,-0.03056803035,0.31,-27.99695652173913,168.24
181399911,1.0,0.0026128441351351,-0.039483614054054,0.0013999602972972,-0.0266234988666666,-2.246067066666667,-0.0300713238,0.31,-28.000652173913043,168.24
181399911,1.0,0.0025284404054054,-0.0393746321621621,0.0014110678918918,-0.0261756410833333,-2.230158583333333,-0.02957461725,0.31,-28.00434782608696,168.24
181399911,1.0,0.0024440366756756,-0.0392656502702702,0.0014221754864864,-0.0257277833,-2.2142501,-0.0290779107,0.31,-28.00804347826087,168.24
181399911,1.0,0.0023596329459459,-0.0391566683783783,0.001433283081081,-0.0252799255166666,-2.1983416166666667,-0.02858120415,0.31,-28.011739130434783,168.24
181399911,1.0,0.0022752292162162,-0.0390476864864864,0.0014443906756756,-0.0248320677333333,-2.1824331333333333,-0.0280844976,0.31,-28.015434782608697,168.24
181399911,1.0,0.0021908254864864,-0.0389387045945945,0.0014554982702702,-0.02438420995,-2.16652465,-0.02758779105,0.31,-28.01913043478261,168.24
181399911,1.0,0.0021064217567567,-0.0388297227027027,0.0014666058648648,-0.0239363521666666,-2.1506161666666666,-0.0270910845,0.31,-28.02282608695652,168.24
181399911,1.0,0.002022018027027,-0.0387207408108108,0.0014777134594594,-0.0234884943833333,-2.134707683333333,-0.02659437795,0.31,-28.02652173913044,168.24
181399911,1.0,0.0019376142972972,-0.0386117589189189,0.001488821054054,-0.0230406366,-2.1187992,-0.0260976714,0.31,-28.030217391304348,168.24
181399911,1.0,0.0018532105675675,-0.038502777027027,0.0014999286486486,-0.0225927788166666,-2.102890716666667,-0.0256009648499999,0.31,-28.03391304347826,168.24
181399911,1.0,0.0017688068378378,-0.0383937951351351,0.0015110362432432,-0.0221449210333333,-2.086982233333333,-0.0251042583,0.31,-28.03760869565217,168.24
181399911,1.0,0.0016844031081081,-0.0382848132432432,0.0015221438378378,-0.02169706325,-2.07107375,-0.0246075517499999,0.31,-28.041304347826088,168.24
181399911,1.0,0.0015999993783783,-0.0381758313513513,0.0015332514324324,-0.0212492054666666,-2.0551652666666667,-0.0241108452,0.31,-28.045,168.24
181399911,1.0,0.0015155956486486,-0.0380668494594594,0.001544359027027,-0.0208013476833333,-2.0392567833333333,-0.0236141386499999,0.31,-28.04869565217391,168.24
181399911,1.0,0.0014311919189189,-0.0379578675675675,0.0015554666216216,-0.0203534899,-2.0233483,-0.0231174321,0.31,-28.052391304347825,168.24
181399911,1.0,0.0013467881891891,-0.0378488856756756,0.0015665742162162,-0.0199056321166666,-2.0074398166666665,-0.0226207255499999,0.31,-28.05608695652174,168.24
181399911,1.0,0.0012623844594594,-0.0377399037837837,0.0015776818108108,-0.0194577743333333,-1.991531333333333,-0.022124019,0.31,-28.05978260869565,168.24
181407408,1.0,0.0011779807297297,-0.0376309218918918,0.0015887894054054,-0.01900991655,-1.97562285,-0.02162731245,0.31,-28.06347826086957,168.24
181419903,1.0,0.001093577,-0.03752194,0.001599897,-0.0185620587666666,-1.9597143666666668,-0.0211306059,0.31,-28.06717391304348,168.24
181419903,1.0,0.001281404,0.004055854,0.0006484441,-0.0181142009833333,-1.9438058833333327,-0.02063389935,0.31,-28.07086956521739,168.24
181459887,1.0,0.001281404,0.004055854,0.0006484441,-0.0176663432,-1.9278974,-0.0201371928,0.31,-28.074565217391303,168.24
181459887,1.0,0.002003527,-0.02915323,0.001931762,-0.0172184854166666,-1.9119889166666664,-0.01964048625,0.31,-28.078260869565216,168.24
181499871,1.0,0.0020106441666666,-0.0284983116666666,0.00191936675,-0.0167706276333333,-1.8960804333333328,-0.0191437797,0.31,-28.08195652173913,168.24
181499871,1.0,0.0020177613333333,-0.0278433933333333,0.0019069715,-0.01632276985,-1.88017195,-0.01864707315,0.31,-28.085652173913044,168.24
181499871,1.0,0.0020248785,-0.027188475,0.00189457625,-0.0158749120666666,-1.8642634666666664,-0.0181503666,0.31,-28.08934782608696,168.24
181499871,1.0,0.0020319956666666,-0.0265335566666666,0.001882181,-0.0154270542833333,-1.8483549833333333,-0.01765366005,0.31,-28.09304347826087,168.24
181499871,1.0,0.0020391128333333,-0.0258786383333333,0.00186978575,-0.0149791965,-1.8324465,-0.0171569535,0.31,-28.09673913043478,168.24
181499871,1.0,0.00204623,-0.0252237199999999,0.0018573905,-0.0145313387166666,-1.8165380166666667,-0.01666024695,0.31,-28.10043478260869,168.24
181499871,1.0,0.0020533471666666,-0.0245688016666666,0.00184499525,-0.0140834809333333,-1.8006295333333333,-0.0161635404,0.31,-28.104130434782608,168.24
181499871,1.0,0.0020604643333333,-0.0239138833333333,0.0018326,-0.01363562315,-1.78472105,-0.01566683385,0.31,-28.10782608695652,168.24
181499871,1.0,0.0020675815,-0.023258965,0.00182020475,-0.0131877653666666,-1.7688125666666663,-0.0151701272999999,0.31,-28.111521739130435,168.24
181499871,1.0,0.0020746986666666,-0.0226040466666666,0.0018078095,-0.0127399075833333,-1.7529040833333334,-0.0146734207499999,0.31,-28.11521739130435,168.24
181499871,1.0,0.0020818158333333,-0.0219491283333333,0.00179541425,-0.0122920498,-1.7369956,-0.0141767142,0.31,-28.11891304347826,168.24
181499871,1.0,0.002088933,-0.02129421,0.001783019,-0.0118441920166666,-1.7210871166666666,-0.01368000765,0.31,-28.12260869565217,168.24
181499871,1.0,0.001281404,0.004055854,0.0006484441,-0.0113963342333333,-1.7051786333333334,-0.0131833011,0.31,-28.126304347826085,168.24
181499871,1.0,0.001281404,0.004055854,0.0006484441,-0.0109484764499999,-1.68927015,-0.01268659455,0.31,-28.13,168.24
181499871,1.0,0.001281404,0.004055854,0.0006484441,-0.0105006186666666,-1.6733616666666666,-0.012189888,0.31,-28.131311475409834,168.23983606557377
181499871,1.0,0.001281404,0.004055854,0.0006484441,-0.0100527608833333,-1.6574531833333332,-0.01169318145,0.31,-28.13262295081967,168.23967213114756
181499871,1.0,0.001281404,0.004055854,0.0006484441,-0.0096049031,-1.6415447,-0.0111964749,0.31,-28.13393442622951,168.23950819672132
181499871,1.0,0.001281404,0.004055854,0.0006484441,-0.0091570453166666,-1.6256362166666667,-0.01069976835,0.31,-28.135245901639344,168.23934426229508
181499871,1.0,0.001281404,0.004055854,0.0006484441,-0.0087091875333333,-1.6097277333333333,-0.0102030618,0.31,-28.13655737704918,168.2391803278689
181499871,1.0,0.001281404,0.004055854,0.0006484441,-0.00826132975,-1.59381925,-0.00970635525,0.31,-28.13786885245901,168.23901639344265
181499871,1.0,0.001281404,0.004055854,0.0006484441,-0.0078134719666666,-1.5779107666666667,-0.0092096487,0.31,-28.13918032786885,168.2388524590164
181499871,1.0,0.001281404,0.004055854,0.0006484441,-0.0073656141833333,-1.5620022833333334,-0.00871294215,0.31,-28.14049180327869,168.23868852459017
181499871,1.0,0.001281404,0.004055854,0.0006484441,-0.0069177563999999,-1.5460938,-0.0082162355999999,0.31,-28.141803278688524,168.23852459016393
181499871,1.0,0.001281404,0.004055854,0.0006484441,-0.0064698986166666,-1.5301853166666666,-0.0077195290499999,0.31,-28.14311475409836,168.23836065573772
181499871,1.0,0.001281404,0.004055854,0.0006484441,-0.0060220408333333,-1.5142768333333332,-0.0072228224999999,0.31,-28.144426229508195,168.23819672131148
181499871,1.0,0.001281404,0.004055854,0.0006484441,-0.0055741830499999,-1.49836835,-0.0067261159499999,0.31,-28.14573770491804,168.23803278688524
181499871,1.0,0.001281404,0.004055854,0.0006484441,-0.0051263252666666,-1.4824598666666666,-0.0062294093999999,0.31,-28.14704918032787,168.23786885245903
181499871,1.0,0.001281404,0.004055854,0.0006484441,-0.0046784674833333,-1.4665513833333332,-0.0057327028499999,0.31,-28.148360655737704,168.2377049180328
181499871,1.0,0.001281404,0.004055854,0.0006484441,-0.0042306096999999,-1.4506429,-0.0052359962999999,0.31,-28.14967213114754,168.23754098360655
181499871,1.0,0.001281404,0.004055854,0.0006484441,-0.0037827519166666,-1.434734416666667,-0.0047392897499999,0.31,-28.15098360655737,168.23737704918034
181499871,1.0,0.001281404,0.004055854,0.0006484441,-0.0033348941333333,-1.4188259333333333,-0.0042425831999999,0.31,-28.15229508196721,168.2372131147541
181499871,1.0,0.001281404,0.004055854,0.0006484441,-0.00288703635,-1.40291745,-0.0037458766499999,0.31,-28.15360655737705,168.23704918032786
181499871,1.0,0.001281404,0.004055854,0.0006484441,-0.0024391785666666,-1.3870089666666665,-0.0032491700999999,0.31,-28.154918032786885,168.23688524590165
181499871,1.0,0.001281404,0.004055854,0.0006484441,-0.0019913207833333,-1.3711004833333331,-0.0027524635499999,0.31,-28.15622950819672,168.2367213114754
181499871,1.0,0.001281404,0.004055854,0.0006484441,-0.001543463,-1.355192,-0.002255757,0.31,-28.157540983606555,168.2365573770492
181502370,1.0,0.001281404,0.004055854,0.0006484441,0.0072813823749999,-1.2504881125,0.0027046276249999,0.31,-28.1588524590164,168.23639344262295
181539855,1.0,0.001281404,0.004055854,0.0006484441,0.01610622775,-1.145784225,0.0076650122499999,0.31,-28.16016393442623,168.23622950819671
181539855,1.0,0.001257106,-0.01325472,0.001630327,0.0249310731249999,-1.0410803375,0.0126253968749999,0.31,-28.161475409836065,168.2360655737705
181579839,1.0,0.001281404,0.004055854,0.0006484441,0.0337559184999999,-0.93637645,0.0175857814999999,0.31,-28.1627868852459,168.23590163934426
181579839,1.0,0.0005576054,-0.007450071,0.002004617,0.042580763875,-0.8316725625,0.022546166125,0.31,-28.16409836065574,168.23573770491802
181599831,1.0,0.0005777109166666,-0.0071304619722222,0.0019669455305555,0.0514056092499999,-0.726968675,0.0275065507499999,0.31,-28.16540983606557,168.2355737704918
181599831,1.0,0.0005978164333333,-0.0068108529444444,0.0019292740611111,0.0602304546249999,-0.6222647875,0.032466935375,0.31,-28.16672131147541,168.23540983606557
181599831,1.0,0.00061792195,-0.0064912439166666,0.0018916025916666,0.0690553,-0.5175609,0.03742732,0.31,-28.168032786885245,168.23524590163933
181599831,1.0,0.0006380274666666,-0.0061716348888888,0.0018539311222222,0.0676607387931034,-0.5082520977586207,0.0382507968965517,0.31,-28.16934426229508,168.23508196721312
181599831,1.0,0.0006581329833333,-0.0058520258611111,0.0018162596527777,0.0662661775862069,-0.4989432955172413,0.0390742737931034,0.31,-28.17065573770492,168.23491803278688
181599831,1.0,0.0006782385,-0.0055324168333333,0.0017785881833333,0.0648716163793103,-0.489634493275862,0.0398977506896551,0.31,-28.171967213114755,168.23475409836067
181599831,1.0,0.0006983440166666,-0.0052128078055555,0.0017409167138888,0.0634770551724138,-0.4803256910344827,0.0407212275862068,0.31,-28.17327868852459,168.23459016393443
181599831,1.0,0.0007184495333333,-0.0048931987777777,0.0017032452444444,0.0620824939655172,-0.4710168887931034,0.0415447044827586,0.31,-28.174590163934425,168.2344262295082
181599831,1.0,0.00073855505,-0.00457358975,0.001665573775,0.0606879327586206,-0.4617080865517241,0.0423681813793103,0.31,-28.17590163934426,168.23426229508198
181599831,1.0,0.0007586605666666,-0.0042539807222222,0.0016279023055555,0.0592933715517241,-0.4523992843103448,0.043191658275862,0.31,-28.1772131147541,168.23409836065574
181599831,1.0,0.0007787660833333,-0.0039343716944444,0.0015902308361111,0.0578988103448275,-0.4430904820689655,0.0440151351724137,0.31,-28.17852459016393,168.2339344262295
181599831,1.0,0.0007988716,-0.0036147626666666,0.0015525593666666,0.056504249137931,-0.4337816798275862,0.0448386120689655,0.31,-28.17983606557377,168.23377049180328
181599831,1.0,0.0008189771166666,-0.0032951536388888,0.0015148878972222,0.0551096879310344,-0.4244728775862069,0.0456620889655172,0.31,-28.18114754098361,168.23360655737704
181599831,1.0,0.0008390826333333,-0.0029755446111111,0.0014772164277777,0.0537151267241379,-0.4151640753448276,0.0464855658620689,0.31,-28.182459016393445,168.2334426229508
181599831,1.0,0.00085918815,-0.0026559355833333,0.0014395449583333,0.0523205655172413,-0.4058552731034482,0.0473090427586206,0.31,-28.18377049180328,168.2332786885246
181599831,1.0,0.0008792936666666,-0.0023363265555555,0.0014018734888888,0.0509260043103448,-0.3965464708620689,0.0481325196551724,0.31,-28.185081967213115,168.23311475409835
181599831,1.0,0.0008993991833333,-0.0020167175277777,0.0013642020194444,0.0495314431034482,-0.3872376686206896,0.0489559965517241,0.31,-28.18639344262295,168.23295081967214
181599831,1.0,0.0009195047,-0.0016971084999999,0.00132653055,0.0481368818965517,-0.3779288663793103,0.0497794734482758,0.31,-28.187704918032782,168.2327868852459
181599831,1.0,0.0009396102166666,-0.0013774994722222,0.0012888590805555,0.0467423206896551,-0.368620064137931,0.0506029503448275,0.31,-28.189016393442625,168.23262295081966
181599831,1.0,0.0009597157333333,-0.0010578904444444,0.0012511876111111,0.0453477594827586,-0.3593112618965517,0.0514264272413793,0.31,-28.19032786885246,168.23245901639345
181599831,1.0,0.00097982125,-0.0007382814166666,0.0012135161416666,0.043953198275862,-0.3500024596551724,0.052249904137931,0.31,-28.19163934426229,168.2322950819672
181599831,1.0,0.0009999267666666,-0.0004186723888888,0.0011758446722222,0.0425586370689655,-0.3406936574137931,0.0530733810344827,0.31,-28.19295081967213,168.23213114754097
181599831,1.0,0.0010200322833333,-9.906336111111056e-05,0.0011381732027777,0.0411640758620689,-0.3313848551724138,0.0538968579310344,0.31,-28.19426229508197,168.23196721311476
181599831,1.0,0.0010401378,0.0002205456666666,0.0011005017333333,0.0397695146551724,-0.3220760529310345,0.0547203348275862,0.31,-28.195573770491805,168.23180327868852
181599831,1.0,0.0010602433166666,0.0005401546944444,0.0010628302638888,0.0383749534482758,-0.3127672506896551,0.0555438117241379,0.31,-28.19688524590164,168.23163934426228
181599831,1.0,0.0010803488333333,0.0008597637222222,0.0010251587944444,0.0369803922413793,-0.3034584484482758,0.0563672886206896,0.31,-28.19819672131148,168.2314754098361
181599831,1.0,0.00110045435,0.00117937275,0.000987487325,0.0355858310344827,-0.2941496462068965,0.0571907655172413,0.31,-28.19950819672131,168.23131147540985
181599831,1.0,0.0011205598666666,0.0014989817777777,0.0009498158555555,0.0341912698275862,-0.2848408439655172,0.0580142424137931,0.31,-28.20081967213115,168.2311475409836
181599831,1.0,0.0011406653833333,0.0018185908055555,0.0009121443861111,0.0327967086206896,-0.2755320417241379,0.0588377193103448,0.31,-28.202131147540985,168.23098360655737
181599831,1.0,0.0011607709,0.0021381998333333,0.0008744729166666,0.0314021474137931,-0.2662232394827586,0.0596611962068965,0.31,-28.20344262295082,168.23081967213113
181599831,1.0,0.0011808764166666,0.0024578088611111,0.0008368014472222,0.0300075862068965,-0.2569144372413793,0.0604846731034482,0.31,-28.204754098360656,168.23065573770492
181599831,1.0,0.0012009819333333,0.0027774178888888,0.0007991299777777,0.028613025,-0.247605635,0.06130815,0.31,-28.20606557377049,168.23049180327868
181599831,1.0,0.00122108745,0.0030970269166666,0.0007614585083333,0.0272184637931034,-0.2382968327586206,0.0621316268965517,0.31,-28.20737704918033,168.23032786885244
181599831,1.0,0.0012411929666666,0.0034166359444444,0.0007237870388888,0.0258239025862069,-0.2289880305172413,0.0629551037931034,0.31,-28.20868852459017,168.23016393442623
181599831,1.0,0.0012612984833333,0.0037362449722222,0.0006861155694444,0.0244293413793103,-0.219679228275862,0.0637785806896551,0.31,-28.21,168.23
181619823,1.0,0.001281404,0.004055854,0.0006484441,0.0230347801724137,-0.2103704260344827,0.0646020575862068,0.3096428571428571,-28.210714285714285,168.23035714285714
181619823,1.0,0.002273279,-0.003593347,0.002704096,0.0216402189655172,-0.2010616237931034,0.0654255344827586,0.3092857142857143,-28.211428571428574,168.23071428571427
181659807,1.0,0.001281404,0.004055854,0.0006484441,0.0202456577586206,-0.1917528215517241,0.0662490113793103,0.3089285714285714,-28.21214285714285,168.23107142857145
181659807,1.0,0.001260579,-0.0002804344,0.003001595,0.0188510965517241,-0.1824440193103448,0.067072488275862,0.3085714285714285,-28.212857142857143,168.23142857142855
181699791,1.0,0.001939155,0.002780642,0.003335912,0.0174565353448275,-0.1731352170689655,0.0678959651724138,0.3082142857142857,-28.21357142857143,168.2317857142857
181699791,1.0,0.0018295298333333,0.0029931773333333,0.0028880006833333,0.016061974137931,-0.1638264148275862,0.0687194420689655,0.3078571428571428,-28.214285714285715,168.23214285714286
181699791,1.0,0.0017199046666666,0.0032057126666666,0.0024400893666666,0.0146674129310344,-0.1545176125862069,0.0695429189655172,0.3075,-28.215,168.2325
181699791,1.0,0.0016102795,0.003418248,0.00199217805,0.0132728517241379,-0.1452088103448275,0.0703663958620689,0.3071428571428571,-28.215714285714288,168.23285714285714
181699791,1.0,0.0015006543333333,0.0036307833333333,0.0015442667333333,0.0118782905172413,-0.1359000081034482,0.0711898727586206,0.3067857142857143,-28.216428571428573,168.23321428571427
181699791,1.0,0.0013910291666666,0.0038433186666666,0.0010963554166666,0.0104837293103448,-0.1265912058620689,0.0720133496551724,0.3064285714285714,-28.217142857142857,168.23357142857142
181699791,1.0,0.001281404,0.004055854,0.0006484441,0.0090891681034482,-0.1172824036206896,0.0728368265517241,0.3060714285714285,-28.217857142857145,168.23392857142858
181699791,1.0,0.0013718539333333,0.0039599029666666,0.0007526659633333,0.0076946068965517,-0.1079736013793103,0.0736603034482758,0.3057142857142857,-28.21857142857143,168.2342857142857
181699791,1.0,0.0014623038666666,0.0038639519333333,0.0008568878266666,0.0063000456896551,-0.098664799137931,0.0744837803448275,0.3053571428571428,-28.219285714285714,168.23464285714286
181699791,1.0,0.0015527538,0.0037680009,0.00096110969,0.0049054844827586,-0.0893559968965517,0.0753072572413793,0.305,-28.22,168.235
181699791,1.0,0.0016432037333333,0.0036720498666666,0.0010653315533333,0.003510923275862,-0.0800471946551724,0.076130734137931,0.3046428571428571,-28.220714285714287,168.23535714285714
181699791,1.0,0.0017336536666666,0.0035760988333333,0.0011695534166666,0.0021163620689655,-0.0707383924137931,0.0769542110344827,0.3042857142857142,-28.22142857142857,168.2357142857143
181699791,1.0,0.0018241036,0.0034801478,0.00127377528,0.0007218008620689,-0.0614295901724137,0.0777776879310344,0.3039285714285714,-28.222142857142856,168.23607142857142
181699791,1.0,0.0019145535333333,0.0033841967666666,0.0013779971433333,-0.0006727603448275,-0.0521207879310344,0.0786011648275862,0.3035714285714285,-28.222857142857144,168.23642857142858
181699791,1.0,0.0020050034666666,0.0032882457333333,0.0014822190066666,-0.0020673215517241,-0.0428119856896551,0.0794246417241379,0.3032142857142857,-28.22357142857143,168.23678571428573
181699791,1.0,0.0020954534,0.0031922947,0.00158644087,-0.0034618827586206,-0.0335031834482758,0.0802481186206896,0.3028571428571428,-28.22428571428572,168.23714285714286
181699791,1.0,0.0021859033333333,0.0030963436666666,0.0016906627333333,-0.0048564439655172,-0.0241943812068965,0.0810715955172413,0.3025,-28.225,168.2375
181699791,1.0,0.0022763532666666,0.0030003926333333,0.0017948845966666,-0.0062510051724137,-0.0148855789655172,0.0818950724137931,0.3021428571428571,-28.22571428571429,168.23785714285714
181699791,1.0,0.0023668032,0.0029044416,0.00189910646,-0.0076455663793103,-0.0055767767241379,0.0827185493103448,0.3017857142857142,-28.22642857142857,168.2382142857143
181699791,1.0,0.0024572531333333,0.0028084905666666,0.0020033283233333,-0.0090401275862068,0.0037320255172413,0.0835420262068965,0.3014285714285714,-28.22714285714286,168.23857142857145
181699791,1.0,0.0025477030666666,0.0027125395333333,0.0021075501866666,-0.0104346887931034,0.0130408277586206,0.0843655031034482,0.3010714285714285,-28.227857142857143,168.23892857142857
181699791,1.0,0.002638153,0.0026165885,0.0022117720499999,-0.01182925,0.02234963,0.08518898,0.3007142857142857,-28.228571428571428,168.23928571428573
181699791,1.0,0.0027286029333333,0.0025206374666666,0.0023159939133333,-0.0109016651428571,0.0204234757142857,0.0861351377142857,0.3003571428571428,-28.22928571428572,168.23964285714283
181699791,1.0,0.0028190528666666,0.0024246864333333,0.0024202157766666,-0.0099740802857142,0.0184973214285714,0.0870812954285714,0.3,-28.23,168.24
181699791,1.0,0.0029095028,0.0023287354,0.00252443764,-0.0090464954285714,0.0165711671428571,0.0880274531428571,0.3002777777777777,-28.23027777777778,168.24
181699791,1.0,0.0029999527333333,0.0022327843666666,0.0026286595033333,-0.0081189105714285,0.0146450128571428,0.0889736108571428,0.3005555555555555,-28.230555555555554,168.24
181699791,1.0,0.0030904026666666,0.0021368333333333,0.0027328813666666,-0.0071913257142857,0.0127188585714285,0.0899197685714285,0.3008333333333333,-28.230833333333333,168.24
181699791,1.0,0.0031808526,0.0020408823,0.0028371032299999,-0.0062637408571428,0.0107927042857142,0.0908659262857142,0.3011111111111111,-28.23111111111111,168.24
181699791,1.0,0.0032713025333333,0.0019449312666666,0.0029413250933333,-0.005336156,0.0088665499999999,0.091812084,0.3013888888888889,-28.23138888888889,168.24
181699791,1.0,0.0033617524666666,0.0018489802333333,0.0030455469566666,-0.0044085711428571,0.0069403957142857,0.0927582417142857,0.3016666666666666,-28.231666666666666,168.24
181699791,1.0,0.0034522024,0.0017530291999999,0.00314976882,-0.0034809862857142,0.0050142414285714,0.0937043994285714,0.3019444444444444,-28.231944444444444,168.24
181699791,1.0,0.0035426523333333,0.0016570781666666,0.0032539906833333,-0.0025534014285714,0.0030880871428571,0.0946505571428571,0.3022222222222222,-28.232222222222223,168.24
181699791,1.0,0.0036331022666666,0.0015611271333333,0.0033582125466666,-0.0016258165714285,0.0011619328571428,0.0955967148571428,0.3025,-28.2325,168.24
181699791,1.0,0.0037235522,0.0014651761,0.0034624344099999,-0.0006982317142857,-0.0007642214285714,0.0965428725714285,0.3027777777777777,-28.232777777777777,168.24
181699791,1.0,0.0038140021333333,0.0013692250666666,0.0035666562733333,0.0002293531428571,-0.0026903757142857,0.0974890302857142,0.3030555555555555,-28.23305555555556,168.24
181722282,1.0,0.0039044520666666,0.0012732740333333,0.0036708781366666,0.0011569379999999,-0.00461653,0.098435188,0.3033333333333333,-28.23333333333333,168.24
181739775,1.0,0.003994902,0.001177323,0.0037751,0.0020845228571428,-0.0065426842857142,0.0993813457142857,0.3036111111111111,-28.23361111111111,168.24
181739775,1.0,0.001281404,0.004055854,0.0006484441,0.0030121077142857,-0.0084688385714285,0.1003275034285714,0.3038888888888889,-28.233888888888888,168.24
181779759,1.0,0.006449957,-0.0009043553,0.003839349,0.0039396925714285,-0.0103949928571428,0.1012736611428571,0.3041666666666666,-28.234166666666667,168.24
181779759,1.0,0.001281404,0.004055854,0.0006484441,0.0048672774285714,-0.0123211471428571,0.1022198188571428,0.3044444444444444,-28.23444444444445,168.24
181799751,1.0,0.001281404,0.004055854,0.0006484441,0.0057948622857142,-0.0142473014285714,0.1031659765714285,0.3047222222222222,-28.23472222222222,168.24
181799751,1.0,0.001281404,0.004055854,0.0006484441,0.0067224471428571,-0.0161734557142857,0.1041121342857142,0.305,-28.235,168.24
181799751,1.0,0.001281404,0.004055854,0.0006484441,0.007650032,-0.01809961,0.105058292,0.3052777777777777,-28.23527777777777,168.24
181799751,1.0,0.001281404,0.004055854,0.0006484441,0.0085776168571428,-0.0200257642857142,0.1060044497142857,0.3055555555555555,-28.23555555555556,168.24
181799751,1.0,0.001281404,0.004055854,0.0006484441,0.0095052017142857,-0.0219519185714285,0.1069506074285714,0.3058333333333333,-28.23583333333333,168.24
181799751,1.0,0.001281404,0.004055854,0.0006484441,0.0104327865714285,-0.0238780728571428,0.1078967651428571,0.3061111111111111,-28.23611111111111,168.24
181799751,1.0,0.001281404,0.004055854,0.0006484441,0.0113603714285714,-0.0258042271428571,0.1088429228571428,0.3063888888888889,-28.23638888888889,168.24
181799751,1.0,0.001281404,0.004055854,0.0006484441,0.0122879562857142,-0.0277303814285714,0.1097890805714285,0.3066666666666666,-28.236666666666665,168.24
181799751,1.0,0.001281404,0.004055854,0.0006484441,0.0132155411428571,-0.0296565357142857,0.1107352382857142,0.3069444444444444,-28.236944444444443,168.24
181799751,1.0,0.001281404,0.004055854,0.0006484441,0.0141431259999999,-0.03158269,0.111681396,0.3072222222222222,-28.237222222222226,168.24
181799751,1.0,0.001281404,0.004055854,0.0006484441,0.0150707108571428,-0.0335088442857142,0.1126275537142857,0.3075,-28.2375,168.24
181799751,1.0,0.001281404,0.004055854,0.0006484441,0.0159982957142857,-0.0354349985714285,0.1135737114285714,0.3077777777777777,-28.237777777777776,168.24
181799751,1.0,0.001281404,0.004055854,0.0006484441,0.0169258805714285,-0.0373611528571428,0.1145198691428571,0.3080555555555555,-28.238055555555555,168.24
181799751,1.0,0.001281404,0.004055854,0.0006484441,0.0178534654285714,-0.0392873071428571,0.1154660268571428,0.3083333333333333,-28.238333333333333,168.24
181799751,1.0,0.001281404,0.004055854,0.0006484441,0.0187810502857142,-0.0412134614285714,0.1164121845714285,0.3086111111111111,-28.23861111111111,168.24
181799751,1.0,0.001281404,0.004055854,0.0006484441,0.0197086351428571,-0.0431396157142857,0.1173583422857142,0.3088888888888889,-28.238888888888887,168.24
181799751,1.0,0.001281404,0.004055854,0.0006484441,0.02063622,-0.04506577,0.1183045,0.3091666666666666,-28.239166666666662,168.24
181799751,1.0,0.001281404,0.004055854,0.0006484441,0.0278701153846153,-0.0465573984615384,0.1188928769230769,0.3094444444444444,-28.239444444444445,168.24
181799751,1.0,0.001281404,0.004055854,0.0006484441,0.0351040107692307,-0.0480490269230769,0.1194812538461538,0.3097222222222222,-28.23972222222222,168.24
181799751,1.0,0.001281404,0.004055854,0.0006484441,0.0423379061538461,-0.0495406553846153,0.1200696307692307,0.31,-28.24,168.24
181799751,1.0,0.001281404,0.004055854,0.0006484441,0.0495718015384615,-0.0510322838461538,0.1206580076923077,0.31,-28.240408163265304,168.24020408163267
181799751,1.0,0.001281404,0.004055854,0.0006484441,0.0568056969230769,-0.0525239123076923,0.1212463846153846,0.31,-28.24081632653061,168.24040816326533
181799751,1.0,0.001281404,0.004055854,0.0006484441,0.0640395923076923,-0.0540155407692307,0.1218347615384615,0.31,-28.24122448979592,168.24061224489796
181799751,1.0,0.001281404,0.004055854,0.0006484441,0.0712734876923077,-0.0555071692307692,0.1224231384615384,0.31,-28.241632653061224,168.24081632653062
181799751,1.0,0.001281404,0.004055854,0.0006484441,0.078507383076923,-0.0569987976923076,0.1230115153846154,0.31,-28.24204081632653,168.24102040816328
181799751,1.0,0.001281404,0.004055854,0.0006484441,0.0857412784615384,-0.0584904261538461,0.1235998923076923,0.31,-28.242448979591835,168.24122448979594
181799751,1.0,0.001281404,0.004055854,0.0006484441,0.0929751738461538,-0.0599820546153846,0.1241882692307692,0.31,-28.24285714285714,168.24142857142857
181799751,1.0,0.001281404,0.004055854,0.0006484441,0.1002090692307692,-0.061473683076923,0.1247766461538461,0.31,-28.24326530612245,168.24163265306123
181799751,1.0,0.001281404,0.004055854,0.0006484441,0.1074429646153846,-0.0629653115384615,0.125365023076923,0.31,-28.243673469387755,168.2418367346939
181799751,1.0,0.001281404,0.004055854,0.0006484441,0.1146768599999999,-0.06445694,0.1259534,0.31,-28.24408163265306,168.24204081632655
181799751,1.0,0.001281404,0.004055854,0.0006484441,0.1219107553846153,-0.0659485684615384,0.1265417769230769,0.31,-28.24448979591837,168.24224489795918
181799751,1.0,0.001281404,0.004055854,0.0006484441,0.1291446507692307,-0.0674401969230769,0.1271301538461538,0.31,-28.24489795918367,168.24244897959184
181799751,1.0,0.001281404,0.004055854,0.0006484441,0.1363785461538461,-0.0689318253846153,0.1277185307692308,0.31,-28.24530612244898,168.2426530612245
181799751,1.0,0.001281404,0.004055854,0.0006484441,0.1436124415384615,-0.0704234538461538,0.1283069076923077,0.31,-28.24571428571429,168.24285714285716
181799751,1.0,0.001281404,0.004055854,0.0006484441,0.1508463369230769,-0.0719150823076923,0.1288952846153846,0.31,-28.24612244897959,168.2430612244898
181819743,1.0,0.001281404,0.004055854,0.0006484441,0.1580802323076923,-0.0734067107692307,0.1294836615384615,0.31,-28.246530612244896,168.24326530612245
181819743,1.0,0.005873131,-0.001883639,0.004083055,0.1653141276923077,-0.0748983392307692,0.1300720384615384,0.31,-28.2469387755102,168.2434693877551
181859727,1.0,0.005946158,-0.002795314,0.004033598,0.172548023076923,-0.0763899676923076,0.1306604153846154,0.31,-28.24734693877551,168.24367346938777
181859727,1.0,0.001281404,0.004055854,0.0006484441,0.1797819184615384,-0.0778815961538461,0.1312487923076923,0.31,-28.247755102040816,168.2438775510204
181899711,1.0,0.0019236804285714,0.0036068791428571,0.0011518675142857,0.1870158138461538,-0.0793732246153846,0.1318371692307692,0.31,-28.24816326530612,168.24408163265306
181899711,1.0,0.0025659568571428,0.0031579042857142,0.0016552909285714,0.1942497092307692,-0.080864853076923,0.1324255461538461,0.31,-28.248571428571427,168.24428571428572
181899711,1.0,0.0032082332857142,0.0027089294285714,0.0021587143428571,0.2014836046153846,-0.0823564815384615,0.133013923076923,0.31,-28.248979591836733,168.24448979591838
181899711,1.0,0.0038505097142857,0.0022599545714285,0.0026621377571428,0.2087175,-0.08384811,0.1336023,0.31,-28.24938775510204,168.244693877551
181899711,1.0,0.0044927861428571,0.0018109797142857,0.0031655611714285,0.2049177781428571,-0.0795356651785714,0.1338556571428571,0.31,-28.249795918367347,168.24489795918367
181899711,1.0,0.0051350625714285,0.0013620048571428,0.0036689845857142,0.2011180562857142,-0.0752232203571428,0.1341090142857142,0.31,-28.250204081632653,168.2451020408163
181899711,1.0,0.005777339,0.00091303,0.004172408,0.1973183344285714,-0.0709107755357142,0.1343623714285714,0.31,-28.25061224489796,168.245306122449
181899711,1.0,0.0056167698928571,0.0010252737142857,0.0040465521464285,0.1935186125714285,-0.0665983307142857,0.1346157285714286,0.31,-28.251020408163267,168.24551020408165
181899711,1.0,0.0054562007857142,0.0011375174285714,0.0039206962928571,0.1897188907142857,-0.0622858858928571,0.1348690857142857,0.31,-28.251428571428573,168.24571428571429
181899711,1.0,0.0052956316785714,0.0012497611428571,0.0037948404392857,0.1859191688571428,-0.0579734410714285,0.1351224428571428,0.31,-28.25183673469388,168.24591836734697
181899711,1.0,0.0051350625714285,0.0013620048571428,0.0036689845857142,0.182119447,-0.05366099625,0.1353758,0.31,-28.252244897959184,168.2461224489796
181899711,1.0,0.0049744934642857,0.0014742485714285,0.0035431287321428,0.1783197251428571,-0.0493485514285714,0.1356291571428571,0.31,-28.25265306122449,168.24632653061224
181899711,1.0,0.0048139243571428,0.0015864922857142,0.0034172728785714,0.1745200032857143,-0.0450361066071428,0.1358825142857143,0.31,-28.2530612244898,168.2465306122449
181899711,1.0,0.00465335525,0.001698736,0.003291417025,0.1707202814285714,-0.0407236617857142,0.1361358714285714,0.31,-28.253469387755104,168.24673469387756
181899711,1.0,0.0044927861428571,0.0018109797142857,0.0031655611714285,0.1669205595714285,-0.0364112169642857,0.1363892285714285,0.31,-28.25387755102041,168.24693877551022
181899711,1.0,0.0043322170357142,0.0019232234285714,0.0030397053178571,0.1631208377142857,-0.0320987721428571,0.1366425857142857,0.31,-28.254285714285714,168.24714285714285
181899711,1.0,0.0041716479285714,0.0020354671428571,0.0029138494642857,0.1593211158571428,-0.0277863273214285,0.1368959428571428,0.31,-28.25469387755102,168.2473469387755
181899711,1.0,0.0040110788214285,0.0021477108571428,0.0027879936107142,0.155521394,-0.0234738825,0.1371493,0.31,-28.25510204081633,168.24755102040817
181899711,1.0,0.0038505097142857,0.0022599545714285,0.0026621377571428,0.1517216721428571,-0.0191614376785714,0.1374026571428571,0.31,-28.255510204081634,168.24775510204083
181899711,1.0,0.0036899406071428,0.0023721982857142,0.0025362819035714,0.1479219502857142,-0.0148489928571428,0.1376560142857143,0.31,-28.25591836734694,168.24795918367346
