Time,POS_Lat,POS_Lng,POS_Alt,POS_RelHomeAlt,POS_RelOriginAlt
 1214358229, 33.6216404, 72.955686, 558.07, 0.002820008, -0.02717999
 1214458189, 33.6216404, 72.955686, 558.07, 0.002817458, -0.02718254
 1214558149, 33.6216404, 72.955686, 558.07, 0.002813116, -0.02718688
 1214658109, 33.6216404, 72.955686, 558.07, 0.002809223, -0.02719078
 1214758069, 33.6216404, 72.955686, 558.07, 0.002803288, -0.02719671
 1214858029, 33.6216404, 72.955686, 558.07, 0.002800364, -0.02719964
 1214957989, 33.6216404, 72.955686, 558.07, 0.002802478, -0.02719752
 1215057949, 33.6216404, 72.955686, 558.07, 0.002808712, -0.02719129
 1215157909, 33.6216404, 72.955686, 558.07, 0.002818251, -0.02718175
 1215257869, 33.6216404, 72.955686, 558.07, 0.002823204, -0.0271768
 1215357829, 33.6216404, 72.955686, 558.07, 0.0028255, -0.0271745
 1215457789, 33.6216404, 72.955686, 558.07, 0.002830001, -0.02717
 1215557749, 33.6216403, 72.955686, 558.07, 0.002837429, -0.02716257
 1215657709, 33.6216403, 72.9556861, 558.07, 0.002847776, -0.02715222
 1215757669, 33.6216403, 72.9556861, 558.07, 0.002858382, -0.02714162
 1215857629, 33.6216403, 72.9556861, 558.07, 0.002867527, -0.02713247
 1215957589, 33.6216403, 72.9556861, 558.07, 0.002876345, -0.02712365
 1216057549, 33.6216403, 72.9556861, 558.07, 0.002884941, -0.02711506
 1216157509, 33.6216403, 72.9556861, 558.07, 0.00289377, -0.02710623
 1216257469, 33.6216403, 72.9556861, 558.07, 0.002903856, -0.02709614
 1216357429, 33.6216403, 72.9556861, 558.07, 0.002916988, -0.02708301
 1216458222, 33.6216403, 72.9556861, 558.07, 0.002927655, -0.02707234
 1216558182, 33.6216403, 72.9556861, 558.07, 0.00293568, -0.02706432
 1216658142, 33.6216403, 72.9556861, 558.07, 0.00294482, -0.02705518
 1216758102, 33.6216403, 72.9556861, 558.07, 0.002950523, -0.02704948
 1216858062, 33.6216403, 72.9556861, 558.07, 0.002953086, -0.02704691
 1216958022, 33.6216403, 72.9556861, 558.07, 0.002953596, -0.0270464
 1217057982, 33.6216403, 72.9556861, 558.07, 0.002958275, -0.02704172
 1217157942, 33.6216403, 72.9556861, 558.07, 0.002961617, -0.02703838
 1217257902, 33.6216403, 72.9556861, 558.07, 0.002960982, -0.02703902
 1217357862, 33.6216403, 72.9556861, 558.07, 0.002963699, -0.0270363
 1217457822, 33.6216403, 72.9556861, 558.07, 0.002965618, -0.02703438
 1217557782, 33.6216403, 72.9556861, 558.07, 0.002972677, -0.02702732
 1217657742, 33.6216403, 72.9556861, 558.07, 0.00297668, -0.02702332
 1217757702, 33.6216403, 72.9556861, 558.07, 0.002981167, -0.02701883
 1217857662, 33.6216403, 72.9556861, 558.07, 0.002984012, -0.02701599
 1217957622, 33.6216403, 72.9556861, 558.07, 0.002988942, -0.02701106
 1218057582, 33.6216403, 72.9556861, 558.07, 0.002991844, -0.02700816
 1218157542, 33.6216403, 72.9556861, 558.07, 0.002999224, -0.02700078
 1218257502, 33.6216403, 72.9556861, 558.07, 0.003005093, -0.02699491
 1218357462, 33.6216403, 72.9556861, 558.07, 0.003012309, -0.02698769
 1218457422, 33.6216403, 72.9556861, 558.07, 0.003016805, -0.02698319
 1218558215, 33.6216403, 72.9556861, 558.07, 0.003022816, -0.02697718
 1218658175, 33.6216403, 72.9556861, 558.07, 0.003028763, -0.02697124
 1218758135, 33.6216403, 72.9556861, 558.07, 0.003037116, -0.02696288
 1218858095, 33.6216403, 72.9556861, 558.07, 0.003040954, -0.02695904
 1218958055, 33.6216403, 72.9556861, 558.07, 0.003042037, -0.02695796
 1219058015, 33.6216403, 72.9556861, 558.07, 0.003043139, -0.02695686
 1219157975, 33.6216403, 72.9556861, 558.07, 0.003045212, -0.02695479
 1219257935, 33.6216403, 72.9556861, 558.07, 0.003050461, -0.02694954
 1219357895, 33.6216403, 72.9556861, 558.07, 0.003051871, -0.02694813
 1219457855, 33.6216403, 72.9556861, 558.07, 0.003047286, -0.02695271
 1219557815, 33.6216403, 72.9556861, 558.07, 0.003046524, -0.02695348
 1219657775, 33.6216403, 72.9556861, 558.07, 0.003047895, -0.0269521
 1219757735, 33.6216403, 72.9556861, 558.07, 0.003049266, -0.02695073
 1219857695, 33.6216403, 72.9556861, 558.07, 0.003050838, -0.02694916
 1219957655, 33.6216403, 72.9556861, 558.07, 0.003053401, -0.0269466
 1220057615, 33.6216403, 72.9556861, 558.07, 0.006796503, -0.0232035
 1220157575, 33.6216403, 72.9556861, 558.09, 0.02292299, -0.007077012
 1220257535, 33.6216403, 72.9556861, 558.12, 0.05235888, 0.02235889
 1220357495, 33.6216403, 72.9556861, 558.16, 0.09509329, 0.06509329
 1220457455, 33.6216403, 72.9556861, 558.22, 0.1554198, 0.1254198
 1220557415, 33.6216403, 72.9556861, 558.33, 0.2667929, 0.2367929
 1220658208, 33.6216403, 72.9556861, 558.49, 0.4206696, 0.3906696
 1220758168, 33.6216403, 72.9556861, 558.66, 0.5930103, 0.5630103
 1220858128, 33.6216403, 72.9556861, 558.84, 0.7709315, 0.7409315
 1220958088, 33.6216403, 72.9556861, 559.02, 0.9572339, 0.9272339
 1221058048, 33.6216403, 72.9556861, 559.22, 1.154134, 1.124134
 1221158008, 33.6216403, 72.9556861, 559.43, 1.36327, 1.33327
 1221257968, 33.6216403, 72.9556861, 559.65, 1.586076, 1.556076
 1221357928, 33.6216403, 72.9556861, 559.88, 1.817939, 1.787939
 1221457888, 33.6216403, 72.9556861, 560.12, 2.05883, 2.028831
 1221557848, 33.6216403, 72.9556861, 560.37, 2.308057, 2.278057
 1221657808, 33.6216403, 72.9556861, 560.63, 2.564926, 2.534926
 1221757768, 33.6216403, 72.9556861, 560.89, 2.829018, 2.799018
 1221857728, 33.6216403, 72.9556861, 561.16, 3.097674, 3.067674
 1221957688, 33.6216403, 72.9556861, 561.43, 3.369007, 3.339007
 1222057648, 33.6216403, 72.9556861, 561.71, 3.641271, 3.611271
 1222157608, 33.6216403, 72.9556861, 561.98, 3.913135, 3.883135
 1222257568, 33.6216403, 72.9556861, 562.25, 4.183852, 4.153852
 1222357528, 33.6216403, 72.9556861, 562.52, 4.452793, 4.422793
 1222457488, 33.6216403, 72.9556861, 562.78, 4.719717, 4.689716
 1222557448, 33.6216403, 72.9556861, 563.05, 4.984383, 4.954383
 1222657408, 33.6216403, 72.9556861, 563.31, 5.246731, 5.216731
 1222758201, 33.6216403, 72.9556861, 563.57, 5.508887, 5.478887
 1222858161, 33.6216403, 72.9556861, 563.83, 5.7658, 5.735799
 1222958121, 33.6216403, 72.9556861, 564.08, 6.018548, 5.988548
 1223058081, 33.6216403, 72.9556861, 564.34, 6.271629, 6.241629
 1223158041, 33.6216403, 72.9556861, 564.59, 6.52339, 6.49339
 1223258001, 33.6216403, 72.9556861, 564.84, 6.77406, 6.74406
 1223357961, 33.6216403, 72.9556861, 565.09, 7.025944, 6.995944
 1223457921, 33.6216403, 72.9556861, 565.34, 7.27523, 7.24523
 1223557881, 33.6216403, 72.9556861, 565.59, 7.5243, 7.4943
 1223657841, 33.6216403, 72.9556861, 565.84, 7.773281, 7.743281
 1223757801, 33.6216403, 72.9556861, 566.09, 8.022244, 7.992244
 1223857761, 33.6216403, 72.9556861, 566.34, 8.271183, 8.241183
 1223957721, 33.6216403, 72.9556861, 566.59, 8.520214, 8.490214
 1224057681, 33.6216403, 72.9556861, 566.83, 8.769257, 8.739257
 1224157641, 33.6216403, 72.9556861, 567.08, 9.018378, 8.988379
 1224257601, 33.6216403, 72.9556861, 567.33, 9.267523, 9.237523
 1224357561, 33.6216403, 72.9556861, 567.58, 9.51684, 9.48684
 1224457521, 33.6216403, 72.9556861, 567.83, 9.766292, 9.736292
 1224557481, 33.6216403, 72.9556861, 568.08, 10.01587, 9.98587
 1224657441, 33.6216403, 72.9556861, 568.33, 10.26558, 10.23558
 1224758234, 33.6216403, 72.9556861, 568.58, 10.51748, 10.48748
 1224858194, 33.6216403, 72.9556861, 568.83, 10.76736, 10.73736
 1224958154, 33.6216403, 72.9556861, 569.08, 11.01728, 10.98728
 1225058114, 33.6216403, 72.9556861, 569.33, 11.26517, 11.23517
 1225158074, 33.6216403, 72.9556861, 569.58, 11.51514, 11.48514
 1225258034, 33.6216403, 72.9556861, 569.83, 11.76514, 11.73514
 1225357994, 33.6216403, 72.955686, 570.08, 12.0152, 11.9852
 1225457954, 33.6216403, 72.955686, 570.33, 12.26721, 12.23721
 1225557914, 33.6216403, 72.955686, 570.58, 12.51714, 12.48714
 1225657874, 33.6216403, 72.955686, 570.83, 12.76692, 12.73692
 1225757834, 33.6216403, 72.955686, 571.08, 13.0167, 12.9867
 1225857794, 33.6216403, 72.955686, 571.33, 13.26639, 13.23639
 1225957754, 33.6216403, 72.955686, 571.58, 13.5161, 13.4861
 1226057714, 33.6216403, 72.955686, 571.83, 13.76576, 13.73576
 1226157674, 33.6216403, 72.955686, 572.08, 14.01548, 13.98548
 1226257634, 33.6216403, 72.955686, 572.33, 14.26521, 14.23521
 1226357594, 33.6216404, 72.955686, 572.58, 14.51505, 14.48505
 1226457554, 33.6216404, 72.955686, 572.83, 14.76492, 14.73492
 1226557514, 33.6216404, 72.955686, 573.08, 15.0149, 14.9849
 1226657474, 33.6216404, 72.955686, 573.33, 15.26484, 15.23484
 1226757434, 33.6216404, 72.955686, 573.58, 15.51564, 15.48564
 1226858227, 33.6216404, 72.955686, 573.83, 15.76814, 15.73814
 1226958187, 33.6216404, 72.955686, 574.08, 16.01868, 15.98868
 1227058147, 33.6216404, 72.955686, 574.33, 16.26915, 16.23915
 1227158107, 33.6216404, 72.955686, 574.58, 16.5176, 16.4876
 1227258067, 33.6216404, 72.955686, 574.83, 16.76802, 16.73802
 1227358027, 33.6216404, 72.955686, 575.08, 17.01848, 16.98848
 1227457987, 33.6216404, 72.955686, 575.33, 17.26884, 17.23884
 1227557947, 33.6216404, 72.955686, 575.59, 17.52118, 17.49118
 1227657907, 33.6216404, 72.955686, 575.84, 17.77133, 17.74133
 1227757867, 33.6216404, 72.955686, 576.09, 18.02041, 17.99041
 1227857827, 33.6216404, 72.955686, 576.33, 18.26919, 18.23919
 1227957787, 33.6216404, 72.955686, 576.58, 18.51788, 18.48788
 1228057747, 33.6216404, 72.955686, 576.83, 18.76641, 18.73641
 1228157707, 33.6216404, 72.955686, 577.08, 19.01578, 18.98578
 1228257667, 33.6216404, 72.955686, 577.33, 19.2669, 19.2369
 1228357627, 33.6216404, 72.955686, 577.58, 19.51944, 19.48944
 1228457587, 33.6216404, 72.955686, 577.84, 19.77279, 19.74279
 1228557547, 33.6216404, 72.955686, 578.09, 20.02676, 19.99676
 1228657507, 33.6216404, 72.955686, 578.35, 20.28092, 20.25092
 1228757467, 33.6216404, 72.955686, 578.6, 20.53511, 20.50511
 1228857427, 33.6216404, 72.955686, 578.85, 20.78909, 20.75909
 1228958220, 33.6216403, 72.955686, 579.11, 21.04486, 21.01486
 1229058180, 33.6216403, 72.955686, 579.36, 21.29815, 21.26815
 1229158140, 33.6216403, 72.955686, 579.62, 21.5511, 21.5211
 1229258100, 33.6216403, 72.955686, 579.87, 21.80157, 21.77157
 1229358060, 33.6216403, 72.955686, 580.12, 22.0538, 22.0238
 1229458020, 33.6216403, 72.955686, 580.37, 22.30569, 22.27569
 1229557980, 33.6216403, 72.955686, 580.62, 22.55733, 22.52733
 1229657940, 33.6216403, 72.955686, 580.88, 22.81066, 22.78065
 1229757900, 33.6216403, 72.955686, 581.13, 23.06171, 23.03171
 1229857860, 33.6216403, 72.955686, 581.38, 23.31239, 23.28239
 1229957820, 33.6216403, 72.955686, 581.63, 23.56288, 23.53288
 1230057780, 33.6216403, 72.955686, 581.88, 23.81302, 23.78302
 1230157740, 33.6216403, 72.955686, 582.13, 24.06303, 24.03303
 1230257700, 33.6216403, 72.955686, 582.38, 24.31293, 24.28293
 1230357660, 33.6216403, 72.955686, 582.63, 24.56283, 24.53283
 1230457620, 33.6216403, 72.955686, 582.88, 24.81265, 24.78265
 1230557580, 33.6216403, 72.955686, 583.13, 25.06252, 25.03252
 1230657540, 33.6216403, 72.955686, 583.38, 25.31232, 25.28232
 1230757500, 33.6216403, 72.955686, 583.63, 25.5622, 25.5322
 1230857460, 33.6216403, 72.955686, 583.88, 25.81208, 25.78208
 1230957420, 33.6216403, 72.955686, 584.13, 26.06213, 26.03213
 1231058213, 33.6216403, 72.955686, 584.38, 26.31482, 26.28482
 1231158173, 33.6216403, 72.955686, 584.63, 26.56553, 26.53553
 1231258133, 33.6216403, 72.955686, 584.88, 26.81412, 26.78412
 1231358093, 33.6216403, 72.955686, 585.13, 27.06479, 27.03479
 1231458053, 33.6216403, 72.955686, 585.38, 27.31544, 27.28544
 1231558013, 33.6216403, 72.955686, 585.63, 27.56609, 27.53609
 1231657973, 33.6216403, 72.955686, 585.88, 27.81656, 27.78656
 1231757933, 33.6216403, 72.955686, 586.13, 28.069, 28.039
 1231857893, 33.6216403, 72.955686, 586.38, 28.31926, 28.28926
 1231957853, 33.6216403, 72.955686, 586.63, 28.56945, 28.53945
 1232057813, 33.6216403, 72.955686, 586.88, 28.81947, 28.78947
 1232157773, 33.6216403, 72.955686, 587.13, 29.0695, 29.0395
 1232257733, 33.6216403, 72.955686, 587.38, 29.31935, 29.28935
 1232357693, 33.6216403, 72.955686, 587.63, 29.56918, 29.53918
 1232457653, 33.6216403, 72.955686, 587.88, 29.81886, 29.78886
 1232557613, 33.6216403, 72.955686, 588.13, 30.06851, 30.03851
 1232657573, 33.6216403, 72.955686, 588.38, 30.31803, 30.28803
 1232757533, 33.6216403, 72.955686, 588.63, 30.56769, 30.53769
 1232857493, 33.6216403, 72.955686, 588.88, 30.81729, 30.78729
 1232957453, 33.6216403, 72.955686, 589.13, 31.06697, 31.03696
 1233057413, 33.6216403, 72.955686, 589.38, 31.3166, 31.28659
 1233158206, 33.6216403, 72.955686, 589.63, 31.56824, 31.53824
 1233258166, 33.6216403, 72.955686, 589.88, 31.81673, 31.78673
 1233358126, 33.6216403, 72.955686, 590.13, 32.06297, 32.03297
 1233458086, 33.6216403, 72.955686, 590.38, 32.31103, 32.28103
 1233558046, 33.6216403, 72.955686, 590.62, 32.55913, 32.52913
 1233658006, 33.6216403, 72.955686, 590.87, 32.80716, 32.77716
 1233757966, 33.6216403, 72.955686, 591.12, 33.05737, 33.02737
 1233857926, 33.6216403, 72.955686, 591.37, 33.3056, 33.2756
 1233957886, 33.6216403, 72.955686, 591.62, 33.55401, 33.52401
 1234057846, 33.6216403, 72.955686, 591.87, 33.80246, 33.77246
 1234157806, 33.6216403, 72.955686, 592.12, 34.05116, 34.02116
 1234257766, 33.6216403, 72.955686, 592.36, 34.29988, 34.26989
 1234357726, 33.6216403, 72.955686, 592.61, 34.54883, 34.51883
 1234457686, 33.6216403, 72.955686, 592.86, 34.79789, 34.76789
 1234557646, 33.6216403, 72.955686, 593.11, 35.04721, 35.01722
 1234657606, 33.6216403, 72.955686, 593.36, 35.29662, 35.26662
 1234757566, 33.6216403, 72.955686, 593.61, 35.54623, 35.51624
 1234857526, 33.6216403, 72.955686, 593.86, 35.79588, 35.76588
 1234957486, 33.6216403, 72.955686, 594.11, 36.04571, 36.01571
 1235057446, 33.6216403, 72.955686, 594.36, 36.29554, 36.26554
 1235158239, 33.6216403, 72.955686, 594.61, 36.54754, 36.51754
 1235258199, 33.6216403, 72.955686, 594.86, 36.79745, 36.76746
 1235358159, 33.6216404, 72.955686, 595.11, 37.04744, 37.01744
 1235458119, 33.6216404, 72.955686, 595.36, 37.29527, 37.26527
 1235558079, 33.6216404, 72.955686, 595.61, 37.54521, 37.51521
 1235658039, 33.6216404, 72.955686, 595.86, 37.79515, 37.76516
 1235757999, 33.6216404, 72.955686, 596.11, 38.04525, 38.01525
 1235857959, 33.6216404, 72.955686, 596.36, 38.29774, 38.26774
 1235957919, 33.6216404, 72.955686, 596.61, 38.54839, 38.51839
 1236057879, 33.6216404, 72.955686, 596.86, 38.79906, 38.76906
 1236157839, 33.6216404, 72.955686, 597.11, 39.04985, 39.01986
 1236257799, 33.6216404, 72.955686, 597.37, 39.30059, 39.27059
 1236357759, 33.6216404, 72.955686, 597.62, 39.55133, 39.52133
 1236457719, 33.6216404, 72.955686, 597.87, 39.80189, 39.77189
 1236557679, 33.6216404, 72.955686, 598.12, 40.05247, 40.02247
 1236657639, 33.6216404, 72.955686, 598.37, 40.30293, 40.27293
 1236757599, 33.6216404, 72.955686, 598.62, 40.55338, 40.52338
 1236857559, 33.6216404, 72.955686, 598.87, 40.80364, 40.77364
 1236957519, 33.6216404, 72.955686, 599.12, 41.05392, 41.02392
 1237057479, 33.6216404, 72.955686, 599.37, 41.30407, 41.27407
 1237157439, 33.6216404, 72.955686, 599.62, 41.5543, 41.5243
 1237258232, 33.6216404, 72.955686, 599.87, 41.80636, 41.77636
 1237358192, 33.6216404, 72.955686, 600.12, 42.05632, 42.02633
 1237458152, 33.6216404, 72.955686, 600.37, 42.30609, 42.27609
 1237558112, 33.6216404, 72.955686, 600.62, 42.55386, 42.52386
 1237658072, 33.6216404, 72.955686, 600.87, 42.80349, 42.77349
 1237758032, 33.6216404, 72.955686, 601.12, 43.05317, 43.02317
 1237857992, 33.6216404, 72.955686, 601.37, 43.30275, 43.27275
 1237957952, 33.6216404, 72.955686, 601.62, 43.55443, 43.52443
 1238057912, 33.6216404, 72.955686, 601.87, 43.80401, 43.77401
 1238157872, 33.6216404, 72.955686, 602.12, 44.05351, 44.02351
 1238257832, 33.6216404, 72.955686, 602.37, 44.30165, 44.27165
 1238357792, 33.6216404, 72.955686, 602.61, 44.54743, 44.51743
 1238457752, 33.6216404, 72.955686, 602.85, 44.78979, 44.7598
 1238557712, 33.6216404, 72.955686, 603.09, 45.02813, 44.99813
 1238657672, 33.6216404, 72.955686, 603.33, 45.26179, 45.23179
 1238757632, 33.6216403, 72.955686, 603.56, 45.49046, 45.46046
 1238857592, 33.6216403, 72.955686, 603.78, 45.71369, 45.68369
 1238957552, 33.6216403, 72.955686, 604, 45.9314, 45.90141
 1239057512, 33.6216403, 72.955686, 604.21, 46.14333, 46.11333
 1239157472, 33.6216403, 72.955686, 604.41, 46.34948, 46.31948
 1239257432, 33.6216403, 72.955686, 604.61, 46.54975, 46.51975
 1239358225, 33.6216403, 72.955686, 604.81, 46.74513, 46.71513
 1239458185, 33.6216403, 72.955686, 605, 46.9329, 46.9029
 1239558145, 33.6216403, 72.955686, 605.18, 47.11487, 47.08487
 1239658105, 33.6216403, 72.955686, 605.35, 47.28968, 47.25968
 1239758065, 33.6216403, 72.955686, 605.53, 47.46045, 47.43045
 1239858025, 33.6216403, 72.955686, 605.69, 47.62565, 47.59565
 1239957985, 33.6216403, 72.955686, 605.85, 47.78553, 47.75554
 1240057945, 33.6216403, 72.955686, 606.01, 47.94122, 47.91122
 1240157905, 33.6216403, 72.955686, 606.16, 48.09039, 48.06039
 1240257865, 33.6216403, 72.955686, 606.3, 48.23421, 48.20421
 1240357825, 33.6216403, 72.955686, 606.44, 48.37283, 48.34283
 1240457785, 33.6216403, 72.955686, 606.57, 48.50618, 48.47618
 1240557745, 33.6216403, 72.955686, 606.7, 48.63429, 48.60429
 1240657705, 33.6216403, 72.955686, 606.82, 48.75706, 48.72706
 1240757665, 33.6216403, 72.955686, 606.94, 48.8745, 48.8445
 1240857625, 33.6216403, 72.955686, 607.05, 48.98648, 48.95648
 1240957585, 33.6216403, 72.955686, 607.16, 49.09316, 49.06316
 1241057545, 33.6216403, 72.955686, 607.26, 49.19434, 49.16434
 1241157505, 33.6216403, 72.955686, 607.36, 49.29012, 49.26012
 1241257465, 33.6216403, 72.955686, 607.45, 49.38037, 49.35037
 1241357425, 33.6216403, 72.955686, 607.53, 49.46511, 49.43512
 1241458218, 33.6216403, 72.955686, 607.61, 49.54477, 49.51477
 1241558178, 33.6216403, 72.955686, 607.68, 49.61839, 49.58839
 1241658138, 33.6216403, 72.955686, 607.75, 49.68618, 49.65619
 1241758098, 33.6216403, 72.955686, 607.81, 49.74769, 49.71769
 1241858058, 33.6216403, 72.955686, 607.87, 49.80377, 49.77377
 1241958018, 33.6216403, 72.955686, 607.92, 49.85379, 49.8238
 1242057978, 33.6216403, 72.955686, 607.96, 49.89746, 49.86746
 1242157938, 33.6216403, 72.955686, 608, 49.93495, 49.90495
 1242257898, 33.6216403, 72.955686, 608.03, 49.96516, 49.93516
 1242357858, 33.6216403, 72.955686, 608.05, 49.98795, 49.95795
 1242457818, 33.6216403, 72.955686, 608.07, 50.00149, 49.97149
 1242557778, 33.6216403, 72.955686, 608.07, 50.00728, 49.97728
 1242657738, 33.6216403, 72.955686, 608.07, 50.00782, 49.97782
 1242757698, 33.6216403, 72.955686, 608.07, 50.00541, 49.97541
 1242857658, 33.6216404, 72.955686, 608.07, 50.00166, 49.97166
 1242957618, 33.6216404, 72.955686, 608.06, 49.99833, 49.96833
 1243057578, 33.6216405, 72.955686, 608.06, 49.99648, 49.96648
 1243157538, 33.6216407, 72.955686, 608.06, 49.99739, 49.96739
 1243257498, 33.6216409, 72.955686, 608.07, 50.00165, 49.97165
 1243357458, 33.6216411, 72.9556861, 608.08, 50.01017, 49.98017
 1243457418, 33.6216414, 72.9556861, 608.09, 50.02323, 49.99323
 1243558211, 33.6216418, 72.9556862, 608.11, 50.04164, 50.01164
 1243658171, 33.6216422, 72.9556863, 608.13, 50.06526, 50.03526
 1243758131, 33.6216427, 72.9556864, 608.16, 50.09429, 50.06429
 1243858091, 33.6216433, 72.9556865, 608.19, 50.12938, 50.09938
 1243958051, 33.6216441, 72.9556866, 608.24, 50.17069, 50.14069
 1244058011, 33.6216449, 72.9556868, 608.28, 50.21838, 50.18838
 1244157971, 33.6216458, 72.9556869, 608.34, 50.27282, 50.24282
 1244257931, 33.6216468, 72.9556871, 608.4, 50.33472, 50.30472
 1244357891, 33.6216479, 72.9556873, 608.47, 50.40342, 50.37342
 1244457851, 33.6216492, 72.9556875, 608.54, 50.47968, 50.44968
 1244557811, 33.6216506, 72.9556878, 608.63, 50.564, 50.534
 1244657771, 33.6216521, 72.9556881, 608.72, 50.65661, 50.62661
 1244757731, 33.6216538, 72.9556884, 608.82, 50.75808, 50.72808
 1244857691, 33.6216556, 72.9556887, 608.93, 50.86855, 50.83855
 1244957651, 33.6216576, 72.9556891, 609.05, 50.98847, 50.95847
 1245057611, 33.6216597, 72.9556895, 609.18, 51.11777, 51.08777
 1245157571, 33.621662, 72.9556899, 609.32, 51.25658, 51.22659
 1245257531, 33.6216644, 72.9556903, 609.47, 51.40471, 51.37471
 1245357491, 33.621667, 72.9556908, 609.63, 51.56201, 51.53201
 1245457451, 33.6216697, 72.9556913, 609.79, 51.72797, 51.69797
 1245557411, 33.6216725, 72.9556918, 609.97, 51.9023, 51.8723
 1245658204, 33.6216755, 72.9556923, 610.15, 52.08597, 52.05597
 1245758164, 33.6216786, 72.9556929, 610.34, 52.27552, 52.24552
 1245858124, 33.6216818, 72.9556935, 610.54, 52.4702, 52.4402
 1245958084, 33.621685, 72.9556941, 610.74, 52.67295, 52.64295
 1246058044, 33.6216884, 72.9556947, 610.95, 52.88161, 52.85161
 1246158004, 33.6216919, 72.9556953, 611.16, 53.09584, 53.06585
 1246257964, 33.6216954, 72.955696, 611.38, 53.31699, 53.28699
 1246357924, 33.621699, 72.9556966, 611.61, 53.54102, 53.51102
 1246457884, 33.6217027, 72.9556973, 611.83, 53.76921, 53.73921
 1246557844, 33.6217065, 72.955698, 612.07, 54.00123, 53.97123
 1246657804, 33.6217103, 72.9556987, 612.3, 54.23658, 54.20658
 1246757764, 33.6217142, 72.9556994, 612.54, 54.47492, 54.44492
 1246857724, 33.6217181, 72.9557001, 612.78, 54.71573, 54.68573
 1246957684, 33.621722, 72.9557008, 613.02, 54.95871, 54.92871
 1247057644, 33.621726, 72.9557016, 613.27, 55.20335, 55.17335
 1247157604, 33.62173, 72.9557023, 613.51, 55.44926, 55.41927
 1247257564, 33.6217341, 72.955703, 613.76, 55.69596, 55.66597
 1247357524, 33.6217382, 72.9557037, 614.01, 55.94312, 55.91312
 1247457484, 33.6217422, 72.9557045, 614.26, 56.19028, 56.16028
 1247557444, 33.6217463, 72.9557052, 614.5, 56.43768, 56.40768
 1247658237, 33.6217504, 72.9557059, 614.75, 56.68683, 56.65683
 1247758197, 33.6217545, 72.9557066, 615, 56.93373, 56.90373
 1247858157, 33.6217586, 72.9557073, 615.25, 57.18022, 57.15022
 1247958117, 33.6217627, 72.955708, 615.49, 57.42441, 57.39441
 1248058077, 33.6217668, 72.9557088, 615.74, 57.67028, 57.64029
 1248158037, 33.621771, 72.9557095, 615.98, 57.91594, 57.88594
 1248257997, 33.6217751, 72.9557102, 616.23, 58.16134, 58.13134
 1248357957, 33.6217793, 72.9557109, 616.47, 58.40856, 58.37856
 1248457917, 33.6217835, 72.9557117, 616.72, 58.65356, 58.62356
 1248557877, 33.6217877, 72.9557124, 616.96, 58.89759, 58.8676
 1248657837, 33.6217919, 72.9557132, 617.21, 59.14123, 59.11123
 1248757797, 33.6217961, 72.9557139, 617.45, 59.38473, 59.35473
 1248857757, 33.6218004, 72.9557147, 617.69, 59.62813, 59.59813
 1248957717, 33.6218046, 72.9557154, 617.94, 59.87165, 59.84166
 1249057677, 33.6218088, 72.9557162, 618.18, 60.11528, 60.08528
 1249157637, 33.6218131, 72.9557169, 618.42, 60.35915, 60.32915
 1249257597, 33.6218174, 72.9557177, 618.67, 60.60323, 60.57323
 1249357557, 33.6218216, 72.9557185, 618.91, 60.84765, 60.81765
 1249457517, 33.6218259, 72.9557192, 619.16, 61.09233, 61.06234
 1249557477, 33.6218302, 72.95572, 619.4, 61.33739, 61.30739
 1249657437, 33.6218345, 72.9557207, 619.65, 61.58269, 61.55269
 1249758230, 33.6218388, 72.9557215, 619.9, 61.83028, 61.80028
 1249858190, 33.6218431, 72.9557223, 620.14, 62.0761, 62.0461
 1249958150, 33.6218474, 72.955723, 620.39, 62.32225, 62.29226
 1250058110, 33.6218516, 72.9557238, 620.63, 62.56652, 62.53652
 1250158070, 33.6218559, 72.9557245, 620.88, 62.81307, 62.78307
 1250258030, 33.6218602, 72.9557253, 621.12, 63.05981, 63.02981
 1250357990, 33.6218645, 72.955726, 621.37, 63.30677, 63.27677
 1250457950, 33.6218688, 72.9557268, 621.62, 63.55583, 63.52583
 1250557910, 33.6218731, 72.9557276, 621.87, 63.80303, 63.77303
 1250657870, 33.6218773, 72.9557283, 622.12, 64.05025, 64.02026
 1250757830, 33.6218816, 72.9557291, 622.36, 64.29761, 64.26761
 1250857790, 33.6218859, 72.9557299, 622.61, 64.54497, 64.51497
 1250957750, 33.6218902, 72.9557306, 622.86, 64.79239, 64.76239
 1251057710, 33.6218944, 72.9557314, 623.1, 65.03983, 65.00983
 1251157670, 33.6218987, 72.9557322, 623.35, 65.28742, 65.25742
 1251257630, 33.6219029, 72.9557329, 623.6, 65.53503, 65.50504
 1251357590, 33.6219072, 72.9557337, 623.85, 65.78279, 65.75279
 1251457550, 33.6219115, 72.9557344, 624.1, 66.03067, 66.00067
 1251557510, 33.6219157, 72.9557352, 624.34, 66.27872, 66.24872
 1251657470, 33.62192, 72.955736, 624.59, 66.52679, 66.49679
 1251757430, 33.6219242, 72.9557367, 624.84, 66.77501, 66.74501
 1251858223, 33.6219285, 72.9557375, 625.09, 67.02592, 66.99592
 1251958183, 33.6219328, 72.9557383, 625.34, 67.27496, 67.24496
 1252058143, 33.621937, 72.955739, 625.59, 67.52405, 67.49405
 1252158103, 33.6219412, 72.9557398, 625.84, 67.77123, 67.74123
 1252258063, 33.6219454, 72.9557406, 626.09, 68.02039, 67.99039
 1252358023, 33.6219496, 72.9557413, 626.33, 68.2696, 68.2396
 1252457983, 33.6219539, 72.9557421, 626.58, 68.51875, 68.48875
 1252557943, 33.6219581, 72.9557428, 626.83, 68.76997, 68.73997
 1252657903, 33.6219623, 72.9557436, 627.08, 69.01903, 68.98903
 1252757863, 33.6219666, 72.9557444, 627.33, 69.26811, 69.23811
 1252857823, 33.6219708, 72.9557451, 627.58, 69.51716, 69.48716
 1252957783, 33.621975, 72.9557459, 627.83, 69.7662, 69.7362
 1253057743, 33.6219793, 72.9557466, 628.08, 70.01512, 69.98512
 1253157703, 33.6219835, 72.9557474, 628.33, 70.26408, 70.23409
 1253257663, 33.6219877, 72.9557482, 628.58, 70.51292, 70.48293
 1253357623, 33.621992, 72.9557489, 628.83, 70.76181, 70.73181
 1253457583, 33.6219962, 72.9557497, 629.08, 71.01063, 70.98063
 1253557543, 33.6220005, 72.9557505, 629.32, 71.25952, 71.22952
 1253657503, 33.6220047, 72.9557512, 629.57, 71.50835, 71.47835
 1253757463, 33.622009, 72.955752, 629.82, 71.75729, 71.72729
 1253857423, 33.6220132, 72.9557528, 630.07, 72.00616, 71.97616
 1253958216, 33.6220175, 72.9557535, 630.32, 72.25711, 72.22711
 1254058176, 33.6220217, 72.9557543, 630.57, 72.50594, 72.47594
 1254158136, 33.622026, 72.9557551, 630.82, 72.7518, 72.7218
 1254258096, 33.6220302, 72.9557558, 631.06, 72.99935, 72.96935
 1254358056, 33.6220345, 72.9557566, 631.31, 73.24684, 73.21684
 1254458016, 33.6220387, 72.9557574, 631.56, 73.49426, 73.46426
 1254557976, 33.622043, 72.9557581, 631.81, 73.74188, 73.71188
 1254657936, 33.6220472, 72.9557589, 632.06, 73.99162, 73.96162
 1254757896, 33.6220515, 72.9557596, 632.3, 74.23953, 74.20953
 1254857856, 33.6220558, 72.9557604, 632.55, 74.4875, 74.4575
 1254957816, 33.62206, 72.9557612, 632.8, 74.73567, 74.70567
 1255057776, 33.6220643, 72.9557619, 633.05, 74.98392, 74.95392
 1255157736, 33.6220685, 72.9557627, 633.3, 75.2324, 75.2024
 1255257696, 33.6220728, 72.9557635, 633.55, 75.48101, 75.45101
 1255357656, 33.622077, 72.9557642, 633.79, 75.72984, 75.69984
 1255457616, 33.6220813, 72.955765, 634.04, 75.97881, 75.94881
 1255557576, 33.6220855, 72.9557657, 634.29, 76.22806, 76.19806
 1255657536, 33.6220897, 72.9557665, 634.54, 76.47742, 76.44742
 1255757496, 33.622094, 72.9557673, 634.79, 76.72694, 76.69694
 1255857456, 33.6220983, 72.955768, 635.04, 76.9764, 76.9464
 1255957416, 33.6221025, 72.9557688, 635.29, 77.22598, 77.19598
 1256058209, 33.6221068, 72.9557695, 635.54, 77.47757, 77.44757
 1256158169, 33.622111, 72.9557703, 635.79, 77.72724, 77.69724
 1256258129, 33.6221153, 72.955771, 636.04, 77.97485, 77.94485
 1256358089, 33.6221195, 72.9557718, 636.29, 78.22461, 78.19461
 1256458049, 33.6221238, 72.9557726, 636.54, 78.47424, 78.44424
 1256558009, 33.622128, 72.9557733, 636.79, 78.72391, 78.69391
 1256657969, 33.6221323, 72.9557741, 637.04, 78.97606, 78.94606
 1256757929, 33.6221365, 72.9557748, 637.29, 79.22636, 79.19636
 1256857889, 33.6221408, 72.9557756, 637.54, 79.47676, 79.44676
 1256957849, 33.622145, 72.9557763, 637.79, 79.72724, 79.69724
 1257057809, 33.6221492, 72.9557771, 638.04, 79.97761, 79.94761
 1257157769, 33.6221535, 72.9557779, 638.29, 80.22805, 80.19805
 1257257729, 33.6221577, 72.9557786, 638.54, 80.47838, 80.44838
 1257357689, 33.6221619, 72.9557794, 638.79, 80.72871, 80.69871
 1257457649, 33.6221662, 72.9557801, 639.04, 80.97886, 80.94886
 1257557609, 33.6221704, 72.9557809, 639.29, 81.22901, 81.19901
 1257657569, 33.6221746, 72.9557817, 639.54, 81.47906, 81.44907
 1257757529, 33.6221789, 72.9557824, 639.79, 81.72913, 81.69913
 1257857489, 33.6221831, 72.9557832, 640.04, 81.97904, 81.94904
 1257957449, 33.6221873, 72.9557839, 640.29, 82.229, 82.19901
 1258057409, 33.6221916, 72.9557847, 640.54, 82.47885, 82.44885
 1258158202, 33.6221959, 72.9557855, 640.8, 82.73064, 82.70064
 1258258162, 33.6222001, 72.9557862, 641.05, 82.98019, 82.9502
 1258358122, 33.6222043, 72.955787, 641.29, 83.22774, 83.19774
 1258458082, 33.6222086, 72.9557878, 641.54, 83.47729, 83.44729
 1258558042, 33.6222128, 72.9557885, 641.79, 83.72691, 83.69691
 1258658002, 33.6222171, 72.9557893, 642.04, 83.97645, 83.94645
 1258757962, 33.6222214, 72.95579, 642.29, 84.22812, 84.19812
 1258857922, 33.6222256, 72.9557908, 642.54, 84.47765, 84.44765
 1258957882, 33.6222299, 72.9557916, 642.79, 84.7272, 84.6972
 1259057842, 33.6222342, 72.9557923, 643.04, 84.97663, 84.94663
 1259157802, 33.6222384, 72.9557931, 643.29, 85.2261, 85.19611
 1259257762, 33.6222427, 72.9557939, 643.54, 85.47546, 85.44546
 1259357722, 33.6222469, 72.9557946, 643.79, 85.72491, 85.69491
 1259457682, 33.6222512, 72.9557954, 644.04, 85.97424, 85.94424
 1259557642, 33.6222554, 72.9557961, 644.29, 86.22366, 86.19366
 1259657602, 33.6222597, 72.9557969, 644.54, 86.47301, 86.44302
 1259757562, 33.6222639, 72.9557977, 644.79, 86.72243, 86.69243
 1259857522, 33.6222682, 72.9557984, 645.04, 86.97184, 86.94184
 1259957482, 33.6222725, 72.9557992, 645.29, 87.22139, 87.19139
 1260057442, 33.6222767, 72.9557999, 645.54, 87.47093, 87.44093
 1260158235, 33.622281, 72.9558007, 645.79, 87.72173, 87.69173
 1260258195, 33.6222852, 72.9558015, 646.04, 87.97016, 87.94016
 1260358155, 33.6222895, 72.9558022, 646.28, 88.21854, 88.18855
 1260458115, 33.6222937, 72.955803, 646.53, 88.46478, 88.43478
 1260558075, 33.622298, 72.9558037, 646.78, 88.71317, 88.68317
 1260658035, 33.6223022, 72.9558045, 647.03, 88.96161, 88.93161
 1260757995, 33.6223065, 72.9558053, 647.28, 89.21024, 89.18024
 1260857955, 33.6223108, 72.955806, 647.53, 89.46093, 89.43093
 1260957915, 33.622315, 72.9558068, 647.77, 89.70976, 89.67976
 1261057875, 33.6223193, 72.9558076, 648.02, 89.95871, 89.92871
 1261157835, 33.6223236, 72.9558083, 648.27, 90.20797, 90.17797
 1261257795, 33.6223278, 72.9558091, 648.52, 90.45737, 90.42737
 1261357755, 33.6223321, 72.9558098, 648.77, 90.70699, 90.67699
 1261457715, 33.6223363, 72.9558106, 649.02, 90.95662, 90.92662
 1261557675, 33.6223406, 72.9558114, 649.27, 91.20643, 91.17643
 1261657635, 33.6223448, 72.9558121, 649.52, 91.45627, 91.42627
 1261757595, 33.6223491, 72.9558129, 649.77, 91.70625, 91.67625
 1261857555, 33.6223533, 72.9558136, 650.02, 91.95623, 91.92623
 1261957515, 33.6223576, 72.9558144, 650.27, 92.20633, 92.17633
 1262057475, 33.6223618, 72.9558152, 650.52, 92.45633, 92.42633
 1262157435, 33.6223661, 72.9558159, 650.77, 92.70641, 92.67641
 1262258228, 33.6223704, 72.9558167, 651.02, 92.95885, 92.92886
 1262358188, 33.6223746, 72.9558175, 651.27, 93.20959, 93.17959
 1262458148, 33.6223788, 72.9558182, 651.53, 93.46032, 93.43032
 1262558108, 33.622383, 72.955819, 651.77, 93.70909, 93.67909
 1262658068, 33.6223873, 72.9558197, 652.02, 93.95985, 93.92986
 1262758028, 33.6223915, 72.9558205, 652.28, 94.21069, 94.18069
 1262857988, 33.6223957, 72.9558212, 652.53, 94.4613, 94.4313
 1262957948, 33.6224, 72.955822, 652.78, 94.71372, 94.68372
 1263057908, 33.6224042, 72.9558228, 653.03, 94.96341, 94.93341
 1263157868, 33.6224084, 72.9558235, 653.28, 95.21212, 95.18212
 1263257828, 33.6224125, 72.9558243, 653.52, 95.45925, 95.42925
 1263357788, 33.6224167, 72.955825, 653.77, 95.70445, 95.67445
 1263457748, 33.6224208, 72.9558257, 654.01, 95.94706, 95.91706
 1263557708, 33.6224248, 72.9558265, 654.25, 96.18669, 96.15669
 1263657668, 33.6224288, 72.9558272, 654.49, 96.4227, 96.3927
 1263757628, 33.6224328, 72.9558279, 654.72, 96.65469, 96.62469
 1263857588, 33.6224366, 72.9558286, 654.95, 96.88199, 96.85199
 1263957548, 33.6224404, 72.9558292, 655.17, 97.10422, 97.07422
 1264057508, 33.6224441, 72.9558299, 655.39, 97.32065, 97.29065
 1264157468, 33.6224477, 72.9558306, 655.6, 97.53069, 97.50069
 1264257428, 33.6224511, 72.9558312, 655.8, 97.73357, 97.70357
 1264358221, 33.6224545, 72.9558319, 656, 97.93021, 97.90021
 1264458181, 33.6224576, 72.9558325, 656.18, 98.11659, 98.08659
 1264558141, 33.6224606, 72.9558331, 656.36, 98.29303, 98.26303
 1264658101, 33.6224634, 72.9558337, 656.52, 98.45802, 98.42802
 1264758061, 33.622466, 72.9558343, 656.68, 98.61382, 98.58382
 1264858021, 33.6224683, 72.9558349, 656.82, 98.75841, 98.72841
 1264957981, 33.6224704, 72.9558355, 656.96, 98.89128, 98.86128
 1265057941, 33.6224723, 72.9558361, 657.08, 99.01283, 98.98283
 1265157901, 33.6224739, 72.9558367, 657.19, 99.12085, 99.09085
 1265257861, 33.6224753, 72.9558373, 657.28, 99.21611, 99.18611
 1265357821, 33.6224763, 72.9558379, 657.36, 99.29858, 99.26859
 1265457781, 33.6224771, 72.9558385, 657.43, 99.36829, 99.33829
 1265557741, 33.6224775, 72.9558391, 657.49, 99.42552, 99.39552
 1265657701, 33.6224777, 72.9558397, 657.54, 99.47048, 99.44048
 1265757661, 33.6224775, 72.9558403, 657.57, 99.50362, 99.47363
 1265857621, 33.6224771, 72.9558409, 657.59, 99.52522, 99.49522
 1265957581, 33.6224763, 72.9558416, 657.6, 99.53587, 99.50587
 1266057541, 33.6224752, 72.9558423, 657.6, 99.536, 99.506
 1266157501, 33.6224738, 72.955843, 657.59, 99.5263, 99.4963
 1266257461, 33.6224721, 72.9558437, 657.57, 99.50717, 99.47717
 1266357421, 33.62247, 72.9558445, 657.54, 99.47929, 99.4493
 1266458214, 33.6224677, 72.9558453, 657.51, 99.44281, 99.41281
 1266558174, 33.6224651, 72.9558461, 657.46, 99.399, 99.369
 1266658134, 33.6224623, 72.9558469, 657.41, 99.34843, 99.31843
 1266758094, 33.6224591, 72.9558478, 657.36, 99.29097, 99.26097
 1266858054, 33.6224557, 72.9558487, 657.29, 99.22736, 99.19736
 1266958014, 33.6224521, 72.9558497, 657.22, 99.15827, 99.12827
 1267057974, 33.6224483, 72.9558506, 657.15, 99.08401, 99.05402
 1267157934, 33.6224442, 72.9558516, 657.07, 99.00454, 98.97454
 1267257894, 33.6224399, 72.9558526, 656.99, 98.92133, 98.89133
 1267357854, 33.6224355, 72.9558536, 656.9, 98.8343, 98.8043
 1267457814, 33.6224309, 72.9558547, 656.81, 98.74368, 98.71368
 1267557774, 33.6224261, 72.9558558, 656.71, 98.64993, 98.61993
 1267657734, 33.6224211, 72.9558569, 656.62, 98.55315, 98.52316
 1267757694, 33.622416, 72.9558581, 656.52, 98.4536, 98.4236
 1267857654, 33.6224107, 72.9558593, 656.42, 98.35126, 98.32126
 1267957614, 33.6224053, 72.9558606, 656.31, 98.24631, 98.21631
 1268057574, 33.6223998, 72.955862, 656.2, 98.13872, 98.10872
 1268157534, 33.6223941, 72.9558634, 656.09, 98.02872, 97.99872
 1268257494, 33.6223882, 72.9558648, 655.98, 97.91631, 97.88631
 1268357454, 33.6223823, 72.9558663, 655.87, 97.80087, 97.77087
 1268457414, 33.6223762, 72.9558678, 655.75, 97.68391, 97.65391
 1268558207, 33.6223699, 72.9558694, 655.63, 97.56403, 97.53403
 1268658167, 33.6223637, 72.9558709, 655.51, 97.44302, 97.41302
 1268758127, 33.6223573, 72.9558725, 655.39, 97.32108, 97.29108
 1268858087, 33.6223508, 72.9558741, 655.26, 97.19626, 97.16626
 1268958047, 33.6223442, 72.9558757, 655.13, 97.06966, 97.03967
 1269058007, 33.6223375, 72.9558774, 655.01, 96.94132, 96.91132
 1269157967, 33.6223306, 72.955879, 654.88, 96.81033, 96.78033
 1269257927, 33.6223237, 72.9558806, 654.74, 96.67886, 96.64886
 1269357887, 33.6223167, 72.9558822, 654.61, 96.54668, 96.51669
 1269457847, 33.6223096, 72.9558839, 654.48, 96.41327, 96.38327
 1269557807, 33.6223024, 72.9558855, 654.34, 96.27879, 96.24879
 1269657767, 33.6222952, 72.9558872, 654.21, 96.14328, 96.11328
 1269757727, 33.6222879, 72.9558888, 654.07, 96.00694, 95.97694
 1269857687, 33.6222805, 72.9558905, 653.93, 95.86984, 95.83984
 1269957647, 33.6222731, 72.9558922, 653.8, 95.73215, 95.70215
 1270057607, 33.6222656, 72.955894, 653.66, 95.59393, 95.56393
 1270157567, 33.6222581, 72.9558957, 653.52, 95.45535, 95.42535
 1270257527, 33.6222505, 72.9558975, 653.38, 95.31646, 95.28646
 1270357487, 33.6222429, 72.9558993, 653.24, 95.1774, 95.1474
 1270457447, 33.6222354, 72.9559011, 653.1, 95.03821, 95.00821
 1270558240, 33.6222277, 72.955903, 652.96, 94.89789, 94.86789
 1270658200, 33.6222201, 72.9559049, 652.82, 94.75869, 94.72869
 1270758160, 33.6222125, 72.9559068, 652.68, 94.61951, 94.58952
 1270858120, 33.6222049, 72.9559087, 652.55, 94.48138, 94.45138
 1270958080, 33.6221972, 72.9559106, 652.41, 94.34216, 94.31216
 1271058040, 33.6221895, 72.9559126, 652.27, 94.20296, 94.17297
 1271158000, 33.6221819, 72.9559145, 652.13, 94.06376, 94.03376
 1271257960, 33.6221741, 72.9559165, 651.99, 93.92348, 93.89348
 1271357920, 33.6221664, 72.9559185, 651.85, 93.78429, 93.75429
 1271457880, 33.6221586, 72.9559204, 651.71, 93.64507, 93.61507
 1271557840, 33.6221509, 72.9559223, 651.57, 93.5058, 93.4758
 1271657800, 33.6221431, 72.9559243, 651.43, 93.36646, 93.33646
 1271757760, 33.6221353, 72.9559262, 651.29, 93.22699, 93.19699
 1271857720, 33.6221275, 72.9559281, 651.15, 93.08735, 93.05735
 1271957680, 33.6221197, 72.95593, 651.01, 92.94752, 92.91752
 1272057640, 33.6221119, 72.9559319, 650.87, 92.80752, 92.77752
 1272157600, 33.6221041, 72.9559338, 650.73, 92.66733, 92.63733
 1272257560, 33.6220963, 72.9559357, 650.59, 92.52691, 92.49691
 1272357520, 33.6220884, 72.9559376, 650.45, 92.38625, 92.35625
 1272457480, 33.6220806, 72.9559395, 650.31, 92.24535, 92.21535
 1272557440, 33.6220727, 72.9559414, 650.17, 92.10421, 92.07421
 1272658233, 33.6220648, 72.9559433, 650.03, 91.96089, 91.93089
 1272758193, 33.6220569, 72.9559453, 649.88, 91.81881, 91.78881
 1272858153, 33.622049, 72.9559472, 649.74, 91.6765, 91.6465
 1272958113, 33.6220412, 72.9559491, 649.6, 91.53504, 91.50504
 1273058073, 33.6220334, 72.9559511, 649.46, 91.39223, 91.36223
 1273158033, 33.6220255, 72.955953, 649.31, 91.24918, 91.21918
 1273257993, 33.6220176, 72.955955, 649.17, 91.10598, 91.07598
 1273357953, 33.6220097, 72.9559569, 649.03, 90.96146, 90.93146
 1273457913, 33.6220018, 72.9559589, 648.88, 90.81789, 90.7879
 1273557873, 33.6219939, 72.9559609, 648.74, 90.6741, 90.6441
 1273657833, 33.621986, 72.9559629, 648.6, 90.53011, 90.50011
 1273757793, 33.6219781, 72.9559648, 648.45, 90.38589, 90.35589
 1273857753, 33.6219702, 72.9559668, 648.31, 90.24149, 90.21149
 1273957713, 33.6219623, 72.9559688, 648.16, 90.09694, 90.06694
 1274057673, 33.6219543, 72.9559707, 648.02, 89.95227, 89.92227
 1274157633, 33.6219464, 72.9559727, 647.87, 89.80739, 89.77739
 1274257593, 33.6219384, 72.9559746, 647.73, 89.66238, 89.63239
 1274357553, 33.6219305, 72.9559766, 647.58, 89.51716, 89.48716
 1274457513, 33.6219225, 72.9559786, 647.44, 89.37182, 89.34182
 1274557473, 33.6219145, 72.9559805, 647.29, 89.22633, 89.19633
 1274657433, 33.6219065, 72.9559825, 647.15, 89.08075, 89.05075
 1274758226, 33.6218985, 72.9559844, 647, 88.93384, 88.90384
 1274858186, 33.6218905, 72.9559864, 646.85, 88.78802, 88.75802
 1274958146, 33.6218825, 72.9559884, 646.71, 88.64277, 88.61277
 1275058106, 33.6218746, 72.9559903, 646.56, 88.49871, 88.46871
 1275158066, 33.6218666, 72.9559923, 646.42, 88.35333, 88.32333
 1275258026, 33.6218586, 72.9559942, 646.27, 88.20789, 88.17789
 1275357986, 33.6218506, 72.9559962, 646.13, 88.06232, 88.03233
 1275457946, 33.6218425, 72.9559982, 645.98, 87.91544, 87.88544
 1275557906, 33.6218345, 72.9560002, 645.83, 87.76949, 87.73949
 1275657866, 33.6218264, 72.9560022, 645.69, 87.62335, 87.59335
 1275757826, 33.6218184, 72.9560042, 645.54, 87.47691, 87.44691
 1275857786, 33.6218104, 72.9560062, 645.4, 87.33035, 87.30035
 1275957746, 33.6218024, 72.9560082, 645.25, 87.18365, 87.15366
 1276057706, 33.6217943, 72.9560101, 645.1, 87.03682, 87.00682
 1276157666, 33.6217863, 72.9560121, 644.95, 86.88979, 86.85979
 1276257626, 33.6217783, 72.9560141, 644.81, 86.74265, 86.71265
 1276357586, 33.6217703, 72.9560161, 644.66, 86.59534, 86.56534
 1276457546, 33.6217622, 72.9560181, 644.51, 86.44788, 86.41788
 1276557506, 33.6217542, 72.9560201, 644.37, 86.30025, 86.27026
 1276657466, 33.6217461, 72.9560221, 644.22, 86.15252, 86.12252
 1276757426, 33.6217381, 72.956024, 644.07, 86.00465, 85.97466
 1276858219, 33.62173, 72.956026, 643.92, 85.85555, 85.82555
 1276958179, 33.6217219, 72.956028, 643.77, 85.70753, 85.67753
 1277058139, 33.6217139, 72.95603, 643.62, 85.55945, 85.52945
 1277158099, 33.6217059, 72.9560319, 643.48, 85.41244, 85.38244
 1277258059, 33.6216978, 72.9560339, 643.33, 85.2642, 85.2342
 1277358019, 33.6216898, 72.9560359, 643.18, 85.11584, 85.08585
 1277457979, 33.6216817, 72.9560379, 643.03, 84.9675, 84.9375
 1277557939, 33.6216736, 72.9560399, 642.88, 84.81744, 84.78745
 1277657899, 33.6216655, 72.9560419, 642.73, 84.66873, 84.63873
 1277757859, 33.6216575, 72.9560438, 642.58, 84.51989, 84.48989
 1277857819, 33.6216495, 72.9560458, 642.44, 84.37103, 84.34103
 1277957779, 33.6216415, 72.9560478, 642.29, 84.22207, 84.19207
 1278057739, 33.6216334, 72.9560498, 642.14, 84.07312, 84.04312
 1278157699, 33.6216254, 72.9560518, 641.99, 83.92406, 83.89406
 1278257659, 33.6216174, 72.9560537, 641.84, 83.77498, 83.74498
 1278357619, 33.6216093, 72.9560557, 641.69, 83.62583, 83.59583
 1278457579, 33.6216013, 72.9560577, 641.54, 83.47674, 83.44674
 1278557539, 33.6215933, 72.9560597, 641.39, 83.3276, 83.2976
 1278657499, 33.6215852, 72.9560617, 641.24, 83.1785, 83.14851
 1278757459, 33.6215772, 72.9560637, 641.09, 83.0294, 82.9994
 1278857419, 33.6215691, 72.9560657, 640.95, 82.88038, 82.85038
 1278958212, 33.621561, 72.9560677, 640.8, 82.73017, 82.70017
 1279058172, 33.6215529, 72.9560697, 640.65, 82.58131, 82.55132
 1279158132, 33.6215449, 72.9560716, 640.5, 82.43365, 82.40366
 1279258092, 33.6215369, 72.9560736, 640.35, 82.28486, 82.25486
 1279358052, 33.6215288, 72.9560756, 640.2, 82.13599, 82.10599
 1279458012, 33.6215207, 72.9560776, 640.05, 81.98714, 81.95715
 1279557972, 33.6215126, 72.9560796, 639.9, 81.83826, 81.80826
 1279657932, 33.6215045, 72.9560816, 639.75, 81.68818, 81.65818
 1279757892, 33.6214964, 72.9560836, 639.6, 81.53922, 81.50922
 1279857852, 33.6214883, 72.9560856, 639.46, 81.39026, 81.36026
 1279957812, 33.6214802, 72.9560876, 639.31, 81.2412, 81.2112
 1280057772, 33.6214721, 72.9560896, 639.16, 81.09216, 81.06216
 1280157732, 33.621464, 72.9560916, 639.01, 80.94307, 80.91307
 1280257692, 33.6214559, 72.9560936, 638.86, 80.79405, 80.76405
 1280357652, 33.6214479, 72.9560956, 638.71, 80.64497, 80.61497
 1280457612, 33.6214398, 72.9560976, 638.56, 80.4959, 80.4659
 1280557572, 33.6214317, 72.9560996, 638.41, 80.3467, 80.3167
 1280657532, 33.6214236, 72.9561015, 638.26, 80.19757, 80.16757
 1280757492, 33.6214155, 72.9561035, 638.11, 80.04839, 80.01839
 1280857452, 33.6214074, 72.9561055, 637.96, 79.89922, 79.86922
 1280957412, 33.6213993, 72.9561075, 637.81, 79.74993, 79.71993
 1281058205, 33.6213912, 72.9561095, 637.67, 79.59999, 79.56999
 1281158165, 33.6213831, 72.9561115, 637.52, 79.45132, 79.42133
 1281258125, 33.621375, 72.9561135, 637.37, 79.30402, 79.27402
 1281358085, 33.6213669, 72.9561155, 637.22, 79.15543, 79.12543
 1281458045, 33.6213588, 72.9561175, 637.07, 79.00687, 78.97688
 1281558005, 33.6213507, 72.9561195, 636.92, 78.85814, 78.82814
 1281657965, 33.6213426, 72.9561215, 636.77, 78.7081, 78.6781
 1281757925, 33.6213345, 72.9561235, 636.62, 78.55914, 78.52914
 1281857885, 33.6213264, 72.9561255, 636.48, 78.41016, 78.38016
 1281957845, 33.6213183, 72.9561275, 636.33, 78.26103, 78.23103
 1282057805, 33.6213102, 72.9561295, 636.18, 78.11189, 78.08189
 1282157765, 33.6213021, 72.9561315, 636.03, 77.9626, 77.9326
 1282257725, 33.621294, 72.9561335, 635.88, 77.81324, 77.78324
 1282357685, 33.6212859, 72.9561355, 635.73, 77.66371, 77.63371
 1282457645, 33.6212778, 72.9561375, 635.58, 77.51421, 77.48421
 1282557605, 33.6212697, 72.9561395, 635.43, 77.36462, 77.33462
 1282657565, 33.6212616, 72.9561415, 635.28, 77.21496, 77.18496
 1282757525, 33.6212535, 72.9561434, 635.13, 77.06519, 77.03519
 1282857485, 33.6212454, 72.9561454, 634.98, 76.91545, 76.88545
 1282957445, 33.6212373, 72.9561474, 634.83, 76.76561, 76.73561
 1283058238, 33.6212292, 72.9561494, 634.68, 76.6144, 76.5844
 1283158198, 33.6212211, 72.9561514, 634.53, 76.46423, 76.43423
 1283258158, 33.621213, 72.9561534, 634.38, 76.31412, 76.28412
 1283358118, 33.6212051, 72.9561554, 634.23, 76.16511, 76.13511
 1283458078, 33.621197, 72.9561574, 634.08, 76.01486, 75.98486
 1283558038, 33.621189, 72.9561593, 633.93, 75.86451, 75.83451
 1283657998, 33.621181, 72.9561613, 633.78, 75.71423, 75.68423
 1283757958, 33.6211729, 72.9561633, 633.63, 75.56271, 75.53271
 1283857918, 33.6211648, 72.9561653, 633.48, 75.41259, 75.38259
 1283957878, 33.6211568, 72.9561673, 633.33, 75.26254, 75.23254
 1284057838, 33.6211487, 72.9561693, 633.18, 75.11266, 75.08266
 1284157798, 33.6211407, 72.9561712, 633.03, 74.96275, 74.93275
 1284257758, 33.6211326, 72.9561732, 632.88, 74.81293, 74.78294
 1284357718, 33.6211246, 72.9561752, 632.73, 74.66311, 74.63311
 1284457678, 33.6211165, 72.9561772, 632.58, 74.5134, 74.48341
 1284557638, 33.6211084, 72.9561792, 632.43, 74.36362, 74.33363
 1284657598, 33.6211003, 72.9561812, 632.28, 74.21389, 74.18389
 1284757558, 33.6210922, 72.9561832, 632.13, 74.06409, 74.0341
 1284857518, 33.6210842, 72.9561852, 631.98, 73.91434, 73.88435
 1284957478, 33.6210761, 72.9561872, 631.83, 73.76457, 73.73457
 1285057438, 33.621068, 72.9561892, 631.68, 73.61481, 73.58481
 1285158231, 33.6210598, 72.9561912, 631.53, 73.46372, 73.43372
 1285258191, 33.6210517, 72.9561932, 631.38, 73.31396, 73.28397
 1285358151, 33.6210436, 72.9561952, 631.23, 73.16469, 73.13469
 1285458111, 33.6210356, 72.9561972, 631.08, 73.01685, 72.98685
 1285558071, 33.6210274, 72.9561992, 630.93, 72.86774, 72.83775
 1285658031, 33.6210193, 72.9562012, 630.78, 72.71868, 72.68868
 1285757991, 33.6210112, 72.9562032, 630.63, 72.56959, 72.53959
 1285857951, 33.621003, 72.9562052, 630.48, 72.41932, 72.38932
 1285957911, 33.6209949, 72.9562072, 630.34, 72.2702, 72.2402
 1286057871, 33.6209868, 72.9562092, 630.19, 72.12103, 72.09103
 1286157831, 33.6209787, 72.9562112, 630.04, 71.97169, 71.9417
 1286257791, 33.6209706, 72.9562132, 629.89, 71.82231, 71.79231
 1286357751, 33.6209624, 72.9562152, 629.74, 71.67277, 71.64277
 1286457711, 33.6209543, 72.9562172, 629.59, 71.52322, 71.49322
 1286557671, 33.6209462, 72.9562192, 629.44, 71.37357, 71.34357
 1286657631, 33.6209381, 72.9562212, 629.29, 71.22388, 71.19389
 1286757591, 33.62093, 72.9562232, 629.14, 71.07404, 71.04404
 1286857551, 33.6209219, 72.9562252, 628.99, 70.92418, 70.89418
 1286957511, 33.6209138, 72.9562272, 628.84, 70.77419, 70.74419
 1287057471, 33.6209057, 72.9562292, 628.69, 70.62418, 70.59418
 1287157431, 33.6208976, 72.9562312, 628.54, 70.47413, 70.44413
 1287258224, 33.6208894, 72.9562332, 628.39, 70.32289, 70.29289
 1287358184, 33.6208813, 72.9562352, 628.24, 70.17284, 70.14285
 1287458144, 33.6208732, 72.9562372, 628.09, 70.02285, 69.99285
 1287558104, 33.6208652, 72.9562391, 627.94, 69.874, 69.844
 1287658064, 33.6208571, 72.9562411, 627.79, 69.72392, 69.69392
 1287758024, 33.620849, 72.9562431, 627.64, 69.57378, 69.54379
 1287857984, 33.6208409, 72.9562451, 627.49, 69.42373, 69.39373
 1287957944, 33.6208328, 72.9562471, 627.34, 69.27237, 69.24237
 1288057904, 33.6208247, 72.9562491, 627.19, 69.12232, 69.09232
 1288157864, 33.6208166, 72.9562511, 627.04, 68.9722, 68.9422
 1288257824, 33.6208085, 72.9562531, 626.89, 68.82209, 68.79209
 1288357784, 33.6208004, 72.9562551, 626.74, 68.67196, 68.64196
 1288457744, 33.6207923, 72.9562571, 626.59, 68.5219, 68.49191
 1288557704, 33.6207842, 72.9562591, 626.44, 68.3718, 68.3418
 1288657664, 33.6207762, 72.9562611, 626.29, 68.22177, 68.19177
 1288757624, 33.6207681, 72.9562631, 626.14, 68.07169, 68.04169
 1288857584, 33.62076, 72.9562651, 625.99, 67.92159, 67.89159
 1288957544, 33.6207519, 72.9562671, 625.84, 67.77144, 67.74144
 1289057504, 33.6207438, 72.9562691, 625.69, 67.62135, 67.59135
 1289157464, 33.6207357, 72.9562711, 625.54, 67.47094, 67.44094
 1289257424, 33.6207277, 72.9562731, 625.39, 67.32053, 67.29053
 1289358217, 33.6207195, 72.9562751, 625.23, 67.16877, 67.13877
 1289458177, 33.6207115, 72.9562771, 625.08, 67.01826, 66.98827
 1289558137, 33.6207034, 72.956279, 624.93, 66.8677, 66.8377
 1289658097, 33.6206954, 72.956281, 624.78, 66.71838, 66.68838
 1289758057, 33.6206874, 72.956283, 624.63, 66.56773, 66.53773
 1289858017, 33.6206793, 72.956285, 624.48, 66.41724, 66.38725
 1289957977, 33.6206713, 72.956287, 624.33, 66.26675, 66.23676
 1290057937, 33.6206631, 72.956289, 624.18, 66.11516, 66.08516
 1290157897, 33.6206551, 72.956291, 624.03, 65.96534, 65.93534
 1290257857, 33.620647, 72.956293, 623.88, 65.81582, 65.78582
 1290357817, 33.6206389, 72.956295, 623.73, 65.66637, 65.63637
 1290457777, 33.6206308, 72.9562969, 623.58, 65.517, 65.487
 1290557737, 33.6206227, 72.9562989, 623.43, 65.36762, 65.33762
 1290657697, 33.6206146, 72.9563009, 623.28, 65.21832, 65.18832
 1290757657, 33.6206065, 72.9563029, 623.13, 65.06892, 65.03892
 1290857617, 33.6205984, 72.9563049, 622.98, 64.9195, 64.8895
 1290957577, 33.6205903, 72.9563069, 622.83, 64.76996, 64.73996
 1291057537, 33.6205822, 72.9563089, 622.69, 64.62038, 64.59038
 1291157497, 33.6205741, 72.9563109, 622.54, 64.47066, 64.44067
 1291257457, 33.620566, 72.9563129, 622.39, 64.32101, 64.29101
 1291357417, 33.6205579, 72.9563149, 622.24, 64.17126, 64.14127
 1291458210, 33.6205497, 72.9563169, 622.09, 64.02026, 63.99026
 1291558170, 33.6205416, 72.9563189, 621.94, 63.87041, 63.84042
 1291658130, 33.6205335, 72.9563209, 621.79, 63.72176, 63.69176
 1291758090, 33.6205254, 72.9563229, 621.64, 63.5717, 63.54171
 1291858050, 33.6205173, 72.9563249, 621.49, 63.42167, 63.39167
 1291958010, 33.6205092, 72.9563269, 621.34, 63.27157, 63.24157
 1292057970, 33.6205011, 72.9563289, 621.19, 63.12148, 63.09148
 1292157930, 33.6204929, 72.9563309, 621.04, 62.9701, 62.9401
 1292257890, 33.6204848, 72.9563329, 620.89, 62.82001, 62.79001
 1292357850, 33.6204767, 72.9563349, 620.73, 62.66985, 62.63985
 1292457810, 33.6204686, 72.9563369, 620.58, 62.51977, 62.48977
 1292557770, 33.6204605, 72.9563389, 620.43, 62.36962, 62.33962
 1292657730, 33.6204524, 72.9563409, 620.28, 62.21952, 62.18953
 1292757690, 33.6204443, 72.9563429, 620.13, 62.06942, 62.03942
 1292857650, 33.6204362, 72.9563449, 619.98, 61.91937, 61.88937
 1292957610, 33.6204281, 72.9563469, 619.83, 61.76925, 61.73925
 1293057570, 33.62042, 72.9563489, 619.68, 61.61917, 61.58918
 1293157530, 33.6204119, 72.9563509, 619.53, 61.4691, 61.4391
 1293257490, 33.6204038, 72.9563529, 619.38, 61.3191, 61.2891
 1293357450, 33.6203957, 72.9563549, 619.23, 61.16904, 61.13904
 1293457410, 33.6203876, 72.9563569, 619.08, 61.01901, 60.98901
 1293558203, 33.6203795, 72.9563589, 618.93, 60.86741, 60.83741
 1293658163, 33.6203714, 72.9563609, 618.78, 60.717, 60.687
 1293758123, 33.6203634, 72.9563629, 618.63, 60.56767, 60.53767
 1293858083, 33.6203553, 72.9563649, 618.48, 60.41708, 60.38708
 1293958043, 33.6203473, 72.9563668, 618.33, 60.26648, 60.23648
 1294058003, 33.6203392, 72.9563688, 618.18, 60.11599, 60.08599
 1294157963, 33.6203311, 72.9563708, 618.03, 59.96422, 59.93422
 1294257923, 33.620323, 72.9563728, 617.88, 59.81384, 59.78384
 1294357883, 33.6203149, 72.9563748, 617.73, 59.66348, 59.63348
 1294457843, 33.6203069, 72.9563768, 617.58, 59.51313, 59.48313
 1294557803, 33.6202988, 72.9563788, 617.43, 59.36276, 59.33276
 1294657763, 33.6202907, 72.9563808, 617.28, 59.21255, 59.18255
 1294757723, 33.6202826, 72.9563828, 617.13, 59.06239, 59.03239
 1294857683, 33.6202745, 72.9563848, 616.98, 58.91229, 58.88229
 1294957643, 33.6202664, 72.9563868, 616.83, 58.76216, 58.73216
 1295057603, 33.6202583, 72.9563887, 616.68, 58.61213, 58.58213
 1295157563, 33.6202502, 72.9563907, 616.53, 58.46208, 58.43208
 1295257523, 33.6202421, 72.9563927, 616.38, 58.31209, 58.28209
 1295357483, 33.620234, 72.9563947, 616.23, 58.16208, 58.13208
 1295457443, 33.6202259, 72.9563967, 616.08, 58.01218, 57.98218
 1295558236, 33.6202177, 72.9563988, 615.93, 57.86101, 57.83101
 1295658196, 33.6202096, 72.9564008, 615.78, 57.71115, 57.68115
 1295758156, 33.6202015, 72.9564028, 615.63, 57.56176, 57.53176
 1295858116, 33.6201935, 72.9564047, 615.48, 57.41386, 57.38386
 1295958076, 33.6201854, 72.9564067, 615.33, 57.26476, 57.23476
 1296058036, 33.6201773, 72.9564087, 615.18, 57.1157, 57.0857
 1296157996, 33.6201692, 72.9564107, 615.03, 56.96655, 56.93655
 1296257956, 33.620161, 72.9564127, 614.88, 56.8162, 56.78621
 1296357916, 33.6201529, 72.9564147, 614.73, 56.66696, 56.63696
 1296457876, 33.6201448, 72.9564167, 614.58, 56.51766, 56.48766
 1296557836, 33.6201367, 72.9564187, 614.43, 56.36826, 56.33826
 1296657796, 33.6201286, 72.9564207, 614.28, 56.21888, 56.18888
 1296757756, 33.6201205, 72.9564227, 614.13, 56.06939, 56.03939
 1296857716, 33.6201124, 72.9564247, 613.98, 55.91985, 55.88985
 1296957676, 33.6201043, 72.9564267, 613.84, 55.7702, 55.7402
 1297057636, 33.6200962, 72.9564287, 613.69, 55.62052, 55.59052
 1297157596, 33.6200881, 72.9564307, 613.54, 55.47068, 55.44068
 1297257556, 33.62008, 72.9564327, 613.39, 55.3208, 55.2908
 1297357516, 33.6200719, 72.9564347, 613.24, 55.17077, 55.14077
 1297457476, 33.6200638, 72.9564367, 613.09, 55.02074, 54.99074
 1297557436, 33.6200557, 72.9564387, 612.94, 54.87068, 54.84068
 1297658229, 33.6200475, 72.9564407, 612.78, 54.7194, 54.6894
 1297758189, 33.6200394, 72.9564427, 612.63, 54.56929, 54.53929
 1297858149, 33.6200313, 72.9564447, 612.48, 54.41936, 54.38937
 1297958109, 33.6200233, 72.9564467, 612.34, 54.27086, 54.24086
 1298058069, 33.6200152, 72.9564487, 612.19, 54.12153, 54.09153
 1298158029, 33.6200072, 72.9564506, 612.04, 53.97268, 53.94268
 1298257989, 33.6199992, 72.9564526, 611.89, 53.82448, 53.79448
 1298357949, 33.6199911, 72.9564546, 611.74, 53.67549, 53.64549
 1298457909, 33.6199832, 72.9564566, 611.59, 53.52854, 53.49854
 1298557869, 33.6199753, 72.9564585, 611.45, 53.3825, 53.3525
 1298657829, 33.6199675, 72.9564604, 611.3, 53.23768, 53.20768
 1298757789, 33.6199598, 72.9564623, 611.16, 53.09423, 53.06423
 1298857749, 33.6199521, 72.9564642, 611.02, 52.95241, 52.92241
 1298957709, 33.6199446, 72.9564661, 610.88, 52.81235, 52.78235
 1299057669, 33.6199371, 72.9564679, 610.74, 52.67423, 52.64423
 1299157629, 33.6199297, 72.9564697, 610.6, 52.53811, 52.50811
 1299257589, 33.6199224, 72.9564715, 610.47, 52.40426, 52.37426
 1299357549, 33.6199152, 72.9564733, 610.34, 52.27286, 52.24286
 1299457509, 33.6199082, 72.956475, 610.21, 52.14413, 52.11414
 1299557469, 33.6199013, 72.9564767, 610.08, 52.01815, 51.98815
 1299657429, 33.6198945, 72.9564784, 609.96, 51.89513, 51.86513
 1299758222, 33.6198878, 72.95648, 609.84, 51.77426, 51.74426
 1299858182, 33.6198814, 72.9564816, 609.72, 51.65773, 51.62774
 1299958142, 33.619875, 72.9564831, 609.61, 51.54463, 51.51463
 1300058102, 33.619869, 72.9564846, 609.5, 51.43628, 51.40628
 1300158062, 33.619863, 72.956486, 609.4, 51.3313, 51.3013
 1300258022, 33.6198573, 72.9564874, 609.3, 51.23146, 51.20147
 1300357982, 33.6198517, 72.9564887, 609.2, 51.13747, 51.10747
 1300457942, 33.6198464, 72.95649, 609.11, 51.04949, 51.01949
 1300557902, 33.6198413, 72.9564911, 609.03, 50.96962, 50.93962
 1300657862, 33.6198364, 72.9564921, 608.96, 50.89795, 50.86795
 1300757822, 33.6198317, 72.956493, 608.9, 50.83501, 50.80502
 1300857782, 33.6198272, 72.9564938, 608.85, 50.7816, 50.7516
 1300957742, 33.619823, 72.9564944, 608.8, 50.73837, 50.70837
 1301057702, 33.619819, 72.956495, 608.77, 50.70594, 50.67594
 1301157662, 33.6198152, 72.9564953, 608.75, 50.68486, 50.65486
 1301257622, 33.6198116, 72.9564955, 608.74, 50.67576, 50.64576
 1301357582, 33.6198083, 72.9564955, 608.74, 50.67923, 50.64923
 1301457542, 33.6198052, 72.9564954, 608.76, 50.69582, 50.66582
 1301557502, 33.6198023, 72.9564951, 608.79, 50.72606, 50.69606
 1301657462, 33.6197997, 72.9564945, 608.84, 50.77041, 50.74041
 1301757422, 33.6197972, 72.9564938, 608.89, 50.82908, 50.79908
 1301858215, 33.619795, 72.956493, 608.97, 50.90244, 50.87244
 1301958175, 33.6197929, 72.9564919, 609.05, 50.98912, 50.95913
 1302058135, 33.619791, 72.9564906, 609.15, 51.08856, 51.05856
 1302158095, 33.6197893, 72.9564891, 609.27, 51.20211, 51.17211
 1302258055, 33.6197878, 72.9564874, 609.39, 51.32879, 51.29879
 1302358015, 33.6197864, 72.9564856, 609.53, 51.4683, 51.4383
 1302457975, 33.6197852, 72.9564835, 609.69, 51.62033, 51.59034
 1302557935, 33.619784, 72.9564813, 609.85, 51.78597, 51.75597
 1302657895, 33.619783, 72.956479, 610.03, 51.962, 51.932
 1302757855, 33.6197822, 72.9564765, 610.21, 52.14901, 52.11901
 1302857815, 33.6197814, 72.9564738, 610.41, 52.3462, 52.3162
 1302957775, 33.6197807, 72.956471, 610.62, 52.55277, 52.52277
 1303057735, 33.6197801, 72.9564682, 610.83, 52.76794, 52.73794
 1303157695, 33.6197796, 72.9564652, 611.06, 52.99087, 52.96087
 1303257655, 33.6197791, 72.9564621, 611.29, 53.2208, 53.1908
 1303357615, 33.6197787, 72.9564589, 611.52, 53.45683, 53.42683
 1303457575, 33.6197784, 72.9564557, 611.76, 53.69822, 53.66822
 1303557535, 33.6197781, 72.9564524, 612.01, 53.94419, 53.91419
 1303657495, 33.6197778, 72.956449, 612.26, 54.19394, 54.16394
 1303757455, 33.6197775, 72.9564456, 612.51, 54.44664, 54.41664
 1303857415, 33.6197773, 72.9564422, 612.77, 54.70148, 54.67149
 1303958208, 33.6197771, 72.9564387, 613.03, 54.96063, 54.93063
 1304058168, 33.6197769, 72.9564353, 613.28, 55.21775, 55.18776
 1304158128, 33.6197767, 72.9564319, 613.54, 55.47284, 55.44284
 1304258088, 33.6197764, 72.9564284, 613.79, 55.72958, 55.69958
 1304358048, 33.6197762, 72.956425, 614.05, 55.98562, 55.95562
 1304458008, 33.619776, 72.9564215, 614.31, 56.24079, 56.21079
 1304557968, 33.6197758, 72.956418, 614.56, 56.49707, 56.46707
 1304657928, 33.6197756, 72.9564146, 614.82, 56.75055, 56.72055
 1304757888, 33.6197753, 72.9564111, 615.07, 57.00323, 56.97323
 1304857848, 33.6197751, 72.9564076, 615.32, 57.25523, 57.22523
 1304957808, 33.6197749, 72.9564041, 615.57, 57.50661, 57.47661
 1305057768, 33.6197747, 72.9564006, 615.82, 57.75746, 57.72746
 1305157728, 33.6197744, 72.9563971, 616.07, 58.00785, 57.97786
 1305257688, 33.6197742, 72.9563936, 616.32, 58.2579, 58.2279
 1305357648, 33.6197739, 72.95639, 616.57, 58.50771, 58.47771
 1305457608, 33.6197737, 72.9563865, 616.82, 58.75738, 58.72738
 1305557568, 33.6197734, 72.9563829, 617.07, 59.00698, 58.97698
 1305657528, 33.6197731, 72.9563794, 617.32, 59.25654, 59.22654
 1305757488, 33.6197728, 72.9563758, 617.57, 59.50611, 59.47611
 1305857448, 33.6197725, 72.9563722, 617.82, 59.75562, 59.72562
 1305957408, 33.6197722, 72.9563686, 618.07, 60.00517, 59.97517
 1306058201, 33.6197719, 72.956365, 618.32, 60.25673, 60.22673
 1306158161, 33.6197716, 72.9563614, 618.57, 60.50519, 60.47519
 1306258121, 33.6197713, 72.9563579, 618.82, 60.75144, 60.72144
 1306358081, 33.6197709, 72.9563543, 619.06, 60.99957, 60.96957
 1306458041, 33.6197706, 72.9563507, 619.31, 61.24772, 61.21772
 1306558001, 33.6197702, 72.9563471, 619.56, 61.49603, 61.46603
 1306657961, 33.6197699, 72.9563435, 619.81, 61.74648, 61.71648
 1306757921, 33.6197695, 72.9563399, 620.06, 61.99506, 61.96506
 1306857881, 33.6197691, 72.9563363, 620.31, 62.24372, 62.21373
 1306957841, 33.6197688, 72.9563327, 620.56, 62.49254, 62.46254
 1307057801, 33.6197684, 72.9563291, 620.81, 62.74147, 62.71148
 1307157761, 33.619768, 72.9563255, 621.06, 62.99058, 62.96058
 1307257721, 33.6197676, 72.9563219, 621.3, 63.23977, 63.20977
 1307357681, 33.6197673, 72.9563184, 621.55, 63.48905, 63.45905
 1307457641, 33.6197669, 72.9563148, 621.8, 63.73834, 63.70834
 1307557601, 33.6197665, 72.9563112, 622.05, 63.98773, 63.95773
 1307657561, 33.6197661, 72.9563076, 622.3, 64.2372, 64.2072
 1307757521, 33.6197657, 72.9563041, 622.55, 64.48674, 64.45674
 1307857481, 33.6197653, 72.9563005, 622.8, 64.73627, 64.70627
 1307957441, 33.6197649, 72.956297, 623.05, 64.98589, 64.95589
 1308058234, 33.6197644, 72.9562934, 623.3, 65.23748, 65.20748
 1308158194, 33.619764, 72.9562899, 623.55, 65.48705, 65.45705
 1308258154, 33.6197636, 72.9562863, 623.8, 65.7365, 65.7065
 1308358114, 33.6197632, 72.9562828, 624.05, 65.98388, 65.95388
 1308458074, 33.6197628, 72.9562793, 624.3, 66.2332, 66.2032
 1308558034, 33.6197623, 72.9562757, 624.55, 66.48262, 66.45262
 1308657994, 33.6197619, 72.9562722, 624.8, 66.73199, 66.702
 1308757954, 33.6197615, 72.9562687, 625.05, 66.98341, 66.95341
 1308857914, 33.6197611, 72.9562651, 625.3, 67.23278, 67.20278
 1308957874, 33.6197606, 72.9562616, 625.55, 67.48219, 67.45219
 1309057834, 33.6197602, 72.9562581, 625.8, 67.73148, 67.70148
 1309157794, 33.6197598, 72.9562546, 626.05, 67.98083, 67.95084
 1309257754, 33.6197593, 72.9562511, 626.3, 68.23012, 68.20012
 1309357714, 33.6197589, 72.9562476, 626.54, 68.47938, 68.44938
 1309457674, 33.6197585, 72.9562441, 626.79, 68.72856, 68.69856
 1309557634, 33.619758, 72.9562406, 627.04, 68.97779, 68.94779
 1309657594, 33.6197576, 72.9562371, 627.29, 69.22694, 69.19694
 1309757554, 33.6197572, 72.9562336, 627.54, 69.47623, 69.44623
 1309857514, 33.6197567, 72.9562301, 627.79, 69.72549, 69.6955
 1309957474, 33.6197563, 72.9562266, 628.04, 69.97483, 69.94483
 1310057434, 33.6197559, 72.9562231, 628.29, 70.22501, 70.19501
 1310158227, 33.6197554, 72.9562195, 628.54, 70.47702, 70.44702
 1310258187, 33.619755, 72.956216, 628.79, 70.72701, 70.69701
 1310358147, 33.6197546, 72.9562125, 629.04, 70.97709, 70.94709
 1310458107, 33.6197541, 72.9562091, 629.29, 71.22505, 71.19505
 1310558067, 33.6197537, 72.9562056, 629.54, 71.47509, 71.44509
 1310658027, 33.6197533, 72.9562021, 629.79, 71.72498, 71.69498
 1310757987, 33.6197528, 72.9561986, 630.04, 71.97484, 71.94484
 1310857947, 33.6197524, 72.9561951, 630.29, 72.22656, 72.19656
 1310957907, 33.6197519, 72.9561916, 630.54, 72.47622, 72.44622
 1311057867, 33.6197515, 72.9561882, 630.79, 72.72465, 72.69465
 1311157827, 33.6197511, 72.9561847, 631.04, 72.97292, 72.94292
 1311257787, 33.6197506, 72.9561812, 631.29, 73.22094, 73.19094
 1311357747, 33.6197502, 72.9561777, 631.53, 73.46896, 73.43896
 1311457707, 33.6197498, 72.9561742, 631.78, 73.71694, 73.68694
 1311557667, 33.6197493, 72.9561707, 632.03, 73.96498, 73.93498
 1311657627, 33.6197489, 72.9561672, 632.28, 74.21302, 74.18302
 1311757587, 33.6197484, 72.9561637, 632.53, 74.46128, 74.43128
 1311857547, 33.619748, 72.9561602, 632.77, 74.70966, 74.67966
 1311957507, 33.6197476, 72.9561567, 633.02, 74.95827, 74.92827
 1312057467, 33.6197471, 72.9561531, 633.27, 75.20695, 75.17695
 1312157427, 33.6197467, 72.9561496, 633.52, 75.45581, 75.42581
 1312258220, 33.6197462, 72.9561461, 633.77, 75.70673, 75.67673
 1312358180, 33.6197458, 72.9561426, 634.02, 75.95594, 75.92594
 1312458140, 33.6197453, 72.9561391, 634.27, 76.20525, 76.17525
 1312558100, 33.6197449, 72.9561356, 634.52, 76.45264, 76.42265
 1312658060, 33.6197445, 72.9561321, 634.77, 76.7021, 76.6721
 1312758020, 33.619744, 72.9561286, 635.02, 76.95167, 76.92167
 1312857980, 33.6197436, 72.9561251, 635.27, 77.20118, 77.17118
 1312957940, 33.6197431, 72.9561216, 635.52, 77.4528, 77.4228
 1313057900, 33.6197427, 72.9561181, 635.77, 77.70226, 77.67226
 1313157860, 33.6197423, 72.9561146, 636.02, 77.95171, 77.92171
 1313257820, 33.6197418, 72.9561111, 636.27, 78.20104, 78.17104
 1313357780, 33.6197414, 72.9561076, 636.52, 78.45039, 78.42039
 1313457740, 33.6197409, 72.9561041, 636.76, 78.69965, 78.66965
 1313557700, 33.6197405, 72.9561006, 637.01, 78.949, 78.919
 1313657660, 33.6197401, 72.9560971, 637.26, 79.19827, 79.16827
 1313757620, 33.6197396, 72.9560936, 637.51, 79.44763, 79.41763
 1313857580, 33.6197392, 72.9560901, 637.76, 79.69696, 79.66696
 1313957540, 33.6197387, 72.9560866, 638.01, 79.9464, 79.9164
 1314057500, 33.6197383, 72.9560832, 638.26, 80.19579, 80.16579
 1314157460, 33.6197379, 72.9560797, 638.51, 80.44528, 80.41528
 1314257420, 33.6197374, 72.9560762, 638.76, 80.69476, 80.66476
 1314358213, 33.619737, 72.9560727, 639.01, 80.94704, 80.91705
 1314458173, 33.6197365, 72.9560692, 639.26, 81.19717, 81.16718
 1314558133, 33.6197361, 72.9560657, 639.51, 81.44541, 81.41541
 1314658093, 33.6197356, 72.9560622, 639.76, 81.69563, 81.66563
 1314758053, 33.6197352, 72.9560588, 640.01, 81.94589, 81.91589
 1314858013, 33.6197348, 72.9560553, 640.26, 82.19609, 82.16609
 1314957973, 33.6197343, 72.9560518, 640.51, 82.44628, 82.41628
 1315057933, 33.6197339, 72.9560483, 640.76, 82.69829, 82.66829
 1315157893, 33.6197334, 72.9560448, 641.01, 82.94831, 82.91831
 1315257853, 33.619733, 72.9560414, 641.26, 83.19817, 83.16817
 1315357813, 33.6197325, 72.9560379, 641.51, 83.44807, 83.41808
 1315457773, 33.6197321, 72.9560344, 641.76, 83.69788, 83.66788
 1315557733, 33.6197317, 72.9560309, 642.01, 83.94769, 83.91769
 1315657693, 33.6197312, 72.9560274, 642.26, 84.1974, 84.1674
 1315757653, 33.6197308, 72.9560239, 642.51, 84.44714, 84.41714
 1315857613, 33.6197303, 72.9560204, 642.76, 84.69672, 84.66672
 1315957573, 33.6197299, 72.956017, 643.01, 84.94638, 84.91638
 1316057533, 33.6197294, 72.9560135, 643.26, 85.19596, 85.16596
 1316157493, 33.619729, 72.95601, 643.51, 85.44558, 85.41558
 1316257453, 33.6197285, 72.9560065, 643.76, 85.69515, 85.66515
 1316357413, 33.6197281, 72.956003, 644.01, 85.94476, 85.91476
 1316458206, 33.6197276, 72.9559995, 644.26, 86.19623, 86.16623
 1316558166, 33.6197272, 72.955996, 644.51, 86.44476, 86.41476
 1316658126, 33.6197268, 72.9559925, 644.76, 86.6909, 86.6609
 1316758086, 33.6197263, 72.955989, 645, 86.939, 86.909
 1316858046, 33.6197259, 72.9559855, 645.25, 87.18694, 87.15694
 1316958006, 33.6197254, 72.955982, 645.5, 87.43499, 87.40499
 1317057966, 33.619725, 72.9559785, 645.75, 87.6852, 87.6552
 1317157926, 33.6197245, 72.955975, 646, 87.93362, 87.90363
 1317257886, 33.6197241, 72.9559715, 646.25, 88.18211, 88.15211
 1317357846, 33.6197236, 72.955968, 646.5, 88.43082, 88.40082
 1317457806, 33.6197232, 72.9559645, 646.74, 88.67959, 88.64959
 1317557766, 33.6197227, 72.955961, 646.99, 88.92857, 88.89857
 1317657726, 33.6197223, 72.9559576, 647.24, 89.17762, 89.14762
 1317757686, 33.6197218, 72.9559541, 647.49, 89.4269, 89.3969
 1317857646, 33.6197214, 72.9559506, 647.74, 89.67622, 89.64622
 1317957606, 33.619721, 72.9559471, 647.99, 89.92568, 89.89568
 1318057566, 33.6197205, 72.9559436, 648.24, 90.17518, 90.14518
 1318157526, 33.6197201, 72.9559401, 648.49, 90.42489, 90.39489
 1318257486, 33.6197196, 72.9559366, 648.74, 90.67466, 90.64466
 1318357446, 33.6197192, 72.9559332, 648.99, 90.92464, 90.89464
 1318458239, 33.6197187, 72.9559296, 649.24, 91.17667, 91.14667
 1318558199, 33.6197183, 72.9559261, 649.49, 91.4267, 91.39671
 1318658159, 33.6197178, 72.9559227, 649.74, 91.67668, 91.64668
 1318758119, 33.6197174, 72.9559192, 649.99, 91.9247, 91.8947
 1318858079, 33.619717, 72.9559157, 650.24, 92.17471, 92.14471
 1318958039, 33.6197165, 72.9559122, 650.49, 92.42482, 92.39482
 1319057999, 33.6197161, 72.9559087, 650.74, 92.6748, 92.64481
 1319157959, 33.6197156, 72.9559052, 650.99, 92.92743, 92.89743
 1319257919, 33.6197152, 72.9559017, 651.24, 93.17799, 93.14799
 1319357879, 33.6197147, 72.9558983, 651.49, 93.42875, 93.39875
 1319457839, 33.6197143, 72.9558948, 651.74, 93.6795, 93.6495
 1319557799, 33.6197138, 72.9558913, 652, 93.93031, 93.90031
 1319657759, 33.6197134, 72.9558879, 652.25, 94.18102, 94.15102
 1319757719, 33.6197129, 72.9558844, 652.5, 94.43177, 94.40177
 1319857679, 33.6197125, 72.9558809, 652.75, 94.68237, 94.65237
 1319957639, 33.619712, 72.9558774, 653, 94.93301, 94.90302
 1320057599, 33.6197116, 72.955874, 653.25, 95.18335, 95.15335
 1320157559, 33.6197112, 72.9558705, 653.5, 95.4332, 95.4032
 1320257519, 33.6197107, 72.955867, 653.75, 95.68186, 95.65186
 1320357479, 33.6197103, 72.9558636, 653.99, 95.92872, 95.89872
 1320457439, 33.6197099, 72.9558602, 654.24, 96.1729, 96.1429
 1320558232, 33.6197096, 72.9558568, 654.48, 96.41563, 96.38563
 1320658192, 33.6197093, 72.9558534, 654.72, 96.65199, 96.62199
 1320758152, 33.619709, 72.9558501, 654.95, 96.88316, 96.85316
 1320858112, 33.6197088, 72.9558468, 655.17, 97.10638, 97.07638
 1320958072, 33.6197087, 72.9558436, 655.39, 97.32461, 97.29461
 1321058032, 33.6197087, 72.9558404, 655.6, 97.535, 97.505
 1321157992, 33.6197087, 72.9558373, 655.8, 97.73676, 97.70676
 1321257952, 33.6197088, 72.9558343, 656, 97.93047, 97.90047
 1321357912, 33.6197091, 72.9558313, 656.18, 98.11223, 98.08223
 1321457872, 33.6197095, 72.9558284, 656.35, 98.28274, 98.25274
 1321557832, 33.61971, 72.9558256, 656.51, 98.44122, 98.41122
 1321657792, 33.6197107, 72.9558228, 656.65, 98.58691, 98.55692
 1321757752, 33.6197115, 72.9558202, 656.78, 98.71924, 98.68924
 1321857712, 33.6197125, 72.9558176, 656.9, 98.83778, 98.80778
 1321957672, 33.6197136, 72.9558152, 657.01, 98.9424, 98.9124
 1322057632, 33.6197149, 72.9558128, 657.1, 99.03284, 99.00284
 1322157592, 33.6197164, 72.9558105, 657.17, 99.10902, 99.07903
 1322257552, 33.6197181, 72.9558083, 657.24, 99.17082, 99.14082
 1322357512, 33.6197199, 72.9558062, 657.28, 99.21822, 99.18822
 1322457472, 33.619722, 72.9558041, 657.32, 99.25115, 99.22115
 1322557432, 33.6197243, 72.9558022, 657.33, 99.26978, 99.23978
 1322658225, 33.6197269, 72.9558002, 657.34, 99.27419, 99.24419
 1322758185, 33.6197296, 72.9557984, 657.33, 99.26514, 99.23514
 1322858145, 33.6197326, 72.9557966, 657.31, 99.24332, 99.21332
 1322958105, 33.6197358, 72.9557949, 657.27, 99.20989, 99.17989
 1323058065, 33.6197392, 72.9557932, 657.23, 99.16493, 99.13493
 1323158025, 33.6197429, 72.9557915, 657.17, 99.10938, 99.07938
 1323257985, 33.6197468, 72.9557898, 657.11, 99.04389, 99.01389
 1323357945, 33.6197509, 72.9557882, 657.03, 98.96873, 98.93873
 1323457905, 33.6197552, 72.9557866, 656.95, 98.88571, 98.85571
 1323557865, 33.6197598, 72.9557849, 656.86, 98.79514, 98.76514
 1323657825, 33.6197646, 72.9557833, 656.76, 98.69759, 98.66759
 1323757785, 33.6197695, 72.9557816, 656.66, 98.59393, 98.56393
 1323857745, 33.6197747, 72.95578, 656.55, 98.48484, 98.45484
 1323957705, 33.6197801, 72.9557783, 656.44, 98.37119, 98.34119
 1324057665, 33.6197856, 72.9557766, 656.32, 98.25361, 98.22361
 1324157625, 33.6197913, 72.9557748, 656.2, 98.13292, 98.10292
 1324257585, 33.6197972, 72.9557731, 656.07, 98.00954, 97.97954
 1324357545, 33.6198032, 72.9557713, 655.95, 97.88393, 97.85393
 1324457505, 33.6198094, 72.9557694, 655.82, 97.7561, 97.7261
 1324557465, 33.6198157, 72.9557676, 655.69, 97.62643, 97.59643
 1324657425, 33.6198222, 72.9557657, 655.56, 97.49496, 97.46496
 1324758218, 33.6198288, 72.9557638, 655.43, 97.36003, 97.33003
 1324858178, 33.6198355, 72.9557618, 655.29, 97.22527, 97.19527
 1324958138, 33.6198422, 72.9557598, 655.15, 97.08913, 97.05914
 1325058098, 33.619849, 72.9557578, 655.02, 96.95268, 96.92268
 1325158058, 33.6198559, 72.9557558, 654.88, 96.8139, 96.7839
 1325258018, 33.6198629, 72.9557537, 654.74, 96.67385, 96.64385
 1325357978, 33.61987, 72.9557516, 654.6, 96.53281, 96.50282
 1325457938, 33.6198772, 72.9557495, 654.45, 96.38963, 96.35963
 1325557898, 33.6198845, 72.9557473, 654.31, 96.24673, 96.21674
 1325657858, 33.6198917, 72.9557451, 654.17, 96.10306, 96.07306
 1325757818, 33.6198991, 72.9557428, 654.02, 95.95879, 95.92879
 1325857778, 33.6199064, 72.9557406, 653.88, 95.81396, 95.78396
 1325957738, 33.6199138, 72.9557383, 653.73, 95.66878, 95.63878
 1326057698, 33.6199213, 72.9557359, 653.59, 95.52333, 95.49333
 1326157658, 33.6199288, 72.9557336, 653.44, 95.37782, 95.34782
 1326257618, 33.6199363, 72.9557312, 653.3, 95.23235, 95.20235
 1326357578, 33.6199438, 72.9557289, 653.15, 95.08705, 95.05705
 1326457538, 33.6199513, 72.9557265, 653.01, 94.94182, 94.91182
 1326557498, 33.6199589, 72.9557242, 652.86, 94.79674, 94.76674
 1326657458, 33.6199664, 72.9557218, 652.72, 94.65173, 94.62173
 1326757418, 33.619974, 72.9557195, 652.57, 94.50694, 94.47694
 1326858211, 33.6199816, 72.9557171, 652.43, 94.36118, 94.33118
 1326958171, 33.6199892, 72.9557147, 652.28, 94.21757, 94.18757
 1327058131, 33.6199968, 72.9557124, 652.14, 94.07532, 94.04532
 1327158091, 33.6200044, 72.9557101, 652, 93.93204, 93.90205
 1327258051, 33.620012, 72.9557077, 651.85, 93.7888, 93.7588
 1327358011, 33.6200197, 72.9557054, 651.71, 93.64562, 93.61562
 1327457971, 33.6200273, 72.955703, 651.57, 93.50244, 93.47244
 1327557931, 33.620035, 72.9557006, 651.42, 93.35812, 93.32812
 1327657891, 33.6200427, 72.9556983, 651.28, 93.21481, 93.18481
 1327757851, 33.6200504, 72.9556959, 651.14, 93.0714, 93.0414
 1327857811, 33.620058, 72.9556935, 650.99, 92.92783, 92.89783
 1327957771, 33.6200657, 72.9556911, 650.85, 92.78403, 92.75404
 1328057731, 33.6200733, 72.9556887, 650.71, 92.64006, 92.61006
 1328157691, 33.620081, 72.9556863, 650.56, 92.49592, 92.46592
 1328257651, 33.6200887, 72.9556839, 650.42, 92.35161, 92.32161
 1328357611, 33.6200963, 72.9556815, 650.27, 92.20713, 92.17713
 1328457571, 33.620104, 72.9556791, 650.13, 92.06252, 92.03252
 1328557531, 33.6201117, 72.9556766, 649.98, 91.91772, 91.88772
 1328657491, 33.6201193, 72.9556742, 649.84, 91.77276, 91.74276
 1328757451, 33.620127, 72.9556718, 649.69, 91.62762, 91.59763
 1328857411, 33.6201347, 72.9556693, 649.55, 91.48238, 91.45238
 1328958204, 33.6201424, 72.9556669, 649.4, 91.33585, 91.30585
 1329058164, 33.6201501, 72.9556645, 649.26, 91.19037, 91.16037
 1329158124, 33.6201577, 72.9556621, 649.11, 91.04588, 91.01588
 1329258084, 33.6201653, 72.9556597, 648.97, 90.90009, 90.87009
 1329358044, 33.620173, 72.9556572, 648.82, 90.75417, 90.72417
 1329458004, 33.6201806, 72.9556548, 648.67, 90.60815, 90.57816
 1329557964, 33.6201884, 72.9556524, 648.53, 90.46084, 90.43084
 1329657924, 33.620196, 72.95565, 648.38, 90.31456, 90.28456
 1329757884, 33.6202037, 72.9556476, 648.23, 90.16814, 90.13814
 1329857844, 33.6202114, 72.9556451, 648.09, 90.02161, 89.99162
 1329957804, 33.620219, 72.9556427, 647.94, 89.87501, 89.84501
 1330057764, 33.6202267, 72.9556403, 647.79, 89.72837, 89.69837
 1330157724, 33.6202343, 72.9556379, 647.65, 89.5816, 89.55161
 1330257684, 33.620242, 72.9556355, 647.5, 89.43478, 89.40479
 1330357644, 33.6202497, 72.9556331, 647.35, 89.28779, 89.25779
 1330457604, 33.6202573, 72.9556306, 647.21, 89.14073, 89.11073
 1330557564, 33.620265, 72.9556282, 647.06, 88.99357, 88.96357
 1330657524, 33.6202726, 72.9556258, 646.91, 88.84629, 88.81629
 1330757484, 33.6202803, 72.9556233, 646.76, 88.69891, 88.66891
 1330857444, 33.620288, 72.9556209, 646.62, 88.55088, 88.52088
 1330958237, 33.6202957, 72.9556184, 646.47, 88.40182, 88.37182
 1331058197, 33.6203034, 72.955616, 646.32, 88.25391, 88.22391
 1331158157, 33.620311, 72.9556136, 646.17, 88.10592, 88.07592
 1331258117, 33.6203186, 72.9556112, 646.02, 87.95906, 87.92906
 1331358077, 33.6203262, 72.9556088, 645.88, 87.81089, 87.78089
 1331458037, 33.6203339, 72.9556063, 645.73, 87.6627, 87.63271
 1331557997, 33.6203415, 72.9556039, 645.58, 87.51447, 87.48447
 1331657957, 33.6203492, 72.9556015, 645.43, 87.36507, 87.33507
 1331757917, 33.6203569, 72.955599, 645.28, 87.21683, 87.18683
 1331857877, 33.6203645, 72.9555966, 645.13, 87.06932, 87.03932
 1331957837, 33.6203722, 72.9555942, 644.99, 86.92184, 86.89184
 1332057797, 33.6203799, 72.9555917, 644.84, 86.77441, 86.74441
 1332157757, 33.6203876, 72.9555893, 644.69, 86.6269, 86.5969
 1332257717, 33.6203952, 72.9555869, 644.54, 86.47933, 86.44933
 1332357677, 33.6204029, 72.9555845, 644.4, 86.33161, 86.30161
 1332457637, 33.6204106, 72.955582, 644.25, 86.18383, 86.15383
 1332557597, 33.6204183, 72.9555796, 644.1, 86.03596, 86.00597
 1332657557, 33.620426, 72.9555771, 643.95, 85.88808, 85.85809
 1332757517, 33.6204337, 72.9555747, 643.81, 85.74007, 85.71008
 1332857477, 33.6204414, 72.9555723, 643.66, 85.59204, 85.56204
 1332957437, 33.6204491, 72.9555698, 643.51, 85.44383, 85.41383
 1333058230, 33.6204569, 72.9555674, 643.36, 85.29431, 85.26431
 1333158190, 33.6204646, 72.9555649, 643.21, 85.14587, 85.11587
 1333258150, 33.6204723, 72.9555625, 643.06, 84.99738, 84.96738
 1333358110, 33.62048, 72.9555601, 642.91, 84.84996, 84.81996
 1333458070, 33.6204877, 72.9555576, 642.77, 84.70128, 84.67128
 1333558030, 33.6204954, 72.9555552, 642.62, 84.55248, 84.52248
 1333657990, 33.6205031, 72.9555527, 642.47, 84.4037, 84.3737
 1333757950, 33.6205109, 72.9555502, 642.32, 84.25361, 84.22361
 1333857910, 33.6205186, 72.9555478, 642.17, 84.10475, 84.07475
 1333957870, 33.6205263, 72.9555454, 642.02, 83.95586, 83.92587
 1334057830, 33.620534, 72.9555429, 641.87, 83.807, 83.777
 1334157790, 33.6205417, 72.9555405, 641.72, 83.65808, 83.62808
 1334257750, 33.6205494, 72.955538, 641.57, 83.50923, 83.47923
 1334357710, 33.6205572, 72.9555356, 641.43, 83.36031, 83.33031
 1334457670, 33.6205649, 72.9555331, 641.28, 83.21133, 83.18134
 1334557630, 33.6205726, 72.9555307, 641.13, 83.06226, 83.03226
 1334657590, 33.6205803, 72.9555283, 640.98, 82.91316, 82.88316
 1334757550, 33.620588, 72.9555258, 640.83, 82.76399, 82.73399
 1334857510, 33.6205957, 72.9555234, 640.68, 82.61487, 82.58487
 1334957470, 33.6206034, 72.9555209, 640.53, 82.46569, 82.43569
 1335057430, 33.6206111, 72.9555185, 640.38, 82.31658, 82.28658
 1335158223, 33.6206189, 72.955516, 640.23, 82.16573, 82.13573
 1335258183, 33.6206266, 72.9555136, 640.08, 82.01609, 81.98609
 1335358143, 33.6206343, 72.9555112, 639.93, 81.86637, 81.83637
 1335458103, 33.6206419, 72.9555087, 639.78, 81.71788, 81.68788
 1335558063, 33.6206496, 72.9555063, 639.63, 81.56808, 81.53808
 1335658023, 33.6206573, 72.9555039, 639.48, 81.41834, 81.38834
 1335757983, 33.6206649, 72.9555014, 639.33, 81.26855, 81.23856
 1335857943, 33.6206727, 72.955499, 639.18, 81.11772, 81.08772
 1335957903, 33.6206804, 72.9554965, 639.03, 80.96817, 80.93817
 1336057863, 33.6206881, 72.9554941, 638.88, 80.8187, 80.7887
 1336157823, 33.6206958, 72.9554916, 638.73, 80.66915, 80.63915
 1336257783, 33.6207035, 72.9554892, 638.58, 80.51963, 80.48963
 1336357743, 33.6207112, 72.9554867, 638.44, 80.37005, 80.34005
 1336457703, 33.6207189, 72.9554843, 638.29, 80.22056, 80.19056
 1336557663, 33.6207266, 72.9554819, 638.14, 80.07106, 80.04106
 1336657623, 33.6207343, 72.9554794, 637.99, 79.92167, 79.89167
 1336757583, 33.620742, 72.955477, 637.84, 79.77227, 79.74227
 1336857543, 33.6207497, 72.9554745, 637.69, 79.62289, 79.5929
 1336957503, 33.6207575, 72.9554721, 637.54, 79.4734, 79.4434
 1337057463, 33.6207652, 72.9554696, 637.39, 79.32394, 79.29395
 1337157423, 33.6207729, 72.9554672, 637.24, 79.17442, 79.14442
 1337258216, 33.6207807, 72.9554647, 637.09, 79.02377, 78.99377
 1337358176, 33.6207884, 72.9554623, 636.94, 78.87434, 78.84435
 1337458136, 33.6207961, 72.9554598, 636.79, 78.7268, 78.6968
 1337558096, 33.6208038, 72.9554574, 636.64, 78.57812, 78.54812
 1337658056, 33.6208116, 72.9554549, 636.49, 78.42953, 78.39954
 1337758016, 33.6208193, 72.9554525, 636.35, 78.28091, 78.25092
 1337857976, 33.620827, 72.95545, 636.2, 78.13227, 78.10227
 1337957936, 33.6208348, 72.9554476, 636.05, 77.98225, 77.95226
 1338057896, 33.6208425, 72.9554451, 635.9, 77.83342, 77.80342
 1338157856, 33.6208503, 72.9554427, 635.75, 77.68443, 77.65443
 1338257816, 33.620858, 72.9554402, 635.6, 77.53543, 77.50543
 1338357776, 33.6208657, 72.9554378, 635.45, 77.38637, 77.35637
 1338457736, 33.6208734, 72.9554353, 635.3, 77.23727, 77.20727
 1338557696, 33.6208812, 72.9554329, 635.15, 77.08801, 77.05801
 1338657656, 33.6208889, 72.9554304, 635, 76.93869, 76.90869
 1338757616, 33.6208966, 72.955428, 634.85, 76.78925, 76.75925
 1338857576, 33.6209043, 72.9554255, 634.7, 76.63972, 76.60972
 1338957536, 33.6209121, 72.9554231, 634.56, 76.49004, 76.46004
 1339057496, 33.6209198, 72.9554206, 634.41, 76.34038, 76.31038
 1339157456, 33.6209275, 72.9554182, 634.26, 76.19061, 76.16061
 1339257416, 33.6209352, 72.9554158, 634.11, 76.04087, 76.01087
 1339358209, 33.620943, 72.9554133, 633.95, 75.8898, 75.8598
 1339458169, 33.6209507, 72.9554108, 633.81, 75.73999, 75.70999
 1339558129, 33.6209584, 72.9554084, 633.66, 75.59136, 75.56136
 1339658089, 33.6209661, 72.955406, 633.51, 75.44155, 75.41155
 1339758049, 33.6209738, 72.9554035, 633.36, 75.29166, 75.26166
 1339858009, 33.6209815, 72.9554011, 633.21, 75.14181, 75.11181
 1339957969, 33.6209893, 72.9553986, 633.06, 74.99043, 74.96043
 1340057929, 33.620997, 72.9553962, 632.91, 74.84022, 74.81022
 1340157889, 33.6210047, 72.9553937, 632.75, 74.6899, 74.6599
 1340257849, 33.6210124, 72.9553913, 632.6, 74.53961, 74.50961
 1340357809, 33.62102, 72.9553889, 632.45, 74.38924, 74.35925
 1340457769, 33.6210277, 72.9553864, 632.3, 74.23895, 74.20895
 1340557729, 33.6210354, 72.955384, 632.15, 74.08862, 74.05862
 1340657689, 33.6210431, 72.9553816, 632, 73.93838, 73.90838
 1340757649, 33.6210508, 72.9553791, 631.85, 73.78823, 73.75823
 1340857609, 33.6210585, 72.9553767, 631.7, 73.63818, 73.60818
 1340957569, 33.6210662, 72.9553743, 631.55, 73.48807, 73.45807
 1341057529, 33.6210739, 72.9553718, 631.4, 73.3381, 73.3081
 1341157489, 33.6210815, 72.9553694, 631.25, 73.18811, 73.15811
 1341257449, 33.6210893, 72.9553669, 631.1, 73.03815, 73.00815
 1341357409, 33.621097, 72.9553645, 630.95, 72.88815, 72.85815
 1341458202, 33.6211047, 72.955362, 630.8, 72.73708, 72.70708
 1341558162, 33.6211124, 72.9553596, 630.65, 72.58727, 72.55727
 1341658122, 33.6211201, 72.9553572, 630.5, 72.43874, 72.40874
 1341758082, 33.6211278, 72.9553547, 630.35, 72.28888, 72.25888
 1341858042, 33.6211355, 72.9553523, 630.2, 72.13904, 72.10904
 1341958002, 33.6211432, 72.9553498, 630.05, 71.98913, 71.95913
 1342057962, 33.621151, 72.9553473, 629.9, 71.8381, 71.80811
 1342157922, 33.6211588, 72.9553449, 629.75, 71.68827, 71.65827
 1342257882, 33.6211665, 72.9553424, 629.6, 71.53857, 71.50858
 1342357842, 33.6211742, 72.95534, 629.45, 71.38887, 71.35887
 1342457802, 33.621182, 72.9553375, 629.3, 71.23921, 71.20921
 1342557762, 33.6211897, 72.9553351, 629.15, 71.08942, 71.05942
 1342657722, 33.6211974, 72.9553327, 629, 70.93961, 70.90961
 1342757682, 33.6212051, 72.9553302, 628.85, 70.78976, 70.75977
 1342857642, 33.6212129, 72.9553278, 628.71, 70.63999, 70.60999
 1342957602, 33.6212206, 72.9553253, 628.56, 70.49017, 70.46017
 1343057562, 33.6212283, 72.9553229, 628.41, 70.34035, 70.31036
 1343157522, 33.621236, 72.9553204, 628.26, 70.19044, 70.16044
 1343257482, 33.6212438, 72.955318, 628.11, 70.04056, 70.01056
 1343357442, 33.6212515, 72.9553155, 627.96, 69.89066, 69.86066
 1343458235, 33.6212593, 72.955313, 627.81, 69.74008, 69.71008
 1343558195, 33.621267, 72.9553106, 627.66, 69.59082, 69.56082
 1343658155, 33.6212748, 72.9553081, 627.51, 69.44171, 69.41171
 1343758115, 33.6212824, 72.9553057, 627.36, 69.29379, 69.26379
 1343858075, 33.6212902, 72.9553033, 627.21, 69.14463, 69.11463
 1343958035, 33.6212979, 72.9553008, 627.06, 68.99529, 68.96529
 1344057995, 33.6213056, 72.9552984, 626.91, 68.84592, 68.81592
 1344157955, 33.6213134, 72.9552959, 626.76, 68.69522, 68.66522
 1344257915, 33.6213212, 72.9552934, 626.61, 68.54578, 68.51578
 1344357875, 33.6213289, 72.955291, 626.46, 68.39622, 68.36623
 1344457835, 33.6213366, 72.9552885, 626.31, 68.24667, 68.21667
 1344557795, 33.6213444, 72.9552861, 626.16, 68.09697, 68.06697
 1344657755, 33.6213521, 72.9552836, 626.01, 67.94724, 67.91724
 1344757715, 33.6213598, 72.9552812, 625.86, 67.79742, 67.76743
 1344857675, 33.6213675, 72.9552787, 625.71, 67.6476, 67.6176
 1344957635, 33.6213753, 72.9552763, 625.56, 67.49767, 67.46767
 1345057595, 33.621383, 72.9552738, 625.41, 67.34775, 67.31775
 1345157555, 33.6213907, 72.9552714, 625.26, 67.19764, 67.16764
 1345257515, 33.6213984, 72.955269, 625.11, 67.04747, 67.01747
 1345357475, 33.6214061, 72.9552665, 624.96, 66.89722, 66.86722
 1345457435, 33.6214139, 72.9552641, 624.81, 66.74698, 66.71698
 1345558228, 33.6214216, 72.9552616, 624.66, 66.59527, 66.56527
 1345658188, 33.6214293, 72.9552592, 624.51, 66.44482, 66.41482
 1345758148, 33.621437, 72.9552567, 624.36, 66.29427, 66.26427
 1345858108, 33.6214446, 72.9552543, 624.21, 66.14494, 66.11494
 1345958068, 33.6214523, 72.9552519, 624.06, 65.99435, 65.96435
 1346058028, 33.6214599, 72.9552495, 623.91, 65.84384, 65.81384
 1346157988, 33.6214676, 72.955247, 623.76, 65.69332, 65.66332
 1346257948, 33.6214753, 72.9552446, 623.61, 65.54168, 65.51168
 1346357908, 33.621483, 72.9552421, 623.46, 65.39127, 65.36127
 1346457868, 33.6214907, 72.9552397, 623.31, 65.24094, 65.21094
 1346557828, 33.6214984, 72.9552373, 623.16, 65.09062, 65.06062
 1346657788, 33.6215061, 72.9552348, 623.01, 64.94041, 64.91042
 1346757748, 33.6215138, 72.9552324, 622.86, 64.79021, 64.76021
 1346857708, 33.6215215, 72.95523, 622.71, 64.64012, 64.61012
 1346957668, 33.6215292, 72.9552275, 622.56, 64.49008, 64.46008
 1347057628, 33.6215369, 72.9552251, 622.41, 64.34012, 64.31012
 1347157588, 33.6215446, 72.9552226, 622.26, 64.19011, 64.16011
 1347257548, 33.6215523, 72.9552202, 622.11, 64.04015, 64.01015
 1347357508, 33.62156, 72.9552177, 621.96, 63.89017, 63.86018
 1347457468, 33.6215678, 72.9552153, 621.81, 63.74026, 63.71027
 1347557428, 33.6215755, 72.9552128, 621.66, 63.59035, 63.56036
 1347658221, 33.6215833, 72.9552103, 621.5, 63.43927, 63.40927
 1347758181, 33.621591, 72.9552079, 621.35, 63.2893, 63.2593
 1347858141, 33.6215988, 72.9552054, 621.2, 63.13984, 63.10984
 1347958101, 33.6216064, 72.955203, 621.06, 62.99173, 62.96173
 1348058061, 33.6216142, 72.9552005, 620.91, 62.84251, 62.81251
 1348158021, 33.6216219, 72.9551981, 620.76, 62.69327, 62.66327
 1348257981, 33.6216297, 72.9551956, 620.61, 62.54401, 62.51401
 1348357941, 33.6216375, 72.9551932, 620.46, 62.39341, 62.36341
 1348457901, 33.6216452, 72.9551907, 620.31, 62.24405, 62.21405
 1348557861, 33.621653, 72.9551883, 620.16, 62.09454, 62.06454
 1348657821, 33.6216607, 72.9551858, 620.01, 61.94502, 61.91502
 1348757781, 33.6216685, 72.9551834, 619.86, 61.79533, 61.76533
 1348857741, 33.6216762, 72.9551809, 619.71, 61.6456, 61.6156
 1348957701, 33.6216839, 72.9551785, 619.56, 61.49577, 61.46577
 1349057661, 33.6216917, 72.955176, 619.41, 61.34599, 61.31599
 1349157621, 33.6216994, 72.9551736, 619.26, 61.19608, 61.16608
 1349257581, 33.6217072, 72.9551711, 619.11, 61.04613, 61.01614
 1349357541, 33.6217149, 72.9551687, 618.96, 60.89605, 60.86605
 1349457501, 33.6217226, 72.9551662, 618.81, 60.74599, 60.716
 1349557461, 33.6217304, 72.9551638, 618.66, 60.59585, 60.56585
 1349657421, 33.6217381, 72.9551613, 618.51, 60.44573, 60.41573
 1349758214, 33.6217459, 72.9551588, 618.36, 60.29428, 60.26428
 1349858174, 33.6217536, 72.9551564, 618.21, 60.14415, 60.11415
 1349958134, 33.6217613, 72.955154, 618.06, 59.9952, 59.9652
 1350058094, 33.621769, 72.9551515, 617.91, 59.84503, 59.81503
 1350158054, 33.6217767, 72.9551491, 617.76, 59.69482, 59.66482
 1350258014, 33.6217844, 72.9551466, 617.61, 59.54467, 59.51467
 1350357974, 33.6217921, 72.9551442, 617.46, 59.39445, 59.36446
 1350457934, 33.6217999, 72.9551417, 617.31, 59.2431, 59.2131
 1350557894, 33.6218076, 72.9551393, 617.16, 59.09297, 59.06297
 1350657854, 33.6218154, 72.9551368, 617.01, 58.94292, 58.91292
 1350757814, 33.6218231, 72.9551344, 616.86, 58.79283, 58.76283
 1350857774, 33.6218308, 72.9551319, 616.71, 58.6428, 58.6128
 1350957734, 33.6218385, 72.9551295, 616.56, 58.49274, 58.46274
 1351057694, 33.6218462, 72.9551271, 616.41, 58.34276, 58.31276
 1351157654, 33.6218539, 72.9551246, 616.26, 58.19271, 58.16272
 1351257614, 33.6218616, 72.9551222, 616.11, 58.0427, 58.0127
 1351357574, 33.6218693, 72.9551197, 615.96, 57.89259, 57.86259
 1351457534, 33.621877, 72.9551173, 615.81, 57.74245, 57.71245
 1351557494, 33.6218847, 72.9551148, 615.66, 57.59222, 57.56222
 1351657454, 33.6218925, 72.9551124, 615.51, 57.44183, 57.41183
 1351757414, 33.6219002, 72.95511, 615.36, 57.29121, 57.26121
 1351858207, 33.6219079, 72.9551075, 615.2, 57.13938, 57.10938
 1351958167, 33.6219156, 72.9551051, 615.05, 56.9887, 56.95871
 1352058127, 33.6219232, 72.9551026, 614.9, 56.83929, 56.80929
 1352158087, 33.6219309, 72.9551002, 614.75, 56.68861, 56.65862
 1352258047, 33.6219386, 72.9550978, 614.6, 56.538, 56.508
 1352358007, 33.6219462, 72.9550953, 614.45, 56.38746, 56.35746
 1352457967, 33.621954, 72.9550929, 614.3, 56.23586, 56.20586
 1352557927, 33.6219617, 72.9550904, 614.15, 56.08557, 56.05557
 1352657887, 33.6219694, 72.955088, 614, 55.93591, 55.90591
 1352757847, 33.6219771, 72.9550856, 613.85, 55.7864, 55.7564
 1352857807, 33.6219848, 72.9550831, 613.7, 55.63707, 55.60707
 1352957767, 33.6219925, 72.9550807, 613.55, 55.48779, 55.45779
 1353057727, 33.6220002, 72.9550782, 613.4, 55.33862, 55.30862
 1353157687, 33.6220079, 72.9550758, 613.25, 55.18937, 55.15937
 1353257647, 33.6220156, 72.9550733, 613.11, 55.04011, 55.01011
 1353357607, 33.6220233, 72.9550709, 612.96, 54.89077, 54.86077
 1353457567, 33.622031, 72.9550684, 612.81, 54.74137, 54.71138
 1353557527, 33.6220388, 72.955066, 612.66, 54.59184, 54.56184
 1353657487, 33.6220465, 72.9550635, 612.51, 54.44235, 54.41235
 1353757447, 33.6220542, 72.9550611, 612.36, 54.29284, 54.26284
 1353858240, 33.622062, 72.9550586, 612.21, 54.14235, 54.11235
 1353958200, 33.6220697, 72.9550562, 612.06, 53.99344, 53.96344
 1354058160, 33.6220774, 72.9550537, 611.91, 53.84506, 53.81506
 1354158120, 33.622085, 72.9550513, 611.76, 53.69839, 53.6684
 1354258080, 33.6220926, 72.9550489, 611.62, 53.55064, 53.52065
 1354358040, 33.6221001, 72.9550466, 611.47, 53.40336, 53.37336
 1354458000, 33.6221076, 72.9550442, 611.32, 53.25683, 53.22683
 1354557960, 33.6221151, 72.9550418, 611.18, 53.1102, 53.0802
 1354657920, 33.6221225, 72.9550395, 611.03, 52.9662, 52.9362
 1354757880, 33.6221298, 72.9550372, 610.89, 52.82387, 52.79387
 1354857840, 33.622137, 72.955035, 610.75, 52.68346, 52.65347
 1354957800, 33.6221441, 72.9550327, 610.61, 52.54523, 52.51523
 1355057760, 33.6221511, 72.9550305, 610.47, 52.40939, 52.37939
 1355157720, 33.622158, 72.9550283, 610.34, 52.27609, 52.24609
 1355257680, 33.6221648, 72.9550262, 610.21, 52.14543, 52.11543
 1355357640, 33.6221714, 72.9550241, 610.08, 52.01761, 51.98761
 1355457600, 33.6221779, 72.9550221, 609.96, 51.8928, 51.8628
 1355557560, 33.6221843, 72.9550201, 609.84, 51.77122, 51.74122
 1355657520, 33.6221905, 72.9550181, 609.72, 51.65304, 51.62304
 1355757480, 33.6221965, 72.9550162, 609.6, 51.53843, 51.50843
 1355857440, 33.6222024, 72.9550143, 609.49, 51.42761, 51.39761
 1355958233, 33.6222082, 72.9550125, 609.38, 51.31959, 51.28959
 1356058193, 33.6222137, 72.9550108, 609.28, 51.21679, 51.18679
 1356158153, 33.622219, 72.9550091, 609.18, 51.11831, 51.08831
 1356258113, 33.622224, 72.9550075, 609.09, 51.02508, 50.99508
 1356358073, 33.6222289, 72.955006, 609, 50.93579, 50.9058
 1356458033, 33.6222336, 72.9550045, 608.92, 50.85136, 50.82136
 1356557993, 33.6222381, 72.9550031, 608.84, 50.77168, 50.74168
 1356657953, 33.6222423, 72.9550017, 608.76, 50.69621, 50.66621
 1356757913, 33.6222463, 72.9550005, 608.69, 50.62624, 50.59624
 1356857873, 33.6222501, 72.9549993, 608.63, 50.56103, 50.53103
 1356957833, 33.6222537, 72.9549982, 608.57, 50.50057, 50.47057
 1357057793, 33.622257, 72.9549971, 608.51, 50.4447, 50.4147
 1357157753, 33.6222601, 72.9549961, 608.46, 50.39346, 50.36346
 1357257713, 33.622263, 72.9549952, 608.41, 50.34663, 50.31663
 1357357673, 33.6222656, 72.9549944, 608.37, 50.30412, 50.27412
 1357457633, 33.6222681, 72.9549936, 608.33, 50.26579, 50.23579
 1357557593, 33.6222703, 72.9549929, 608.3, 50.23143, 50.20143
 1357657553, 33.6222723, 72.9549923, 608.27, 50.20072, 50.17072
 1357757513, 33.6222741, 72.9549917, 608.24, 50.17312, 50.14312
 1357857473, 33.6222757, 72.9549912, 608.21, 50.14834, 50.11834
 1357957433, 33.6222772, 72.9549908, 608.19, 50.12626, 50.09626
 1358058226, 33.6222785, 72.9549903, 608.17, 50.10653, 50.07653
 1358158186, 33.6222796, 72.95499, 608.15, 50.0894, 50.0594
 1358258146, 33.6222805, 72.9549897, 608.14, 50.07446, 50.04446
 1358358106, 33.6222814, 72.9549894, 608.13, 50.06176, 50.03176
 1358458066, 33.622282, 72.9549892, 608.12, 50.05094, 50.02094
 1358558026, 33.6222826, 72.9549891, 608.11, 50.04194, 50.01194
 1358657986, 33.622283, 72.9549889, 608.1, 50.03468, 50.00468
 1358757946, 33.6222834, 72.9549888, 608.09, 50.02893, 49.99893
 1358857906, 33.6222836, 72.9549888, 608.09, 50.02465, 49.99465
 1358957866, 33.6222837, 72.9549887, 608.09, 50.02165, 49.99165
 1359057826, 33.6222838, 72.9549887, 608.08, 50.01976, 49.98977
 1359157786, 33.6222838, 72.9549887, 608.08, 50.01884, 49.98885
 1359257746, 33.6222837, 72.9549887, 608.08, 50.01873, 49.98873
 1359357706, 33.6222836, 72.9549888, 608.08, 50.01929, 49.98929
 1359457666, 33.6222834, 72.9549888, 608.09, 50.02036, 49.99036
 1359557626, 33.6222832, 72.9549889, 608.09, 50.02176, 49.99176
 1359657586, 33.622283, 72.954989, 608.09, 50.02336, 49.99336
 1359757546, 33.6222828, 72.9549891, 608.09, 50.02497, 49.99498
 1359857506, 33.6222826, 72.9549891, 608.09, 50.02812, 49.99812
 1359957466, 33.6222824, 72.9549892, 608.1, 50.03358, 50.00359
 1360057426, 33.6222822, 72.9549893, 608.11, 50.0407, 50.0107
 1360158219, 33.622282, 72.9549893, 608.11, 50.04892, 50.01892
 1360258179, 33.6222818, 72.9549894, 608.12, 50.05759, 50.02759
 1360358139, 33.6222816, 72.9549895, 608.13, 50.06618, 50.03618
 1360458099, 33.6222815, 72.9549895, 608.14, 50.07423, 50.04424
 1360558059, 33.6222814, 72.9549896, 608.15, 50.08147, 50.05148
 1360658019, 33.6222812, 72.9549896, 608.15, 50.08762, 50.05762
 1360757979, 33.6222811, 72.9549897, 608.16, 50.09256, 50.06256
 1360857939, 33.622281, 72.9549898, 608.16, 50.09742, 50.06742
 1360957899, 33.6222809, 72.9549899, 608.17, 50.10047, 50.07047
