Time,TERR_Status,TERR_Lat,TERR_Lng,TERR_Spacing,TERR_TerrH,TERR_CHeight,TERR_Pending,TERR_Loaded,TERR_ROfs
 101294466, 2, 33.6216407, 72.9556851, 100, 558.07, 0.0025577, 0, 336, 5.066277
 102294066, 2, 33.6216407, 72.9556851, 100, 558.07, 0.002605004, 0, 336, 5.066277
 103294499, 2, 33.6216407, 72.9556851, 100, 558.07, 0.002664264, 0, 336, 5.066277
 104294099, 2, 33.6216407, 72.9556851, 100, 558.07, 0.002675278, 0, 336, 5.066277
 105293699, 2, 33.6216407, 72.9556851, 100, 558.07, 0.002697844, 0, 336, 5.066277
 106294132, 2, 33.6216407, 72.9556851, 100, 558.07, 0.002704842, 0, 336, 5.066277
 107293732, 2, 33.6216408, 72.955685, 100, 558.0701, 1.020891, 0, 336, 5.066277
 108294165, 2, 33.6216409, 72.9556848, 100, 558.0702, 3.485417, 0, 336, 5.066277
 109293765, 2, 33.621641, 72.9556847, 100, 558.0704, 6.134166, 0, 336, 5.066277
 110294198, 2, 33.621641, 72.9556847, 100, 558.0704, 8.66958, 0, 336, 5.066277
 111293798, 2, 33.621641, 72.9556848, 100, 558.0704, 11.20844, 0, 336, 5.066277
 112294231, 2, 33.621641, 72.9556848, 100, 558.0704, 13.70339, 0, 336, 5.066277
 113293831, 2, 33.6216409, 72.9556849, 100, 558.0701, 16.1916, 0, 336, 5.066277
 114294264, 2, 33.6216409, 72.9556849, 100, 558.0701, 18.69639, 0, 336, 5.066277
 115293864, 2, 33.6216409, 72.9556849, 100, 558.0701, 21.19771, 0, 336, 5.066277
 116294297, 2, 33.621641, 72.9556848, 100, 558.0704, 23.69419, 0, 336, 5.066277
 117293897, 2, 33.621641, 72.9556847, 100, 558.0704, 26.21756, 0, 336, 5.066277
 118294330, 2, 33.6216411, 72.9556847, 100, 558.0704, 28.70655, 0, 336, 5.066277
 119293930, 2, 33.6216411, 72.9556847, 100, 558.0704, 31.18039, 0, 336, 5.066277
 120294363, 2, 33.6216411, 72.9556847, 100, 558.0704, 33.67649, 0, 336, 5.066277
 121293963, 2, 33.6216411, 72.9556847, 100, 558.0704, 36.17896, 0, 336, 5.066277
 122294396, 2, 33.6216411, 72.9556847, 100, 558.0704, 38.67683, 0, 336, 5.066277
 123293996, 2, 33.621641, 72.9556847, 100, 558.0704, 41.16159, 0, 336, 5.066277
 124294429, 2, 33.621641, 72.9556847, 100, 558.0704, 43.66407, 0, 336, 5.066277
 125294029, 2, 33.621641, 72.9556847, 100, 558.0704, 46.02338, 0, 336, 5.066277
 126294462, 2, 33.621641, 72.9556847, 100, 558.0704, 47.86559, 0, 336, 5.066277
 127294062, 2, 33.621641, 72.9556847, 100, 558.0704, 49.14156, 0, 336, 5.066277
 128294495, 2, 33.621641, 72.9556847, 100, 558.0704, 49.86941, 0, 336, 5.066277
 129294095, 2, 33.6216411, 72.9556848, 100, 558.0704, 49.98914, 0, 336, 5.066277
 130294528, 2, 33.6216451, 72.9556854, 100, 558.0756, 50.18499, 0, 336, 5.066277
 131294128, 2, 33.6216591, 72.9556878, 100, 558.0935, 51.02025, 0, 336, 5.066277
 132293728, 2, 33.6216869, 72.9556931, 100, 558.1294, 52.69946, 0, 336, 5.066277
 133294161, 2, 33.621724, 72.9557001, 100, 558.1783, 54.93998, 0, 336, 5.066277
 134293761, 2, 33.6217647, 72.9557073, 100, 558.2329, 57.33904, 0, 336, 5.066277
 135294194, 2, 33.6218065, 72.9557147, 100, 558.2903, 59.73279, 0, 336, 5.066277
 136293794, 2, 33.621849, 72.9557223, 100, 558.35, 62.13142, 0, 336, 5.066277
 137294227, 2, 33.6218918, 72.95573, 100, 558.4113, 64.53873, 0, 336, 5.066277
 138293827, 2, 33.6219344, 72.9557377, 100, 558.4738, 66.94975, 0, 336, 5.066277
 139294260, 2, 33.6219769, 72.9557454, 100, 558.5375, 69.36174, 0, 336, 5.066277
 140293860, 2, 33.6220193, 72.9557531, 100, 558.6022, 71.78555, 0, 336, 5.066277
 141294293, 2, 33.6220616, 72.9557608, 100, 558.6683, 74.21761, 0, 336, 5.066277
 142293893, 2, 33.6221039, 72.9557684, 100, 558.7355, 76.6489, 0, 336, 5.066277
 143294326, 2, 33.6221464, 72.9557761, 100, 558.8043, 79.07178, 0, 336, 5.066277
 144293926, 2, 33.6221891, 72.9557838, 100, 558.8749, 81.48908, 0, 336, 5.066277
 145294359, 2, 33.6222316, 72.9557914, 100, 558.9462, 83.91651, 0, 336, 5.066277
 146293959, 2, 33.622274, 72.9557991, 100, 559.0189, 86.3424, 0, 336, 5.066277
 147294392, 2, 33.6223163, 72.9558067, 100, 559.0925, 88.77474, 0, 336, 5.066277
 148293992, 2, 33.6223588, 72.9558144, 100, 559.168, 91.18597, 0, 336, 5.066277
 149294425, 2, 33.6224014, 72.9558221, 100, 559.245, 93.61061, 0, 336, 5.066277
 150294025, 2, 33.6224417, 72.9558294, 100, 559.3191, 95.91445, 0, 336, 5.066277
 151294458, 2, 33.622471, 72.9558357, 100, 559.3751, 97.62479, 0, 336, 5.066277
 152294058, 2, 33.6224758, 72.9558419, 100, 559.3934, 98.21929, 0, 336, 5.066277
 153294491, 2, 33.6224508, 72.9558501, 100, 559.368, 97.83865, 0, 336, 5.066277
 154294091, 2, 33.6224036, 72.9558611, 100, 559.3101, 96.97657, 0, 336, 5.066277
 155294524, 2, 33.6223419, 72.9558762, 100, 559.2324, 95.87174, 0, 336, 5.066277
 156294124, 2, 33.6222707, 72.9558926, 100, 559.1365, 94.62354, 0, 336, 5.066277
 157293724, 2, 33.6221949, 72.955911, 100, 559.03, 93.33421, 0, 336, 5.066277
 158294157, 2, 33.6221173, 72.9559305, 100, 558.9156, 92.05317, 0, 336, 5.066277
 159293757, 2, 33.6220386, 72.9559497, 100, 558.7925, 90.76812, 0, 336, 5.066277
 160294190, 2, 33.6219592, 72.9559695, 100, 558.6621, 89.46704, 0, 336, 5.066277
 161293790, 2, 33.6218795, 72.955989, 100, 558.5244, 88.15202, 0, 336, 5.066277
 162294223, 2, 33.6217997, 72.9560087, 100, 558.3799, 86.82748, 0, 336, 5.066277
 163293823, 2, 33.6217196, 72.9560285, 100, 558.2281, 85.50307, 0, 336, 5.066277
 164294256, 2, 33.6216388, 72.9560484, 100, 558.0684, 84.18316, 0, 336, 5.066277
 165293856, 2, 33.621558, 72.9560684, 100, 557.7867, 82.98109, 0, 336, 5.066277
 166294289, 2, 33.6214772, 72.9560883, 100, 557.5106, 81.76581, 0, 336, 5.066277
 167293889, 2, 33.6213965, 72.9561082, 100, 557.2415, 80.54065, 0, 336, 5.066277
 168294322, 2, 33.6213159, 72.956128, 100, 556.9796, 79.304, 0, 336, 5.066277
 169293922, 2, 33.621235, 72.956148, 100, 556.7234, 78.06911, 56, 448, 5.066277
 170294355, 2, 33.6211539, 72.956168, 100, 556.4733, 76.82086, 0, 504, 5.066277
 171293955, 2, 33.6210729, 72.9561879, 100, 556.2306, 75.56434, 0, 504, 5.066277
 172294388, 2, 33.620992, 72.9562078, 100, 555.9949, 74.23278, 0, 504, 5.066277
 173293988, 2, 33.62091, 72.9562292, 100, 555.7648, 73.63184, 0, 504, 5.066277
 174294421, 2, 33.6208305, 72.9562481, 100, 555.5458, 71.8121, 0, 504, 5.066277
 175294021, 2, 33.6207498, 72.9562672, 100, 555.3296, 70.46952, 0, 504, 5.066277
 176294454, 2, 33.6206686, 72.9562871, 100, 555.3356, 68.96646, 0, 504, 5.066277
 177294054, 2, 33.6205877, 72.9563073, 100, 555.3741, 67.42247, 0, 504, 5.066277
 178294487, 2, 33.6205065, 72.9563275, 100, 555.4125, 65.88338, 0, 504, 5.066277
 179294087, 2, 33.6204255, 72.9563476, 100, 555.4507, 64.34634, 0, 504, 5.066277
 180294520, 2, 33.6203446, 72.9563675, 100, 555.4886, 62.80272, 0, 504, 5.066277
 181299951, 2, 33.6202632, 72.9563875, 100, 555.5266, 61.26251, 0, 504, 5.066277
 182299551, 2, 33.6201825, 72.9564074, 100, 555.5644, 59.72655, 0, 504, 5.066277
 183299984, 2, 33.6201018, 72.9564273, 100, 555.6024, 58.18834, 0, 504, 5.066277
 184299584, 2, 33.6200207, 72.9564473, 100, 555.6403, 56.65393, 0, 504, 5.066277
 185300017, 2, 33.6199421, 72.9564667, 100, 555.6772, 55.16364, 0, 504, 5.066277
 186299617, 2, 33.6198729, 72.9564836, 100, 555.7094, 53.87729, 0, 504, 5.066277
 187299217, 2, 33.6198216, 72.9564945, 100, 555.8134, 52.99045, 0, 504, 5.066277
 188299650, 2, 33.6197889, 72.9564923, 100, 555.9491, 53.31038, 0, 504, 5.066277
 189299250, 2, 33.619808, 72.9564492, 100, 555.7859, 61.50776, 0, 504, 5.066277
 190299683, 2, 33.619813, 72.9564182, 100, 555.7062, 61.66648, 0, 504, 5.066277
 191299283, 2, 33.6197605, 72.956411, 100, 555.9125, 63.08575, 0, 504, 5.066277
 192304714, 2, 33.6197486, 72.9563937, 100, 555.9287, 63.60414, 0, 504, 5.066277
 193304314, 2, 33.6197829, 72.9563612, 100, 555.723, 65.01643, 0, 504, 5.066277
 194304747, 2, 33.6197604, 72.9563347, 100, 555.7646, 65.94481, 0, 504, 5.066277
 195304347, 2, 33.6197454, 72.9562957, 100, 555.7498, 68.11038, 0, 504, 5.066277
 196304780, 2, 33.6197811, 72.9562585, 100, 555.5332, 67.29949, 0, 504, 5.066277
 197304380, 2, 33.6197449, 72.9562591, 100, 555.68, 75.74197, 0, 504, 5.066277
 198304813, 2, 33.6197031, 72.9562679, 100, 555.8665, 74.6403, 0, 504, 5.066277
 199304413, 2, 33.6197462, 72.956252, 100, 555.6609, 77.25547, 0, 504, 5.066277
 200304846, 2, 33.619775, 72.9562236, 100, 555.4901, 74.28416, 0, 504, 5.066277
 201304446, 2, 33.6196972, 72.956229, 100, 555.8119, 82.18115, 0, 504, 5.066277
 202304879, 2, 33.6196379, 72.9562356, 100, 556.063, 80.71037, 0, 504, 5.066277
 203304479, 2, 33.6196729, 72.9562249, 100, 555.901, 83.39423, 0, 504, 5.066277
 204304912, 2, 33.6197184, 72.9561943, 100, 555.6582, 84.10603, 0, 504, 5.066277
 205304512, 2, 33.6197039, 72.9561372, 100, 555.6014, 85.43611, 0, 504, 5.066277
 206304945, 2, 33.6196993, 72.9561213, 100, 555.5873, 86.28912, 0, 504, 5.066277
 207304545, 2, 33.6196792, 72.9561734, 100, 555.7712, 87.05264, 0, 504, 5.066277
 208304978, 2, 33.6196366, 72.9562497, 100, 556.0974, 87.73017, 0, 504, 5.066277
 209304578, 2, 33.6195796, 72.9563292, 100, 556.4965, 88.32611, 0, 504, 5.066277
 210305011, 2, 33.6195151, 72.9564078, 100, 556.9342, 88.82985, 0, 504, 5.066277
 211304611, 2, 33.6194481, 72.9564861, 100, 557.3924, 89.58853, 0, 504, 5.066277
 212304211, 2, 33.6194215, 72.9565351, 100, 557.6184, 90.37022, 0, 504, 5.066277
 213304644, 2, 33.6194563, 72.9565492, 100, 557.5002, 91.64024, 0, 504, 5.066277
 214304244, 2, 33.619515, 72.9565416, 100, 557.2286, 92.84683, 0, 504, 5.066277
 215304677, 2, 33.6195392, 72.9564828, 100, 556.9962, 94.09747, 0, 504, 5.066277
 216304277, 2, 33.619563, 72.9563958, 100, 556.7076, 95.19598, 0, 504, 5.066277
 217304710, 2, 33.6196026, 72.9562971, 100, 556.3343, 96.39062, 0, 504, 5.066277
 218304310, 2, 33.6196252, 72.9561976, 100, 556.0349, 94.22231, 0, 504, 5.066277
 219304743, 2, 33.6196543, 72.9561303, 100, 555.7809, 84.39515, 0, 504, 5.066277
 220304343, 2, 33.619724, 72.9561683, 100, 555.5846, 90.78336, 0, 504, 5.066277
 221304776, 2, 33.6197623, 72.9561651, 100, 555.4274, 88.20439, 0, 504, 5.066277
 222304376, 2, 33.6197951, 72.9561083, 100, 555.1898, 90.45393, 0, 504, 5.066277
 223304809, 2, 33.6198102, 72.956044, 100, 555.0096, 92.93589, 0, 504, 5.066277
 224304409, 2, 33.6197696, 72.9559756, 100, 555.032, 95.67552, 0, 504, 5.066277
 225304842, 2, 33.6197051, 72.9559196, 100, 555.1611, 96.97615, 0, 504, 5.066277
 226304442, 2, 33.6196253, 72.9558642, 100, 555.3394, 97.09013, 0, 504, 5.066277
 227304875, 2, 33.6195439, 72.9558065, 100, 555.5093, 96.43768, 0, 504, 5.066277
 228304475, 2, 33.6194634, 72.9557466, 100, 555.6619, 94.54321, 0, 504, 5.066277
 229304908, 2, 33.6193829, 72.9556829, 100, 555.7952, 92.82437, 0, 504, 5.066277
 230304508, 2, 33.6193018, 72.9556171, 100, 555.9154, 90.97622, 0, 504, 5.066277
 231304941, 2, 33.6192197, 72.9555505, 100, 556.0522, 89.29198, 0, 504, 5.066277
 232304541, 2, 33.6191366, 72.955484, 100, 556.1731, 87.60418, 0, 504, 5.066277
 233304974, 2, 33.6190524, 72.9554182, 100, 556.2648, 86.0292, 0, 504, 5.066277
 234304574, 2, 33.6189754, 72.9553598, 100, 556.3232, 84.66837, 0, 504, 5.066277
 235305007, 2, 33.6189345, 72.955361, 100, 556.4194, 83.09506, 0, 504, 5.066277
 236304607, 2, 33.6189189, 72.9554078, 100, 556.5652, 81.50182, 0, 504, 5.066277
 237305040, 2, 33.6189313, 72.9554437, 100, 556.6542, 79.73314, 0, 504, 5.066277
 238304640, 2, 33.6189754, 72.9554296, 100, 556.5112, 78.57804, 0, 504, 5.066277
 239304240, 2, 33.6190254, 72.955451, 100, 556.4233, 77.19085, 0, 504, 5.066277
 240304673, 2, 33.6190737, 72.9554576, 100, 556.299, 75.65341, 0, 504, 5.066277
 241304273, 2, 33.6190907, 72.9554483, 100, 556.2277, 72.17907, 0, 504, 5.066277
 242304706, 2, 33.6190718, 72.9554959, 100, 556.396, 76.99413, 0, 504, 5.066277
 243304306, 2, 33.6190338, 72.9555695, 100, 556.6964, 75.36671, 0, 504, 5.066277
 244304739, 2, 33.6190373, 72.9555653, 100, 556.6745, 74.95385, 0, 504, 5.066277
 245304339, 2, 33.6190447, 72.9555872, 100, 556.7043, 70.67032, 0, 504, 5.066277
 246304772, 2, 33.6190604, 72.9556749, 100, 556.8842, 73.27777, 0, 504, 5.066277
 247304372, 2, 33.6190901, 72.9557842, 100, 557.0704, 71.05817, 0, 504, 5.066277
 248304805, 2, 33.6191373, 72.9558757, 100, 557.1399, 70.97476, 0, 504, 5.066277
 249304405, 2, 33.619194, 72.9559509, 100, 557.1237, 68.6324, 0, 504, 5.066277
 250304838, 2, 33.6192635, 72.9560112, 100, 557.0135, 67.46113, 0, 504, 5.066277
 251304438, 2, 33.6193403, 72.9560579, 100, 556.8339, 65.69625, 0, 504, 5.066277
 252304871, 2, 33.6194222, 72.9560903, 100, 556.5948, 64.54936, 0, 504, 5.066277
 253304471, 2, 33.619505, 72.9561101, 100, 556.3189, 63.20395, 0, 504, 5.066277
 254304904, 2, 33.6195866, 72.9561181, 100, 556.0192, 62.06755, 0, 504, 5.066277
 255304504, 2, 33.6196655, 72.9561158, 100, 555.7078, 60.82983, 0, 504, 5.066277
 256304937, 2, 33.619741, 72.9561019, 100, 555.3871, 59.74537, 0, 504, 5.066277
 257304537, 2, 33.619789, 72.9560868, 100, 555.1723, 58.08104, 0, 504, 5.066277
 258304970, 2, 33.6197711, 72.9560843, 100, 555.2366, 56.36552, 0, 504, 5.066277
 259304570, 2, 33.6197132, 72.9560879, 100, 555.4669, 54.99961, 0, 504, 5.066277
 260305003, 2, 33.6196492, 72.9560872, 100, 555.7121, 53.39717, 0, 504, 5.066277
 261304603, 2, 33.6196279, 72.956083, 100, 555.7855, 51.79981, 0, 504, 5.066277
 262305036, 2, 33.6196184, 72.9560913, 100, 555.8395, 50.16599, 0, 504, 5.066277
 263304636, 2, 33.6195938, 72.9560836, 100, 555.9181, 48.25848, 0, 504, 5.066277
 264304236, 2, 33.6196035, 72.9560711, 100, 555.8545, 45.67224, 0, 504, 5.066277
 265304669, 2, 33.6196679, 72.9561291, 100, 555.7253, 52.98685, 0, 504, 5.066277
 266304269, 2, 33.6196733, 72.9561455, 100, 555.7379, 49.17855, 0, 504, 5.066277
 267304702, 2, 33.6196421, 72.9561308, 100, 555.8296, 49.31105, 0, 504, 5.066277
 268304302, 2, 33.6196396, 72.9561455, 100, 555.87, 41.7598, 0, 504, 5.066277
 269304735, 2, 33.6197164, 72.9562378, 100, 555.7526, 50.23521, 0, 504, 5.066277
 270304335, 2, 33.6197702, 72.9563117, 100, 555.6799, 47.04042, 0, 504, 5.066277
 271304768, 2, 33.6198082, 72.9563865, 100, 555.6661, 47.61384, 0, 504, 5.066277
 272304368, 2, 33.6198381, 72.9564569, 100, 555.673, 44.6375, 0, 504, 5.066277
 273304801, 2, 33.6198638, 72.9565378, 100, 555.8103, 43.82036, 0, 504, 5.066277
 274304401, 2, 33.6198842, 72.9566194, 100, 555.9619, 41.26004, 0, 504, 5.066277
 275304834, 2, 33.6198991, 72.9567109, 100, 556.3315, 39.79162, 0, 504, 5.066277
 276304434, 2, 33.6199083, 72.9568051, 100, 557.0391, 37.1604, 0, 504, 5.066277
 277304867, 2, 33.6199106, 72.9569062, 100, 557.7991, 35.06823, 0, 504, 5.066277
 278304467, 2, 33.6199061, 72.9570106, 100, 558.5819, 32.62756, 0, 504, 5.066277
 279304900, 2, 33.6198954, 72.9571161, 100, 559.3704, 30.51847, 0, 504, 5.066277
 280304500, 2, 33.6198721, 72.9571455, 100, 559.5801, 28.20491, 0, 504, 5.066277
 281304933, 2, 33.6198546, 72.9570785, 100, 559.0726, 27.21378, 0, 504, 5.066277
 282304533, 2, 33.6198709, 72.9569821, 100, 558.3582, 27.3812, 0, 504, 5.066277
 283304966, 2, 33.6198983, 72.9569487, 100, 558.1155, 26.72269, 0, 504, 5.066277
 284304566, 2, 33.6198824, 72.9569389, 100, 558.0382, 24.53301, 0, 504, 5.066277
 285304999, 2, 33.6198786, 72.9569028, 100, 557.767, 23.16345, 0, 504, 5.066277
 286304599, 2, 33.6199112, 72.9568871, 100, 557.656, 20.85702, 0, 504, 5.066277
 287305032, 2, 33.6199028, 72.9569122, 100, 557.8427, 24.70792, 0, 504, 5.066277
 288304632, 2, 33.6198593, 72.956944, 100, 558.0708, 23.07446, 0, 504, 5.066277
 289304232, 2, 33.6198645, 72.9568782, 100, 557.5812, 22.35802, 0, 504, 5.066277
 290304665, 2, 33.6198531, 72.9568, 100, 556.996, 21.7128, 0, 504, 5.066277
 291304265, 2, 33.6197987, 72.9567249, 100, 556.6178, 16.62154, 0, 504, 5.066277
 292304698, 2, 33.6196674, 72.9566563, 100, 556.8033, 18.72811, 0, 504, 5.066277
 293304298, 2, 33.6195592, 72.9566172, 100, 557.2001, 15.02232, 0, 504, 5.066277
 294304731, 2, 33.6194245, 72.9565968, 100, 557.7471, 13.05936, 0, 504, 5.066277
 295304331, 2, 33.6192838, 72.9565917, 100, 558.3516, 10.41611, 0, 504, 5.066277
 296304764, 2, 33.6191299, 72.956596, 100, 559.0375, 8.429196, 0, 504, 5.066277
 297304364, 2, 33.6189679, 72.9566074, 100, 559.7803, 6.996512, 0, 504, 5.066277
 298304797, 2, 33.6188022, 72.9566221, 100, 560.0906, 6.354741, 0, 504, 5.066277
 299304397, 2, 33.618634, 72.9566378, 100, 560.324, 6.073603, 0, 504, 5.066277
 300304830, 2, 33.618465, 72.9566526, 100, 560.556, 5.933405, 0, 504, 5.066277
 301304430, 2, 33.6182962, 72.9566655, 100, 560.7826, 5.83489, 0, 504, 5.066277
 302304863, 2, 33.6181319, 72.9566729, 100, 560.9835, 6.338466, 0, 504, 5.066277
 303304463, 2, 33.6180579, 72.9566069, 100, 560.8879, 9.137846, 0, 504, 5.066277
 304304896, 2, 33.6180624, 72.9565244, 100, 560.6528, 10.3365, 0, 504, 5.066277
 305304496, 2, 33.6180998, 72.9564639, 100, 560.4415, 11.19201, 0, 504, 5.066277
 306304929, 2, 33.6181409, 72.9564318, 100, 560.3055, 10.62574, 0, 504, 5.066277
 307304529, 2, 33.6181783, 72.9564236, 100, 560.2404, 9.764542, 0, 504, 5.066277
 308304962, 2, 33.6182096, 72.9564354, 100, 560.238, 8.376823, 0, 504, 5.066277
 309304562, 2, 33.6182319, 72.9564614, 100, 560.2856, 6.420864, 0, 504, 5.066277
 310304995, 2, 33.6182453, 72.9565219, 100, 560.4394, 13.54685, 0, 504, 5.066277
 311304595, 2, 33.6182386, 72.9565687, 100, 560.5773, 10.98504, 0, 504, 5.066277
 312305028, 2, 33.618206, 72.9566042, 100, 560.7133, 10.76166, 0, 504, 5.066277
 313304628, 2, 33.6182219, 72.9566029, 100, 560.6918, 7.668571, 0, 504, 5.066277
 314304228, 2, 33.6182588, 72.9566089, 100, 560.6669, 9.151381, 0, 504, 5.066277
 315304661, 2, 33.6182487, 72.9566299, 100, 560.7371, 7.313727, 0, 504, 5.066277
 316304261, 2, 33.6182031, 72.9566285, 100, 560.7845, 7.206399, 0, 504, 5.066277
 317304694, 2, 33.6182102, 72.9566016, 100, 560.7014, 6.241504, 0, 504, 5.066277
 318304294, 2, 33.6182434, 72.9566044, 100, 560.6717, 6.89108, 0, 504, 5.066277
 319304727, 2, 33.6182408, 72.9566291, 100, 560.7435, 5.695989, 0, 504, 5.066277
 320304327, 2, 33.618201, 72.9566432, 100, 560.8279, 4.913898, 0, 504, 5.066277
 321304760, 2, 33.6181505, 72.9566831, 100, 560.984, 4.51357, 0, 504, 5.066277
 322304360, 2, 33.6180999, 72.9567554, 100, 561.1819, 3.702596, 0, 504, 5.066277
 323304793, 2, 33.6180631, 72.9568515, 100, 561.3989, 2.969532, 0, 504, 5.066277
 324304393, 2, 33.6180466, 72.9569638, 100, 561.6204, 0.4283936, 0, 504, 5.066277
 325304826, 2, 33.6180519, 72.9571034, 100, 561.8798, 3.960225, 0, 504, 5.066277
 326304426, 2, 33.618068, 72.9572325, 100, 562.1227, 1.360441, 0, 504, 5.066277
 327304859, 2, 33.6180988, 72.9573663, 100, 562.3884, 2.014371, 0, 504, 5.066277
 328304459, 2, 33.6181352, 72.9574919, 100, 562.6573, 0.648838, 0, 504, 5.066277
 329304892, 2, 33.6181761, 72.9576175, 100, 562.9495, 0.2867551, 0, 504, 5.066277
 330304492, 2, 33.6181835, 72.9576462, 100, 563.0174, -0.01132298, 0, 504, 5.066277
 331304925, 2, 33.6181736, 72.9576261, 100, 562.9655, -3.859901, 0, 504, 5.066277
 332304525, 2, 33.6181556, 72.9575679, 100, 562.8282, 2.533227, 0, 504, 5.066277
 333304958, 2, 33.6181466, 72.9575151, 100, 562.7122, 0.09611225, 0, 504, 5.066277
 334304558, 2, 33.6181577, 72.9575066, 100, 562.7014, 1.499911, 0, 504, 5.066277
 335304991, 2, 33.618153, 72.9574879, 100, 562.6594, 0.8392806, 0, 504, 5.066277
 336304591, 2, 33.6181324, 72.9574654, 100, 562.6016, -0.2652674, 0, 504, 5.066277
 337305024, 2, 33.6181368, 72.95746, 100, 562.593, 0.5803242, 0, 504, 5.066277
 338304624, 2, 33.6181391, 72.957455, 100, 562.5837, -0.2626343, 0, 504, 5.066277
 339304224, 2, 33.6181389, 72.9574564, 100, 562.5865, -0.285274, 0, 504, 5.066277
 340304657, 2, 33.6181387, 72.9574564, 100, 562.5864, -0.2938433, 0, 504, 5.066277
 341304257, 2, 33.6181387, 72.9574564, 100, 562.5864, -0.2208614, 0, 504, 5.066277
 342304690, 2, 33.6181405, 72.9574576, 100, 562.59, -0.2829194, 0, 504, 5.066277
 343304290, 2, 33.6181405, 72.9574574, 100, 562.5896, -0.2988067, 0, 504, 5.066277
 344304723, 2, 33.6181405, 72.9574573, 100, 562.5893, -0.3048196, 0, 504, 5.066277
 345304323, 2, 33.6181406, 72.9574573, 100, 562.5893, -0.3234262, 0, 504, 5.066277
 346304756, 2, 33.6181419, 72.9574575, 100, 562.5904, -1.547831, 0, 504, 5.066277
 347304356, 2, 33.6181515, 72.9574611, 100, 562.6028, -3.917399, 0, 504, 5.066277
 348304789, 2, 33.618176, 72.957487, 100, 562.6708, 1.345796, 0, 504, 5.066277
 349304389, 2, 33.6181796, 72.9574913, 100, 562.6823, 1.121341, 0, 504, 5.066277
 350304822, 2, 33.6181839, 72.9574957, 100, 562.694, 0.1494679, 0, 504, 5.066277
 351304422, 2, 33.6181816, 72.957494, 100, 562.6891, 0.1729341, 0, 504, 5.066277
 352304855, 2, 33.6181817, 72.9574942, 100, 562.6896, 0.1256676, 0, 504, 5.066277
 353304455, 2, 33.6181818, 72.9574943, 100, 562.6899, 0.09365368, 0, 504, 5.066277
 354304888, 2, 33.6181819, 72.9574944, 100, 562.6901, -0.09174919, 0, 504, 5.066277
 355304488, 2, 33.618182, 72.9574945, 100, 562.6904, -0.2773395, 0, 504, 5.066277
 356304921, 2, 33.6181821, 72.9574945, 100, 562.6904, -0.3038363, 0, 504, 5.066277
 357304521, 2, 33.6181821, 72.9574945, 100, 562.6904, -0.23136, 0, 504, 5.066277
 358304954, 2, 33.6181799, 72.957494, 100, 562.688, -0.1275406, 0, 504, 5.066277
 359304554, 2, 33.6181801, 72.9574941, 100, 562.6885, -0.1737776, 0, 504, 5.066277
 360304987, 2, 33.6181801, 72.9574941, 100, 562.6885, -0.2284036, 0, 504, 5.066277
 361304587, 2, 33.6181801, 72.9574942, 100, 562.6887, -0.2498627, 0, 504, 5.066277
 362305020, 2, 33.6181801, 72.9574941, 100, 562.6885, -0.2731571, 0, 504, 5.066277
 363304620, 2, 33.6181801, 72.9574941, 100, 562.6885, -0.2876034, 0, 504, 5.066277
 364304220, 2, 33.6181801, 72.9574941, 100, 562.6885, -0.2977147, 0, 504, 5.066277
 365304653, 2, 33.6181805, 72.9574997, 100, 562.7007, 1.325826, 0, 504, 5.066277
 366304253, 2, 33.6181808, 72.9575004, 100, 562.7023, 0.9945598, 0, 504, 5.066277
 367304686, 2, 33.6181812, 72.9574968, 100, 562.695, 0.5311999, 0, 504, 5.066277
 368304286, 2, 33.618181, 72.9574952, 100, 562.6914, 0.2698755, 0, 504, 5.066277
 369304719, 2, 33.6181809, 72.9574946, 100, 562.6901, 0.149713, 0, 504, 5.066277
 370304319, 2, 33.6181808, 72.9574943, 100, 562.6893, 0.1168642, 0, 504, 5.066277
 371304752, 2, 33.6181808, 72.9574941, 100, 562.689, 0.1241484, 0, 504, 5.066277
 372304352, 2, 33.6181809, 72.9574939, 100, 562.6885, 0.1505332, 0, 504, 5.066277
 373304785, 2, 33.618181, 72.9574937, 100, 562.6882, 0.1823559, 0, 504, 5.066277
 374304385, 2, 33.6181811, 72.9574935, 100, 562.6877, 0.2143393, 0, 504, 5.066277
 375304818, 2, 33.6181812, 72.9574935, 100, 562.6878, 0.2416353, 0, 504, 5.066277
 376304418, 2, 33.6181812, 72.9574935, 100, 562.6878, 0.2648172, 0, 504, 5.066277
 377304851, 2, 33.6181813, 72.9574935, 100, 562.6878, 0.2835655, 0, 504, 5.066277
 378304451, 2, 33.6181813, 72.9574936, 100, 562.688, 0.2978716, 0, 504, 5.066277
 379304884, 2, 33.6181813, 72.9574937, 100, 562.6884, 0.309031, 0, 504, 5.066277
 380304484, 2, 33.6181813, 72.9574938, 100, 562.6885, 0.3176928, 0, 504, 5.066277
 381304917, 2, 33.6181813, 72.9574938, 100, 562.6885, 0.3242321, 0, 504, 5.066277
 382304517, 2, 33.6181813, 72.9574939, 100, 562.6887, 0.3286638, 0, 504, 5.066277
 383304950, 2, 33.6181813, 72.9574939, 100, 562.6887, 0.3318958, 0, 504, 5.066277
 384304550, 2, 33.6181813, 72.957494, 100, 562.6889, 0.3337455, 0, 504, 5.066277
 385304983, 2, 33.6181813, 72.957494, 100, 562.6889, 0.3351374, 0, 504, 5.066277
 386304583, 2, 33.6181813, 72.9574941, 100, 562.6892, 0.3351836, 0, 504, 5.066277
 387305016, 2, 33.6181813, 72.9574941, 100, 562.6892, 0.3352056, 0, 504, 5.066277
 388304616, 2, 33.6181813, 72.9574941, 100, 562.6892, 0.3345761, 0, 504, 5.066277
 389304216, 2, 33.6181813, 72.9574942, 100, 562.6895, 0.3334775, 0, 504, 5.066277
 390304649, 2, 33.6181813, 72.9574942, 100, 562.6895, 0.3324752, 0, 504, 5.066277
 391304249, 2, 33.6181813, 72.9574942, 100, 562.6895, 0.3312435, 0, 504, 5.066277
 392304682, 2, 33.6181813, 72.9574943, 100, 562.6896, 0.3295956, 0, 504, 5.066277
 393304282, 2, 33.6181812, 72.9574943, 100, 562.6896, 0.3276887, 0, 504, 5.066277
 394304715, 2, 33.6181812, 72.9574943, 100, 562.6896, 0.3261366, 0, 504, 5.066277
 395304315, 2, 33.6181812, 72.9574943, 100, 562.6896, 0.3245697, 0, 504, 5.066277
 396304748, 2, 33.6181812, 72.9574944, 100, 562.6898, 0.3228116, 0, 504, 5.066277
 397304348, 2, 33.6181812, 72.9574944, 100, 562.6898, 0.3212495, 0, 504, 5.066277
 398304781, 2, 33.6181812, 72.9574944, 100, 562.6898, 0.3196278, 0, 504, 5.066277
 399304381, 2, 33.6181812, 72.9574944, 100, 562.6898, 0.3181567, 0, 504, 5.066277
 400304814, 2, 33.6181812, 72.9574944, 100, 562.6898, 0.3167, 0, 504, 5.066277
 401304414, 2, 33.6181812, 72.9574945, 100, 562.6899, 0.3150496, 0, 504, 5.066277
 402304847, 2, 33.6181812, 72.9574945, 100, 562.6899, 0.3135982, 0, 504, 5.066277
 403304447, 2, 33.6181812, 72.9574945, 100, 562.6899, 0.3120623, 0, 504, 5.066277
 404304880, 2, 33.6181812, 72.9574945, 100, 562.6899, 0.3105335, 0, 504, 5.066277
 405304480, 2, 33.6181812, 72.9574945, 100, 562.6899, 0.309104, 0, 504, 5.066277
 406304913, 2, 33.6181812, 72.9574945, 100, 562.6899, 0.307734, 0, 504, 5.066277
 407304513, 2, 33.6181812, 72.9574945, 100, 562.6899, 0.3063254, 0, 504, 5.066277
 408304946, 2, 33.6181812, 72.9574946, 100, 562.6903, 0.3042178, 0, 504, 5.066277
 409304546, 2, 33.6181812, 72.9574946, 100, 562.6903, 0.3029203, 0, 504, 5.066277
 410304979, 2, 33.6181812, 72.9574946, 100, 562.6903, 0.3017139, 0, 504, 5.066277
 411304579, 2, 33.6181812, 72.9574946, 100, 562.6903, 0.3005238, 0, 504, 5.066277
 412305012, 2, 33.6181812, 72.9574946, 100, 562.6903, 0.2996116, 0, 504, 5.066277
 413304612, 2, 33.6181812, 72.9574946, 100, 562.6903, 0.2985463, 0, 504, 5.066277
 414304212, 2, 33.6181812, 72.9574946, 100, 562.6903, 0.2974844, 0, 504, 5.066277
 415304645, 2, 33.6181812, 72.9574946, 100, 562.6903, 0.2965169, 0, 504, 5.066277
 416304245, 2, 33.6181812, 72.9574946, 100, 562.6903, 0.2956929, 0, 504, 5.066277
 417304678, 2, 33.6181812, 72.9574946, 100, 562.6903, 0.2947965, 0, 504, 5.066277
 418304278, 2, 33.6181812, 72.9574946, 100, 562.6903, 0.2939515, 0, 504, 5.066277
 419304711, 2, 33.6181812, 72.9574946, 100, 562.6903, 0.2931709, 0, 504, 5.066277
 420304311, 2, 33.6181812, 72.9574947, 100, 562.6905, 0.2919245, 0, 504, 5.066277
 421304744, 2, 33.6181812, 72.9574947, 100, 562.6905, 0.291153, 0, 504, 5.066277
 422304344, 2, 33.6181812, 72.9574947, 100, 562.6905, 0.2905231, 0, 504, 5.066277
 423304777, 2, 33.6181812, 72.9574947, 100, 562.6905, 0.2898951, 0, 504, 5.066277
 424304377, 2, 33.6181812, 72.9574947, 100, 562.6905, 0.2887239, 0, 504, 5.066277
 425304810, 2, 33.6181812, 72.9574947, 100, 562.6905, 0.2759957, 0, 504, 5.066277
 426304410, 2, 33.6181812, 72.9574947, 100, 562.6905, 0.270607, 0, 504, 5.066277
 427304843, 2, 33.6181812, 72.9574948, 100, 562.6907, 0.2691321, 0, 504, 5.066277
 428304443, 2, 33.6181812, 72.9574948, 100, 562.6907, 0.2690697, 0, 504, 5.066277
 429304876, 2, 33.6181812, 72.9574948, 100, 562.6907, 0.2693591, 0, 504, 5.066277
 430304476, 2, 33.6181812, 72.9574948, 100, 562.6907, 0.2696185, 0, 504, 5.066277
 431304909, 2, 33.6181812, 72.9574948, 100, 562.6907, 0.2697372, 0, 504, 5.066277
 432304509, 2, 33.6181812, 72.9574948, 100, 562.6907, 0.2696543, 0, 504, 5.066277
 433304942, 2, 33.6181812, 72.9574948, 100, 562.6907, 0.2694478, 0, 504, 5.066277
 434304542, 2, 33.6181812, 72.9574948, 100, 562.6907, 0.2692609, 0, 504, 5.066277
 435304975, 2, 33.6181812, 72.9574948, 100, 562.6907, 0.2689109, 0, 504, 5.066277
 436304575, 2, 33.6181812, 72.9574948, 100, 562.6907, 0.2685709, 0, 504, 5.066277
 437305008, 2, 33.6181812, 72.9574948, 100, 562.6907, 0.2682433, 0, 504, 5.066277
 438304608, 2, 33.6181812, 72.9574948, 100, 562.6907, 0.2679524, 0, 504, 5.066277
