Time,XKTV_C,XKTV_TVS,XKTV_TVD
 75038306, 1, 3.34254E-05, 3.342531E-05
 75161590, 0, 3.491618E-05, 3.491608E-05
 75543937, 1, 3.483915E-05, 3.483906E-05
 75673885, 0, 3.531795E-05, 3.531785E-05
 76051234, 1, 3.727525E-05, 3.727515E-05
 76186180, 0, 3.895101E-05, 3.895091E-05
 76558531, 1, 4.169739E-05, 4.169729E-05
 76698475, 0, 4.342089E-05, 4.342079E-05
 77060830, 1, 4.651936E-05, 4.651927E-05
 77208271, 0, 4.852192E-05, 4.852183E-05
 77566461, 1, 5.184372E-05, 5.184363E-05
 77721399, 0, 5.410578E-05, 5.410571E-05
 78068760, 1, 5.739999E-05, 5.739993E-05
 78233694, 0, 5.996534E-05, 5.99653E-05
 78571059, 1, 6.335606E-05, 6.335603E-05
 78745989, 0, 6.61869E-05, 6.618687E-05
 79083354, 1, 6.965343E-05, 6.965343E-05
 79258284, 0, 7.270084E-05, 7.270087E-05
 79591484, 1, 7.623236E-05, 7.623241E-05
 79771412, 0, 7.947342E-05, 7.947351E-05
 80103779, 1, 8.285373E-05, 8.285386E-05
 80283707, 0, 8.6031E-05, 8.603094E-05
 80606078, 1, 8.904699E-05, 8.904683E-05
 80796002, 0, 9.212187E-05, 9.212153E-05
 81108377, 1, 9.400635E-05, 9.400649E-05
 81305798, 0, 9.693464E-05, 9.693515E-05
 81614008, 1, 0.0001024739, 0.0001024749
 81806431, 0, 0.0001050739, 0.0001050752
 82116307, 1, 0.0001026154, 0.000102617
 82318726, 0, 0.0001030124, 0.000103014
 82623604, 1, 9.698214E-05, 9.698377E-05
 82831021, 0, 9.597897E-05, 9.598053E-05
 83130901, 1, 9.301543E-05, 9.301658E-05
 83340817, 0, 9.213339E-05, 9.213448E-05
 83639031, 1, 8.623405E-05, 8.623488E-05
 83841450, 0, 8.595127E-05, 8.595207E-05
 84151326, 1, 8.490179E-05, 8.490249E-05
 84353745, 0, 8.521906E-05, 8.52197E-05
 84653625, 1, 8.251748E-05, 8.251787E-05
 84866040, 0, 8.368381E-05, 8.36843E-05
 85155924, 1, 8.41061E-05, 8.410649E-05
 85375836, 0, 8.581948E-05, 8.581976E-05
 85661555, 1, 8.492004E-05, 8.492036E-05
 85876469, 0, 8.692177E-05, 8.692207E-05
 86163854, 1, 8.81903E-05, 8.819052E-05
 86388764, 0, 9.051652E-05, 9.051689E-05
 86676149, 1, 9.024134E-05, 9.024163E-05
 86901059, 0, 9.27561E-05, 9.275647E-05
 87178448, 1, 9.392022E-05, 9.39206E-05
 87413354, 0, 9.461478E-05, 9.461527E-05
 87679081, 1, 9.542167E-05, 9.542218E-05
 87926482, 0, 9.798649E-05, 9.798709E-05
 88186378, 1, 9.858959E-05, 9.859027E-05
 88438777, 0, 9.866145E-05, 9.866222E-05
 88688677, 1, 9.884081E-05, 9.884155E-05
 88951072, 0, 0.0001011921, 0.0001011929
 89195974, 1, 0.0001012323, 0.0001012332
 89460868, 0, 0.0001001115, 0.0001001123
 89703271, 1, 9.937964E-05, 9.938052E-05
 89961501, 0, 0.0001008038, 0.0001008049
 90208902, 1, 9.593227E-05, 9.593315E-05
 90473796, 0, 9.699471E-05, 9.699601E-05
 90711201, 1, 9.553962E-05, 9.554088E-05
 90986091, 0, 9.649833E-05, 9.649969E-05
 91213500, 1, 9.075414E-05, 9.075513E-05
 91495887, 0, 9.180749E-05, 9.180867E-05
 91715799, 1, 9.0083E-05, 9.008403E-05
 91996520, 0, 9.125553E-05, 9.125661E-05
 92221430, 1, 8.650965E-05, 8.651059E-05
 92508815, 0, 8.799364E-05, 8.799446E-05
 92726228, 1, 8.690135E-05, 8.690196E-05
 93021110, 0, 8.557361E-05, 8.557432E-05
 93236024, 1, 8.452907E-05, 8.452959E-05
 93530906, 0, 8.638223E-05, 8.638278E-05
 93738323, 1, 8.528559E-05, 8.52861E-05
 94031539, 0, 8.43902E-05, 8.439062E-05
 94243954, 1, 8.34368E-05, 8.343718E-05
 94543834, 0, 8.547365E-05, 8.547404E-05
 94746253, 1, 8.437409E-05, 8.437443E-05
 95056129, 0, 8.390776E-05, 8.390808E-05
 95248552, 1, 8.28335E-05, 8.283381E-05
 95568424, 0, 8.507927E-05, 8.507955E-05
 95758348, 1, 8.396945E-05, 8.396975E-05
 96069057, 0, 8.351562E-05, 8.351594E-05
 96268977, 1, 8.249496E-05, 8.249523E-05
 96581352, 0, 8.459976E-05, 8.46001E-05
 96781272, 1, 8.354905E-05, 8.354944E-05
 97093647, 0, 8.321258E-05, 8.321294E-05
 97283571, 1, 8.216318E-05, 8.216336E-05
 97603443, 0, 8.4386E-05, 8.438625E-05
 97785870, 1, 8.320301E-05, 8.320327E-05
 98104076, 0, 8.295232E-05, 8.295262E-05
 98291501, 1, 8.184318E-05, 8.184347E-05
 98616371, 0, 8.167476E-05, 8.167499E-05
 98793800, 1, 8.277887E-05, 8.27792E-05
 99128666, 0, 8.275143E-05, 8.275172E-05
 99298598, 1, 8.142988E-05, 8.143012E-05
 99638462, 0, 8.140305E-05, 8.140319E-05
 99808394, 1, 8.006274E-05, 8.006283E-05
 100151590, 0, 8.239815E-05, 8.239821E-05
 100316524, 1, 8.097654E-05, 8.097658E-05
 100663885, 0, 8.107301E-05, 8.107309E-05
 100828819, 1, 7.9649E-05, 7.964906E-05
 101176180, 0, 8.206211E-05, 8.206226E-05
 101331118, 1, 8.050862E-05, 8.050877E-05
 101688475, 0, 8.071135E-05, 8.071156E-05
 101833417, 1, 7.906718E-05, 7.906731E-05
 102198271, 0, 8.16686E-05, 8.16688E-05
 102339048, 1, 8.003287E-05, 8.003303E-05
 102711399, 0, 8.03674E-05, 8.036757E-05
 102841347, 1, 7.860304E-05, 7.860319E-05
 103223694, 0, 7.905926E-05, 7.905946E-05
 103353642, 1, 7.945126E-05, 7.945146E-05
 103735989, 0, 8.002407E-05, 8.002439E-05
 103855941, 1, 7.806263E-05, 7.806291E-05
 104248284, 0, 7.871178E-05, 7.871207E-05
 104366570, 1, 7.903564E-05, 7.90359E-05
 104761412, 0, 7.967179E-05, 7.967206E-05
 104876366, 1, 7.772668E-05, 7.77269E-05
 105273707, 0, 7.839294E-05, 7.839313E-05
 105378665, 1, 7.855776E-05, 7.855793E-05
 105786002, 0, 7.933458E-05, 7.933477E-05
 105880964, 1, 7.733069E-05, 7.733083E-05
 106295798, 0, 7.81084E-05, 7.810859E-05
 106394092, 1, 7.816601E-05, 7.81662E-05
 106796431, 0, 7.895193E-05, 7.895208E-05
 106898890, 1, 7.691242E-05, 7.691253E-05
 107308726, 0, 7.775971E-05, 7.775983E-05
 107401189, 1, 7.775203E-05, 7.775216E-05
 107821021, 0, 7.659274E-05, 7.659284E-05
 107903488, 1, 7.649855E-05, 7.649864E-05
 108330817, 0, 7.74957E-05, 7.749569E-05
 108405787, 1, 7.734499E-05, 7.734499E-05
 108831450, 0, 7.621369E-05, 7.621369E-05
 108911418, 1, 7.617944E-05, 7.617942E-05
 109343745, 0, 7.717225E-05, 7.717226E-05
 109413717, 1, 7.504674E-05, 7.504676E-05
 109856040, 0, 7.602583E-05, 7.602588E-05
 109926012, 1, 7.592684E-05, 7.592692E-05
 110365836, 0, 7.69999E-05, 7.699992E-05
 110428311, 1, 7.474666E-05, 7.474668E-05
 110866469, 0, 7.582257E-05, 7.582263E-05
 110933942, 1, 7.564895E-05, 7.564898E-05
 111378764, 0, 7.680244E-05, 7.680253E-05
 111436241, 1, 7.45017E-05, 7.450174E-05
 111891059, 0, 7.575376E-05, 7.575376E-05
 111938540, 1, 7.535628E-05, 7.535629E-05
 112403354, 0, 7.672649E-05, 7.672662E-05
 112443338, 1, 7.428948E-05, 7.428962E-05
 112916482, 0, 7.568789E-05, 7.568816E-05
 112946470, 1, 7.511222E-05, 7.511248E-05
 113428777, 0, 7.465787E-05, 7.465801E-05
 113458765, 1, 7.413466E-05, 7.413481E-05
 113941072, 0, 7.562833E-05, 7.562851E-05
 113961064, 1, 7.500505E-05, 7.50052E-05
 114450868, 0, 7.477911E-05, 7.477922E-05
 114463363, 1, 7.40801E-05, 7.408021E-05
 114951501, 0, 7.595542E-05, 7.59555E-05
 114968994, 1, 7.524197E-05, 7.524203E-05
 115463796, 0, 7.558261E-05, 7.558271E-05
 115471293, 1, 7.476813E-05, 7.476821E-05
 115973592, 1, 7.626299E-05, 7.626302E-05
 115976091, 0, 7.7046E-05, 7.704604E-05
 116485887, 0, 7.681066E-05, 7.681069E-05
 116485887, 1, 7.592994E-05, 7.592994E-05
 116986520, 0, 7.823234E-05, 7.823225E-05
 116994017, 1, 7.73694E-05, 7.73693E-05
 117498815, 0, 7.799001E-05, 7.799E-05
 117506312, 1, 7.71113E-05, 7.711129E-05
 118008611, 1, 8.358704E-05, 8.36044E-05
 118011110, 0, 8.49828E-05, 8.500168E-05
 118510910, 1, 0.0002083306, 0.0002089416
 118520906, 0, 0.0002110049, 0.0002116312
 119016541, 1, 0.0002133089, 0.0002140374
 119021539, 0, 0.0002153974, 0.0002161338
 119518840, 1, 0.0001638906, 0.0001645561
 119533834, 0, 0.0001661404, 0.0001668147
 120031135, 1, 0.0001223682, 0.0001231198
 120046129, 0, 0.0001225542, 0.000123324
 120533434, 1, 0.000115681, 0.0001166175
 120558424, 0, 0.0001171929, 0.0001181557
 121041564, 1, 0.0001119393, 0.0001130994
 121059057, 0, 0.0001133485, 0.0001145318
 121553859, 1, 0.0001184086, 0.000119899
 121571352, 0, 0.0001202481, 0.0001217757
 122056158, 1, 0.0001223131, 0.0001241668
 122083647, 0, 0.0001245595, 0.00012647
 122558457, 1, 0.000132604, 0.0001349991
 122593443, 0, 0.0001314588, 0.0001338188
 123059090, 1, 8.227421E-05, 8.274549E-05
 123094076, 0, 8.320665E-05, 8.364597E-05
 123563888, 1, 8.639885E-05, 8.655107E-05
 123606371, 0, 8.85831E-05, 8.873205E-05
 124066187, 1, 9.127871E-05, 9.151336E-05
 124118666, 0, 9.392789E-05, 9.41933E-05
 124568486, 1, 9.96752E-05, 0.0001003446
 124628462, 0, 9.73406E-05, 9.809828E-05
 125070785, 1, 0.0001202961, 0.0001231297
 125141590, 0, 0.0001331187, 0.0001369016
 125576416, 1, 0.0001321624, 0.0001376275
 125653885, 0, 0.0001101365, 0.000114073
 126078715, 1, 7.600971E-05, 7.7492E-05
 126166180, 0, 7.526246E-05, 7.663326E-05
 126591010, 1, 6.493827E-05, 6.597705E-05
 126678475, 0, 6.181953E-05, 6.280374E-05
 127093309, 1, 5.546394E-05, 5.637042E-05
 127188271, 0, 5.671175E-05, 5.766757E-05
 127598940, 1, 5.081407E-05, 5.181338E-05
 127701399, 0, 4.817291E-05, 4.915961E-05
 128101239, 1, 4.378612E-05, 4.484463E-05
 128213694, 0, 4.207013E-05, 4.311748E-05
 128603538, 1, 4.203037E-05, 4.323197E-05
 128725989, 0, 4.109569E-05, 4.230471E-05
 129108336, 1, 3.864158E-05, 3.979232E-05
 129238284, 0, 3.584486E-05, 3.669149E-05
 129611468, 1, 3.365887E-05, 3.428481E-05
 129751412, 0, 3.509157E-05, 3.573531E-05
 130123763, 1, 3.495853E-05, 3.559873E-05
 130263707, 0, 3.510455E-05, 3.575137E-05
 130626062, 1, 3.494292E-05, 3.55975E-05
 130776002, 0, 3.654191E-05, 3.723601E-05
 131128361, 1, 3.630191E-05, 3.702286E-05
 131285798, 0, 3.671202E-05, 3.746848E-05
 131633992, 1, 3.671489E-05, 3.754455E-05
 131786431, 0, 3.852691E-05, 3.944934E-05
 132136291, 1, 3.887273E-05, 3.993425E-05
 132298726, 0, 3.971118E-05, 4.087558E-05
 132638590, 1, 4.047093E-05, 4.184991E-05
 132811021, 0, 4.153138E-05, 4.305903E-05
 133150885, 1, 4.377931E-05, 4.565254E-05
 133320817, 0, 4.495648E-05, 4.694283E-05
 133659015, 1, 4.616866E-05, 4.83378E-05
 133821450, 0, 4.748279E-05, 4.980784E-05
 134171310, 1, 4.997243E-05, 5.266041E-05
 134333745, 0, 5.11963E-05, 5.406507E-05
 134673609, 1, 5.203791E-05, 5.52179E-05
 134846040, 0, 5.293217E-05, 5.630939E-05
 135175908, 1, 4.518389E-05, 4.704191E-05
 135355836, 0, 4.430001E-05, 4.590097E-05
 135681539, 1, 4.238004E-05, 4.366023E-05
 135856469, 0, 4.251833E-05, 4.372215E-05
 136183838, 1, 4.355792E-05, 4.473862E-05
 136368764, 0, 4.420327E-05, 4.540483E-05
 136696133, 1, 4.345347E-05, 4.462826E-05
 136881059, 0, 4.351998E-05, 4.467253E-05
 137198432, 1, 4.33866E-05, 4.442321E-05
 137393354, 0, 4.292382E-05, 4.383615E-05
 137706562, 1, 4.043084E-05, 4.117035E-05
 137906482, 0, 4.067712E-05, 4.146351E-05
 138218857, 1, 3.976876E-05, 4.0623E-05
 138418777, 0, 4.066684E-05, 4.164287E-05
 138721156, 1, 4.210199E-05, 4.333004E-05
 138931072, 0, 4.360326E-05, 4.507146E-05
 139223455, 1, 4.409996E-05, 4.589202E-05
 139440868, 0, 4.565676E-05, 4.771765E-05
 139724088, 1, 4.695699E-05, 4.930525E-05
 139941501, 0, 4.820571E-05, 5.076471E-05
 140226387, 1, 4.772927E-05, 5.037657E-05
 140453796, 0, 4.924016E-05, 5.210541E-05
 140731185, 1, 5.029602E-05, 5.338978E-05
 140966091, 0, 5.158613E-05, 5.489466E-05
 141233484, 1, 4.848295E-05, 5.134438E-05
 141475887, 0, 4.350677E-05, 4.530919E-05
 141735783, 1, 4.169527E-05, 4.313414E-05
 141976520, 0, 4.151696E-05, 4.279699E-05
 142241414, 1, 3.989119E-05, 4.105266E-05
 142488815, 0, 4.083848E-05, 4.20389E-05
 142743713, 1, 4.103061E-05, 4.22428E-05
 143001110, 0, 4.181748E-05, 4.300772E-05
 143256008, 1, 3.964007E-05, 4.065368E-05
 143510906, 0, 3.980746E-05, 4.067146E-05
 143758307, 1, 4.03069E-05, 4.140522E-05
 144011539, 0, 4.078373E-05, 4.20995E-05
 144263938, 1, 4.229225E-05, 4.392402E-05
 144523834, 0, 4.506386E-05, 4.710854E-05
 144766237, 1, 4.640766E-05, 4.876788E-05
 145036129, 0, 4.761651E-05, 5.028824E-05
 145268536, 1, 4.850173E-05, 5.142865E-05
 145548424, 0, 5.082428E-05, 5.412673E-05
 145770835, 1, 5.140328E-05, 5.489985E-05
 146049057, 0, 5.178239E-05, 5.547095E-05
 146276466, 1, 5.221295E-05, 5.606421E-05
 146561352, 0, 5.439719E-05, 5.862077E-05
 146786262, 1, 5.492219E-05, 5.933561E-05
 147073647, 0, 5.538643E-05, 6.001108E-05
 147291060, 1, 5.566984E-05, 6.04241E-05
 147583443, 0, 5.756747E-05, 6.267193E-05
 147793359, 1, 5.721316E-05, 6.232255E-05
 148084076, 0, 5.672188E-05, 6.17708E-05
 148298990, 1, 5.625066E-05, 6.12051E-05
 148596371, 0, 5.721488E-05, 6.215726E-05
 148801289, 1, 5.636572E-05, 6.114161E-05
 149108666, 0, 5.285091E-05, 5.682344E-05
 149303588, 1, 5.100692E-05, 5.472504E-05
 149618462, 0, 5.111428E-05, 5.521962E-05
 149815883, 1, 5.178175E-05, 5.63645E-05
 150131590, 0, 5.624898E-05, 6.185981E-05
 150324013, 1, 5.614402E-05, 6.15124E-05
 150643885, 0, 5.493414E-05, 5.98687E-05
 150836308, 1, 5.336793E-05, 5.812541E-05
 151156180, 0, 5.235972E-05, 5.687455E-05
 151338607, 1, 4.847768E-05, 5.214868E-05
 151668475, 0, 4.305944E-05, 4.549405E-05
 151840906, 1, 4.308458E-05, 4.574513E-05
 152178271, 0, 4.595618E-05, 4.907953E-05
 152346537, 1, 4.5779E-05, 4.891594E-05
 152691399, 0, 4.753569E-05, 5.09151E-05
 152848836, 1, 4.775307E-05, 5.120852E-05
 153203694, 0, 5.167954E-05, 5.564528E-05
 153358632, 1, 5.189336E-05, 5.594216E-05
 153715989, 0, 5.419811E-05, 5.848516E-05
 153863430, 1, 5.395331E-05, 5.810141E-05
 154228284, 0, 5.46204E-05, 5.875793E-05
 154371560, 1, 5.542941E-05, 5.970966E-05
 154741412, 0, 5.531614E-05, 5.974567E-05
 154883855, 1, 5.40607E-05, 5.84497E-05
 155253707, 0, 5.349938E-05, 5.807843E-05
 155386154, 1, 5.401641E-05, 5.876038E-05
 155766002, 0, 5.034466E-05, 5.425198E-05
 155888453, 1, 4.836281E-05, 5.194397E-05
 156275798, 0, 4.710618E-05, 5.026607E-05
 156396583, 1, 4.73796E-05, 5.048514E-05
 156776431, 0, 4.753797E-05, 5.044444E-05
 156901381, 1, 4.660453E-05, 4.938841E-05
 157288726, 0, 4.681939E-05, 4.957818E-05
 157408678, 1, 4.545983E-05, 4.809879E-05
 157801021, 0, 4.590918E-05, 4.846723E-05
 157910977, 1, 4.405723E-05, 4.641485E-05
 158310817, 0, 4.210526E-05, 4.391176E-05
 158413276, 1, 4.032416E-05, 4.190816E-05
 158811450, 0, 4.2811E-05, 4.486219E-05
 158918907, 1, 4.403326E-05, 4.63331E-05
 159323745, 0, 4.731688E-05, 5.039422E-05
 159421206, 1, 4.685984E-05, 5.006815E-05
 159836040, 0, 5.043517E-05, 5.460621E-05
 159931002, 1, 5.127243E-05, 5.567428E-05
 160345836, 0, 5.423513E-05, 5.952476E-05
 160435800, 1, 5.342309E-05, 5.872532E-05
 160846469, 0, 5.513211E-05, 6.088425E-05
 160941431, 1, 5.546422E-05, 6.126248E-05
 161358764, 0, 5.60566E-05, 6.183727E-05
 161443730, 1, 5.447873E-05, 6.001055E-05
 161871059, 0, 5.586833E-05, 6.161573E-05
 161946029, 1, 5.603347E-05, 6.182131E-05
 162383354, 0, 5.705847E-05, 6.286902E-05
 162448328, 1, 5.518863E-05, 6.070017E-05
 162896482, 0, 5.554458E-05, 6.078905E-05
 162953959, 1, 5.544081E-05, 6.066088E-05
 163408777, 0, 5.43104E-05, 5.902709E-05
 163463755, 1, 5.419756E-05, 5.889157E-05
 163921072, 0, 5.523817E-05, 5.975965E-05
 163968553, 1, 5.503967E-05, 5.953775E-05
 164430868, 0, 5.073237E-05, 5.399066E-05
 164470852, 1, 5.032569E-05, 5.353381E-05
 164931501, 0, 4.997562E-05, 5.294486E-05
 164976483, 1, 4.970154E-05, 5.26605E-05
 165443796, 0, 4.835429E-05, 5.12318E-05
 165478782, 1, 4.807582E-05, 5.095235E-05
 165956091, 0, 4.804795E-05, 5.09217E-05
 165981081, 1, 4.781526E-05, 5.06704E-05
 166465887, 0, 4.502717E-05, 4.739222E-05
 166493376, 1, 4.471475E-05, 4.70373E-05
 166966520, 0, 4.331733E-05, 4.498745E-05
 167001506, 1, 4.300462E-05, 4.461144E-05
 167478815, 0, 4.297556E-05, 4.45286E-05
 167513801, 1, 4.321614E-05, 4.485264E-05
 167991110, 0, 4.798795E-05, 5.052461E-05
 168016100, 1, 4.648123E-05, 4.895911E-05
 168500906, 0, 5.099637E-05, 5.437381E-05
 168518399, 1, 5.075975E-05, 5.413976E-05
 169001539, 0, 5.437338E-05, 5.852297E-05
 169024030, 1, 5.256284E-05, 5.654085E-05
 169513834, 0, 5.527279E-05, 5.986021E-05
 169526329, 1, 5.487289E-05, 5.942521E-05
 170026129, 0, 5.403476E-05, 5.85634E-05
 170036125, 1, 5.365302E-05, 5.81473E-05
 170538424, 0, 5.435259E-05, 5.894967E-05
 170540923, 1, 5.387068E-05, 5.841746E-05
 171039057, 0, 5.309537E-05, 5.751863E-05
 171049053, 1, 5.26285E-05, 5.700633E-05
 171551352, 0, 5.376968E-05, 5.821324E-05
 171561348, 1, 5.336936E-05, 5.777236E-05
 172063647, 0, 5.266169E-05, 5.698826E-05
 172063647, 1, 5.217843E-05, 5.645579E-05
 172565946, 1, 5.28838E-05, 5.732818E-05
 172573443, 0, 5.344186E-05, 5.794549E-05
 173074076, 0, 5.276271E-05, 5.727163E-05
 173074076, 1, 5.226736E-05, 5.67216E-05
 173576375, 1, 4.868587E-05, 5.200162E-05
 173586371, 0, 4.919004E-05, 5.254228E-05
 174086171, 1, 4.615806E-05, 4.880619E-05
 174098666, 0, 4.670744E-05, 4.937906E-05
 174588470, 1, 4.549664E-05, 4.765715E-05
 174608462, 0, 4.452972E-05, 4.66212E-05
 175090769, 1, 4.328931E-05, 4.491575E-05
 175121590, 0, 4.3969E-05, 4.559754E-05
 175596400, 1, 4.503939E-05, 4.683637E-05
 175633885, 0, 4.456161E-05, 4.639388E-05
 176098699, 1, 4.730443E-05, 4.978251E-05
 176146180, 0, 4.846036E-05, 5.106792E-05
 176608495, 1, 5.083321E-05, 5.43492E-05
 176658475, 0, 5.208656E-05, 5.578968E-05
 177113293, 1, 5.593668E-05, 6.078365E-05
 177168271, 0, 5.720386E-05, 6.226793E-05
 177618924, 1, 5.662264E-05, 6.187156E-05
 177681399, 0, 5.75806E-05, 6.294782E-05
 178121223, 1, 5.698405E-05, 6.22579E-05
 178193694, 0, 5.799967E-05, 6.339359E-05
 178623522, 1, 5.551553E-05, 6.054177E-05
 178705989, 0, 5.663915E-05, 6.179909E-05
 179125821, 1, 5.626032E-05, 6.134281E-05
 179218284, 0, 5.559679E-05, 6.055577E-05
 179631452, 1, 5.497355E-05, 5.977834E-05
 179731412, 0, 5.620353E-05, 6.113359E-05
 180136250, 1, 5.547903E-05, 6.021263E-05
 180243707, 0, 5.500178E-05, 5.962298E-05
 180646046, 1, 5.441508E-05, 5.889707E-05
 180756002, 0, 5.580166E-05, 6.042541E-05
 181148345, 1, 5.532197E-05, 5.981328E-05
 181265798, 0, 5.517951E-05, 5.961764E-05
 181653976, 1, 5.493453E-05, 5.928741E-05
 181766431, 0, 5.653432E-05, 6.106409E-05
 182156275, 1, 5.63789E-05, 6.087048E-05
 182278726, 0, 5.642588E-05, 6.090272E-05
 182658574, 1, 5.633459E-05, 6.080381E-05
 182791021, 0, 5.817769E-05, 6.285314E-05
 183168370, 1, 5.795083E-05, 6.25479E-05
 183300817, 0, 5.815041E-05, 6.272829E-05
 183678999, 1, 5.811064E-05, 6.255585E-05
 183801450, 0, 5.996804E-05, 6.456139E-05
 184191294, 1, 5.614273E-05, 5.945618E-05
 184313745, 0, 5.561226E-05, 5.864136E-05
 184693593, 1, 5.522452E-05, 5.785141E-05
 184826040, 0, 5.584297E-05, 5.855411E-05
 185195892, 1, 5.91737E-05, 6.311793E-05
 185335836, 0, 5.869215E-05, 6.31357E-05
 185701523, 1, 5.48944E-05, 5.985026E-05
 185836469, 0, 5.347088E-05, 5.837501E-05
 186203822, 1, 5.122884E-05, 5.572052E-05
 186348764, 0, 4.792303E-05, 5.17408E-05
 186708620, 1, 4.315372E-05, 4.590012E-05
 186861059, 0, 4.421609E-05, 4.726856E-05
 187218416, 1, 4.433885E-05, 4.752981E-05
 187373354, 0, 4.665231E-05, 5.009637E-05
 187726546, 1, 4.78607E-05, 5.181808E-05
 187886482, 0, 4.890661E-05, 5.318748E-05
 188238841, 1, 5.029238E-05, 5.529912E-05
 188398777, 0, 5.293651E-05, 5.851949E-05
 188741140, 1, 5.301112E-05, 5.894381E-05
 188911072, 0, 5.323299E-05, 5.921572E-05
 189243439, 1, 5.189547E-05, 5.764581E-05
 189420868, 0, 5.195331E-05, 5.764308E-05
 189749070, 1, 5.227894E-05, 5.789244E-05
 189921501, 0, 5.234061E-05, 5.78842E-05
 190251369, 1, 5.080578E-05, 5.601226E-05
 190433796, 0, 5.105686E-05, 5.623842E-05
 190763664, 1, 5.135694E-05, 5.645446E-05
 190946091, 0, 5.147883E-05, 5.649028E-05
 191265963, 1, 5.002042E-05, 5.469373E-05
 191455887, 0, 5.02829E-05, 5.487021E-05
 191768262, 1, 5.088967E-05, 5.546024E-05
 191956520, 0, 5.136327E-05, 5.589871E-05
 192273893, 1, 5.047098E-05, 5.477812E-05
 192468815, 0, 5.110113E-05, 5.539653E-05
 192776192, 1, 5.19616E-05, 5.629675E-05
 192981110, 0, 5.274795E-05, 5.709989E-05
 193280990, 1, 5.213208E-05, 5.63764E-05
 193490906, 0, 5.299041E-05, 5.731973E-05
 193790786, 1, 5.10904E-05, 5.482542E-05
 193991539, 0, 5.075737E-05, 5.431336E-05
 194296417, 1, 4.875506E-05, 5.207806E-05
 194503834, 0, 4.880526E-05, 5.209861E-05
 194798716, 1, 4.847786E-05, 5.170877E-05
 195016129, 0, 4.66509E-05, 4.965282E-05
 195301015, 1, 4.59364E-05, 4.872017E-05
 195528424, 0, 4.560809E-05, 4.814201E-05
 195803314, 1, 4.449513E-05, 4.663283E-05
 196029057, 0, 4.228601E-05, 4.4022E-05
 196308945, 1, 4.366718E-05, 4.559076E-05
 196541352, 0, 4.751533E-05, 5.024433E-05
 196811244, 1, 4.836233E-05, 5.150864E-05
 197053647, 0, 5.084409E-05, 5.443057E-05
 197323539, 1, 5.289173E-05, 5.692882E-05
 197563443, 0, 5.513063E-05, 5.956372E-05
 197825838, 1, 5.451326E-05, 5.901954E-05
 198064076, 0, 5.547875E-05, 6.01017E-05
 198331469, 1, 5.539046E-05, 5.999655E-05
 198576371, 0, 5.600104E-05, 6.066708E-05
 198833768, 1, 5.366841E-05, 5.807384E-05
 199088666, 0, 5.435567E-05, 5.883263E-05
 199336067, 1, 5.408309E-05, 5.852829E-05
 199598462, 0, 5.497015E-05, 5.950159E-05
 199843364, 1, 5.256026E-05, 5.679185E-05
 200111590, 0, 5.330547E-05, 5.757368E-05
 200356492, 1, 5.279109E-05, 5.696517E-05
 200623885, 0, 5.180911E-05, 5.582863E-05
 200868787, 1, 5.149207E-05, 5.541369E-05
 201136180, 0, 5.278239E-05, 5.682966E-05
 201371086, 1, 5.250038E-05, 5.652448E-05
 201648475, 0, 5.19247E-05, 5.588937E-05
 201873385, 1, 5.161162E-05, 5.55577E-05
 202158271, 0, 5.294057E-05, 5.706755E-05
 202379016, 1, 5.263904E-05, 5.67698E-05
 202671399, 0, 5.239462E-05, 5.654996E-05
 202881315, 1, 5.212571E-05, 5.632264E-05
 203183694, 0, 5.385437E-05, 5.836213E-05
 203383614, 1, 5.360257E-05, 5.818167E-05
 203695989, 0, 5.382746E-05, 5.856533E-05
 203895909, 1, 5.089493E-05, 5.490973E-05
 204208284, 0, 4.875826E-05, 5.217855E-05
 204404039, 1, 4.901103E-05, 5.22869E-05
 204721412, 0, 4.775274E-05, 5.06403E-05
 204916334, 1, 4.652994E-05, 4.917703E-05
 205233707, 0, 4.533556E-05, 4.767862E-05
 205418633, 1, 4.399566E-05, 4.6139E-05
 205746002, 0, 4.424084E-05, 4.617118E-05
 205920932, 1, 4.278046E-05, 4.449836E-05
 206255798, 0, 4.13554E-05, 4.272978E-05
 206426563, 1, 4.23635E-05, 4.405184E-05
 206756431, 0, 4.841932E-05, 5.131939E-05
 206928862, 1, 4.952389E-05, 5.2813E-05
 207268726, 0, 5.247356E-05, 5.656695E-05
 207441157, 1, 5.326294E-05, 5.768806E-05
 207781021, 0, 5.726694E-05, 6.257069E-05
 207943456, 1, 5.732196E-05, 6.277504E-05
 208290817, 0, 5.767141E-05, 6.319214E-05
 208444089, 1, 5.663628E-05, 6.201882E-05
 208791450, 0, 5.83716E-05, 6.393521E-05
 208951386, 1, 5.730464E-05, 6.271531E-05
 209303745, 0, 5.711557E-05, 6.240419E-05
 209453685, 1, 5.595984E-05, 6.10812E-05
 209816040, 0, 5.580538E-05, 6.080769E-05
 209955984, 1, 5.64509E-05, 6.152348E-05
 210325836, 0, 5.596381E-05, 6.082529E-05
 210468279, 1, 5.460758E-05, 5.927416E-05
 210826469, 0, 5.258654E-05, 5.664739E-05
 210971411, 1, 4.907731E-05, 5.206425E-05
 211338764, 0, 4.493408E-05, 4.672877E-05
 211476209, 1, 4.261179E-05, 4.401191E-05
 211851059, 0, 3.978526E-05, 4.037717E-05
 211978508, 1, 3.973874E-05, 4.014834E-05
 212363354, 0, 3.861605E-05, 3.869272E-05
 212480807, 1, 3.723236E-05, 3.729252E-05
 212876482, 0, 3.812615E-05, 3.851669E-05
 212986438, 1, 3.9227E-05, 3.983961E-05
 213388777, 0, 4.186623E-05, 4.351719E-05
 213488737, 1, 4.032671E-05, 4.19811E-05
 213901072, 0, 3.969917E-05, 4.130517E-05
 214001032, 1, 4.003793E-05, 4.161559E-05
 214410868, 0, 3.838806E-05, 3.969035E-05
 214503331, 1, 3.886826E-05, 4.015697E-05
 214911501, 0, 4.086983E-05, 4.227215E-05
 215008962, 1, 4.013329E-05, 4.157144E-05
 215423796, 0, 4.284092E-05, 4.46078E-05
 215511261, 1, 4.348546E-05, 4.534919E-05
 215936091, 0, 4.61449E-05, 4.860164E-05
 216013560, 1, 4.485793E-05, 4.734822E-05
 216445887, 0, 4.675771E-05, 4.998318E-05
 216515859, 1, 4.733555E-05, 5.074044E-05
 216946520, 0, 4.840134E-05, 5.244618E-05
 217021490, 1, 4.655807E-05, 5.044282E-05
 217458815, 0, 4.681045E-05, 5.088949E-05
 217533785, 1, 4.716192E-05, 5.132676E-05
 217971110, 0, 4.726042E-05, 5.154918E-05
 218036084, 1, 4.523854E-05, 4.928859E-05
 218480906, 0, 4.528795E-05, 4.932698E-05
 218538383, 1, 4.54165E-05, 4.947674E-05
 218981539, 0, 4.545022E-05, 4.944827E-05
 219044014, 1, 4.354418E-05, 4.729221E-05
 219493834, 0, 4.351891E-05, 4.70736E-05
 219546313, 1, 4.351298E-05, 4.706521E-05
 220006129, 0, 4.424979E-05, 4.788824E-05
 220048612, 1, 4.239664E-05, 4.583735E-05
 220518424, 0, 4.318862E-05, 4.670014E-05
 220560907, 1, 4.314241E-05, 4.665874E-05
 221019057, 0, 4.214086E-05, 4.551119E-05
 221069037, 1, 4.216421E-05, 4.554681E-05
 221531352, 0, 4.309068E-05, 4.654314E-05
 221581332, 1, 4.306474E-05, 4.652677E-05
 222043647, 0, 4.247427E-05, 4.584573E-05
 222083631, 1, 4.236824E-05, 4.573943E-05
 222553443, 0, 4.35428E-05, 4.702109E-05
 222585930, 1, 4.33957E-05, 4.686571E-05
 223054076, 0, 4.295704E-05, 4.632996E-05
 223091561, 1, 4.291992E-05, 4.628792E-05
 223566371, 0, 4.28223E-05, 4.582054E-05
 223593860, 1, 4.258571E-05, 4.554138E-05
 224078666, 0, 4.073986E-05, 4.305538E-05
 224106155, 1, 4.044883E-05, 4.271467E-05
 224588462, 0, 3.998982E-05, 4.158762E-05
 224608454, 1, 3.806034E-05, 3.954271E-05
 225101590, 0, 3.754927E-05, 3.828675E-05
 225109087, 1, 3.720621E-05, 3.792131E-05
 225613885, 0, 3.558825E-05, 3.57129E-05
 225616384, 1, 3.519965E-05, 3.532097E-05
 226118683, 1, 3.575586E-05, 3.576409E-05
 226126180, 0, 3.626198E-05, 3.627056E-05
 226620982, 1, 3.498985E-05, 3.512681E-05
 226638475, 0, 3.549546E-05, 3.563834E-05
 227133277, 1, 3.612701E-05, 3.65537E-05
 227148271, 0, 3.663294E-05, 3.707184E-05
 227636409, 1, 3.530584E-05, 3.574081E-05
 227661399, 0, 3.588305E-05, 3.632301E-05
 228141207, 1, 3.641159E-05, 3.676024E-05
 228173694, 0, 3.711443E-05, 3.74617E-05
 228643506, 1, 3.631393E-05, 3.650677E-05
 228685989, 0, 3.715453E-05, 3.733876E-05
 229145805, 1, 3.820694E-05, 3.826414E-05
 229198284, 0, 3.930606E-05, 3.935329E-05
 229651436, 1, 3.885845E-05, 3.885851E-05
 229711412, 0, 3.998506E-05, 3.998502E-05
 230153735, 1, 4.002827E-05, 4.002834E-05
 230223707, 0, 3.930137E-05, 3.930144E-05
 230666030, 1, 3.903224E-05, 3.903263E-05
 230736002, 0, 4.017981E-05, 4.018024E-05
 231168329, 1, 3.963882E-05, 3.963951E-05
 231245798, 0, 3.881744E-05, 3.881814E-05
 231673960, 1, 3.820052E-05, 3.820132E-05
 231746431, 0, 3.930723E-05, 3.930799E-05
 232176259, 1, 3.868422E-05, 3.868494E-05
 232258726, 0, 3.786924E-05, 3.786989E-05
 232678558, 1, 3.718977E-05, 3.719022E-05
 232771021, 0, 3.846318E-05, 3.84636E-05
 233180857, 1, 3.783537E-05, 3.783559E-05
 233280817, 0, 3.710848E-05, 3.710868E-05
 233686488, 1, 3.645752E-05, 3.645768E-05
 233781450, 0, 3.770569E-05, 3.770584E-05
 234198783, 1, 3.725186E-05, 3.725189E-05
 234293745, 0, 3.658874E-05, 3.658874E-05
 234701082, 1, 3.615052E-05, 3.61505E-05
 234806040, 0, 3.742638E-05, 3.742635E-05
 235203381, 1, 3.695057E-05, 3.695053E-05
 235315836, 0, 3.656155E-05, 3.65615E-05
 235709012, 1, 3.624694E-05, 3.624691E-05
 235816469, 0, 3.593095E-05, 3.59309E-05
 236211311, 1, 3.5757E-05, 3.575694E-05
 236328764, 0, 3.720249E-05, 3.720242E-05
 236713610, 1, 3.698007E-05, 3.697999E-05
 236841059, 0, 3.673283E-05, 3.673275E-05
 237225905, 1, 3.629413E-05, 3.629406E-05
 237353354, 0, 3.777671E-05, 3.777662E-05
 237734035, 1, 3.721719E-05, 3.721709E-05
 237866482, 0, 3.693715E-05, 3.693705E-05
 238246330, 1, 3.627118E-05, 3.627108E-05
 238378777, 0, 3.78312E-05, 3.78311E-05
 238748629, 1, 3.702612E-05, 3.702603E-05
 238891072, 0, 3.683833E-05, 3.683825E-05
 239250928, 1, 3.597758E-05, 3.597751E-05
 239400868, 0, 3.769864E-05, 3.769856E-05
 239756559, 1, 3.684484E-05, 3.684475E-05
 239901501, 0, 3.66374E-05, 3.663731E-05
 240258858, 1, 3.575416E-05, 3.575408E-05
 240413796, 0, 3.57115E-05, 3.571141E-05
 240771153, 1, 3.664385E-05, 3.664376E-05
 240926091, 0, 3.661084E-05, 3.661075E-05
 241273452, 1, 3.567078E-05, 3.56707E-05
 241435887, 0, 3.573043E-05, 3.573034E-05
 241774085, 1, 3.651063E-05, 3.651054E-05
 241936520, 0, 3.657316E-05, 3.657307E-05
 242281382, 1, 3.558486E-05, 3.558477E-05
 242448815, 0, 3.56965E-05, 3.569641E-05
 242783681, 1, 3.642158E-05, 3.64215E-05
 242961110, 0, 3.665493E-05, 3.665485E-05
 243285980, 1, 3.560699E-05, 3.560692E-05
 243470906, 0, 3.581946E-05, 3.581939E-05
 243798275, 1, 3.652905E-05, 3.652898E-05
 243971539, 0, 3.669926E-05, 3.669919E-05
 244311403, 1, 3.577548E-05, 3.57754E-05
 244483834, 0, 3.590729E-05, 3.590721E-05
 244818700, 1, 3.486437E-05, 3.486429E-05
 244996129, 0, 3.689286E-05, 3.689278E-05
 245320999, 1, 3.576148E-05, 3.57614E-05
 245508424, 0, 3.611241E-05, 3.611232E-05
 245823298, 1, 3.492853E-05, 3.492844E-05
 246009057, 0, 3.521006E-05, 3.520997E-05
 246328929, 1, 3.581542E-05, 3.581534E-05
 246521352, 0, 3.620798E-05, 3.62079E-05
 246831228, 1, 3.496445E-05, 3.496437E-05
 247033647, 0, 3.542146E-05, 3.542138E-05
 247343523, 1, 3.59056E-05, 3.590552E-05
 247543443, 0, 3.641422E-05, 3.641413E-05
 247845822, 1, 3.504869E-05, 3.504862E-05
 248044076, 0, 3.544286E-05, 3.54428E-05
 248351453, 1, 3.597776E-05, 3.597772E-05
 248556371, 0, 3.638896E-05, 3.638891E-05
 248853752, 1, 3.509343E-05, 3.509339E-05
 249068666, 0, 3.559498E-05, 3.559495E-05
 249356051, 1, 3.595467E-05, 3.595464E-05
 249578462, 0, 3.658624E-05, 3.65862E-05
 249858350, 1, 3.517101E-05, 3.517098E-05
 250091590, 0, 3.580387E-05, 3.580381E-05
 250363981, 1, 3.604014E-05, 3.604007E-05
 250603885, 0, 3.682531E-05, 3.682524E-05
 250871278, 1, 3.529637E-05, 3.52963E-05
 251116180, 0, 3.604422E-05, 3.604413E-05
 251378575, 1, 3.618128E-05, 3.618119E-05
 251628475, 0, 3.527758E-05, 3.52775E-05
 251880874, 1, 3.530368E-05, 3.530362E-05
 252138271, 0, 3.625675E-05, 3.625668E-05
 252386505, 1, 3.622751E-05, 3.622743E-05
 252651399, 0, 3.546525E-05, 3.546515E-05
 252888804, 1, 3.539793E-05, 3.539783E-05
 253163694, 0, 3.646092E-05, 3.646083E-05
 253391103, 1, 3.635118E-05, 3.63511E-05
 253675989, 0, 3.568558E-05, 3.568549E-05
 253903398, 1, 3.553729E-05, 3.553719E-05
 254188284, 0, 3.66989E-05, 3.66988E-05
 254411528, 1, 3.470759E-05, 3.470749E-05
 254701412, 0, 3.593017E-05, 3.593009E-05
 254923823, 1, 3.571856E-05, 3.571851E-05
 255213707, 0, 3.515314E-05, 3.515305E-05
 255426122, 1, 3.487569E-05, 3.487561E-05
 255726002, 0, 3.614188E-05, 3.61418E-05
 255928421, 1, 3.575455E-05, 3.575447E-05
 256235798, 0, 3.536344E-05, 3.536334E-05
 256434052, 1, 3.495007E-05, 3.494998E-05
 256736431, 0, 3.626302E-05, 3.626292E-05
 256936351, 1, 3.580873E-05, 3.580864E-05
 257248726, 0, 3.544669E-05, 3.544661E-05
 257443648, 1, 3.504075E-05, 3.504067E-05
 257761021, 0, 3.643417E-05, 3.643408E-05
 257950945, 1, 3.592929E-05, 3.592921E-05
 258270817, 0, 3.565293E-05, 3.565287E-05
 258451578, 1, 3.505093E-05, 3.505087E-05
 258771450, 0, 3.655215E-05, 3.65521E-05
 258958875, 1, 3.600115E-05, 3.600111E-05
 259283745, 0, 3.577814E-05, 3.577808E-05
 259461174, 1, 3.513462E-05, 3.513457E-05
 259796040, 0, 3.677177E-05, 3.677169E-05
 259963473, 1, 3.608923E-05, 3.608916E-05
 260305836, 0, 3.594064E-05, 3.594056E-05
 260475768, 1, 3.527994E-05, 3.527986E-05
 260806469, 0, 3.681812E-05, 3.681804E-05
 260976401, 1, 3.617808E-05, 3.617801E-05
 261318764, 0, 3.602117E-05, 3.602108E-05
 261483698, 1, 3.534064E-05, 3.534054E-05
 261831059, 0, 3.523372E-05, 3.523362E-05
 261985997, 1, 3.622677E-05, 3.622668E-05
 262343354, 0, 3.624289E-05, 3.62428E-05
 262488296, 1, 3.537532E-05, 3.537523E-05
 262856482, 0, 3.54388E-05, 3.543871E-05
 262993927, 1, 3.628995E-05, 3.628986E-05
 263368777, 0, 3.643202E-05, 3.643193E-05
 263496226, 1, 3.542424E-05, 3.542415E-05
 263881072, 0, 3.56454E-05, 3.564531E-05
 264006022, 1, 3.643882E-05, 3.643873E-05
 264390868, 0, 3.663652E-05, 3.663643E-05
 264510820, 1, 3.558402E-05, 3.558393E-05
 264891501, 0, 3.576865E-05, 3.576858E-05
 265016451, 1, 3.475132E-05, 3.475126E-05
 265403796, 0, 3.677276E-05, 3.677271E-05
 265518750, 1, 3.560916E-05, 3.560912E-05
 265916091, 0, 3.598482E-05, 3.598476E-05
 266021049, 1, 3.477178E-05, 3.477173E-05
 266425887, 0, 3.521081E-05, 3.521075E-05
 266523348, 1, 3.576996E-05, 3.57699E-05
 266926520, 0, 3.611105E-05, 3.611097E-05
 267028979, 1, 3.485098E-05, 3.485092E-05
 267438815, 0, 3.534596E-05, 3.534588E-05
 267536276, 1, 3.583784E-05, 3.583777E-05
 267951110, 0, 3.630543E-05, 3.630535E-05
 268043573, 1, 3.496002E-05, 3.495994E-05
 268460906, 0, 3.552118E-05, 3.55211E-05
 268545872, 1, 3.584339E-05, 3.584332E-05
 268961539, 0, 3.641886E-05, 3.641881E-05
 269051503, 1, 3.504553E-05, 3.504549E-05
 269473834, 0, 3.565589E-05, 3.565581E-05
 269553802, 1, 3.591567E-05, 3.591559E-05
 269986129, 0, 3.665242E-05, 3.665235E-05
 270056101, 1, 3.505398E-05, 3.505392E-05
 270498424, 0, 3.588379E-05, 3.588372E-05
 270565897, 1, 3.602729E-05, 3.602721E-05
 270999057, 0, 3.676934E-05, 3.676925E-05
 271076526, 1, 3.522512E-05, 3.522504E-05
 271511352, 0, 3.600723E-05, 3.600713E-05
 271588821, 1, 3.623307E-05, 3.623297E-05
 272023647, 0, 3.52267E-05, 3.522662E-05
 272091120, 1, 3.537037E-05, 3.53703E-05
 272533443, 0, 3.622001E-05, 3.621991E-05
 272593419, 1, 3.624786E-05, 3.624777E-05
 273034076, 0, 3.532533E-05, 3.532525E-05
 273099050, 1, 3.544302E-05, 3.544292E-05
 273546371, 0, 3.629866E-05, 3.629856E-05
 273601349, 1, 3.633719E-05, 3.63371E-05
 274058666, 0, 3.55223E-05, 3.552222E-05
 274108646, 1, 3.558574E-05, 3.558566E-05
 274568462, 0, 3.651967E-05, 3.651957E-05
 274615943, 1, 3.471792E-05, 3.471782E-05
 275081590, 0, 3.566851E-05, 3.56684E-05
 275124073, 1, 3.571753E-05, 3.571743E-05
 275593885, 0, 3.666351E-05, 3.666344E-05
 275636368, 1, 3.491756E-05, 3.491749E-05
 276106180, 0, 3.587013E-05, 3.587004E-05
 276138667, 1, 3.581059E-05, 3.581049E-05
 276618475, 0, 3.51027E-05, 3.510265E-05
 276640966, 1, 3.495542E-05, 3.495538E-05
 277128271, 0, 3.608436E-05, 3.608428E-05
 277150762, 1, 3.589567E-05, 3.589559E-05
 277641399, 0, 3.533194E-05, 3.533185E-05
 277661391, 1, 3.517704E-05, 3.517695E-05
 278153694, 0, 3.628808E-05, 3.628801E-05
 278173686, 1, 3.60901E-05, 3.609004E-05
 278665989, 0, 3.551025E-05, 3.55102E-05
 278675985, 1, 3.524003E-05, 3.523999E-05
 279178284, 0, 3.652145E-05, 3.652139E-05
 279178284, 1, 3.612163E-05, 3.612158E-05
 279683915, 1, 3.532384E-05, 3.532378E-05
 279691412, 0, 3.576474E-05, 3.576469E-05
 280186214, 1, 3.620312E-05, 3.620305E-05
 280203707, 0, 3.676239E-05, 3.676231E-05
 280693511, 1, 3.547028E-05, 3.547019E-05
 280716002, 0, 3.598206E-05, 3.598197E-05
 281200808, 1, 3.636369E-05, 3.63636E-05
 281225798, 0, 3.520699E-05, 3.52069E-05
 281706439, 1, 3.550542E-05, 3.550535E-05
 281726431, 0, 3.610933E-05, 3.610925E-05
 282208738, 1, 3.467712E-05, 3.467706E-05
 282238726, 0, 3.5336E-05, 3.533594E-05
 282711037, 1, 3.558364E-05, 3.558357E-05
 282751021, 0, 3.629184E-05, 3.629177E-05
 283213336, 1, 3.474777E-05, 3.474769E-05
 283260817, 0, 3.551678E-05, 3.551669E-05
 283718967, 1, 3.563149E-05, 3.56314E-05
 283761450, 0, 3.641603E-05, 3.641595E-05
 284221266, 1, 3.468297E-05, 3.468289E-05
 284273745, 0, 3.547624E-05, 3.547615E-05
 284733561, 1, 3.53706E-05, 3.537052E-05
 284786040, 0, 3.621965E-05, 3.621957E-05
 285235860, 1, 3.424915E-05, 3.424909E-05
 285295836, 0, 3.514421E-05, 3.514414E-05
 285741491, 1, 3.508517E-05, 3.508511E-05
 285796469, 0, 3.597114E-05, 3.597106E-05
 286243790, 1, 3.420339E-05, 3.420331E-05
 286308764, 0, 3.522209E-05, 3.5222E-05
 286746089, 1, 3.51101E-05, 3.511E-05
 286821059, 0, 3.454608E-05, 3.454597E-05
 287253386, 1, 3.452916E-05, 3.452907E-05
 287333354, 0, 3.563373E-05, 3.563363E-05
 287754019, 1, 3.54078E-05, 3.540772E-05
 287846482, 0, 3.495749E-05, 3.49574E-05
 288266314, 1, 3.47562E-05, 3.47561E-05
 288358777, 0, 3.60247E-05, 3.60246E-05
 288768613, 1, 3.551422E-05, 3.551413E-05
 288871072, 0, 3.511167E-05, 3.511158E-05
 289270912, 1, 3.46319E-05, 3.463181E-05
 289380868, 0, 3.603747E-05, 3.603738E-05
 289776543, 1, 3.558521E-05, 3.558513E-05
 289881501, 0, 3.512658E-05, 3.51265E-05
 290278842, 1, 3.474028E-05, 3.47402E-05
 290393796, 0, 3.617941E-05, 3.617932E-05
 290783640, 1, 3.586665E-05, 3.586657E-05
 290906091, 0, 3.543209E-05, 3.543201E-05
 291293436, 1, 3.480122E-05, 3.480115E-05
 291415887, 0, 3.438369E-05, 3.438361E-05
 291801566, 1, 3.563867E-05, 3.563858E-05
 291916520, 0, 3.503227E-05, 3.503218E-05
 292313861, 1, 3.429994E-05, 3.429986E-05
 292428815, 0, 3.372115E-05, 3.372107E-05
 292816160, 1, 3.288269E-05, 3.288262E-05
 292941110, 0, 3.439646E-05, 3.439639E-05
 293318459, 1, 3.344892E-05, 3.344885E-05
 293450906, 0, 3.309417E-05, 3.30941E-05
 293826589, 1, 3.225261E-05, 3.225253E-05
 293951539, 0, 3.375496E-05, 3.375489E-05
 294338884, 1, 3.308016E-05, 3.308009E-05
 294463834, 0, 3.263332E-05, 3.263325E-05
 294851179, 1, 3.200256E-05, 3.200249E-05
 294976129, 0, 3.351354E-05, 3.351346E-05
 295353478, 1, 3.280067E-05, 3.28006E-05
 295488424, 0, 3.256018E-05, 3.256011E-05
 295855777, 1, 3.18053E-05, 3.180523E-05
 295989057, 0, 3.342425E-05, 3.342418E-05
 296361408, 1, 3.274814E-05, 3.274807E-05
 296501352, 0, 3.25774E-05, 3.257733E-05
 296863707, 1, 3.184721E-05, 3.184714E-05
 297013647, 0, 3.175937E-05, 3.17593E-05
 297366006, 1, 3.290134E-05, 3.290127E-05
 297523443, 0, 3.281223E-05, 3.281216E-05
 297878301, 1, 3.200344E-05, 3.200337E-05
 298024076, 0, 3.189917E-05, 3.18991E-05
 298383932, 1, 3.30148E-05, 3.301473E-05
 298536371, 0, 3.297971E-05, 3.297964E-05
 298886231, 1, 3.213697E-05, 3.21369E-05
 299048666, 0, 3.218393E-05, 3.218386E-05
 299388530, 1, 3.309955E-05, 3.309948E-05
 299558462, 0, 3.324414E-05, 3.324407E-05
 299890829, 1, 3.219281E-05, 3.219274E-05
 300071590, 0, 3.243098E-05, 3.243091E-05
 300396460, 1, 3.318568E-05, 3.318562E-05
 300583885, 0, 3.350813E-05, 3.350806E-05
 300898759, 1, 3.235967E-05, 3.23596E-05
 301096180, 0, 3.268855E-05, 3.268848E-05
 301411054, 1, 3.151363E-05, 3.151356E-05
 301608475, 0, 3.188148E-05, 3.18814E-05
 301913353, 1, 3.244125E-05, 3.244117E-05
 302118271, 0, 3.285422E-05, 3.285415E-05
 302418984, 1, 3.153463E-05, 3.153455E-05
 302631399, 0, 3.200933E-05, 3.200925E-05
 302921283, 1, 3.248036E-05, 3.248028E-05
 303143694, 0, 3.30374E-05, 3.303732E-05
 303423582, 1, 3.160715E-05, 3.160707E-05
 303655989, 0, 3.220253E-05, 3.220245E-05
 303928380, 1, 3.26552E-05, 3.265512E-05
 304168284, 0, 3.325348E-05, 3.325339E-05
 304431512, 1, 3.164141E-05, 3.164132E-05
 304681412, 0, 3.243527E-05, 3.243519E-05
 304943807, 1, 3.265369E-05, 3.26536E-05
 305193707, 0, 3.347599E-05, 3.347589E-05
